activity_id,molecule_chembl_id,SMILES,standard_value,standard_units,standard_relation,pchembl_value,assay_chembl_id,assay_description,IC50_mM,MaxAbsEStateIndex,MaxEStateIndex,MinAbsEStateIndex,MinEStateIndex,qed,SPS,MolWt,HeavyAtomMolWt,ExactMolWt,NumValenceElectrons,MaxPartialCharge,MinPartialCharge,MaxAbsPartialCharge,MinAbsPartialCharge,FpDensityMorgan1,FpDensityMorgan2,FpDensityMorgan3,BCUT2D_MWHI,BCUT2D_MWLOW,BCUT2D_CHGHI,BCUT2D_CHGLO,BCUT2D_LOGPHI,BCUT2D_LOGPLOW,BCUT2D_MRHI,BCUT2D_MRLOW,AvgIpc,BalabanJ,BertzCT,Chi0,Chi0n,Chi0v,Chi1,Chi1n,Chi1v,Chi2n,Chi2v,Chi3n,Chi3v,Chi4n,Chi4v,HallKierAlpha,Ipc,Kappa1,Kappa2,Kappa3,LabuteASA,PEOE_VSA1,PEOE_VSA10,PEOE_VSA11,PEOE_VSA12,PEOE_VSA13,PEOE_VSA14,PEOE_VSA2,PEOE_VSA3,PEOE_VSA4,PEOE_VSA5,PEOE_VSA6,PEOE_VSA7,PEOE_VSA8,PEOE_VSA9,SMR_VSA1,SMR_VSA10,SMR_VSA2,SMR_VSA3,SMR_VSA4,SMR_VSA5,SMR_VSA6,SMR_VSA7,SMR_VSA9,SlogP_VSA1,SlogP_VSA10,SlogP_VSA11,SlogP_VSA12,SlogP_VSA2,SlogP_VSA3,SlogP_VSA4,SlogP_VSA5,SlogP_VSA6,SlogP_VSA7,SlogP_VSA8,TPSA,EState_VSA1,EState_VSA10,EState_VSA11,EState_VSA2,EState_VSA3,EState_VSA4,EState_VSA5,EState_VSA6,EState_VSA7,EState_VSA8,EState_VSA9,VSA_EState1,VSA_EState10,VSA_EState2,VSA_EState3,VSA_EState4,VSA_EState5,VSA_EState6,VSA_EState7,VSA_EState8,VSA_EState9,FractionCSP3,HeavyAtomCount,NHOHCount,NOCount,NumAliphaticCarbocycles,NumAliphaticHeterocycles,NumAliphaticRings,NumAromaticCarbocycles,NumAromaticHeterocycles,NumAromaticRings,NumHAcceptors,NumHDonors,NumHeteroatoms,NumRotatableBonds,NumSaturatedCarbocycles,NumSaturatedHeterocycles,NumSaturatedRings,RingCount,MolLogP,MolMR,fr_Al_COO,fr_Al_OH,fr_Al_OH_noTert,fr_ArN,fr_Ar_COO,fr_Ar_N,fr_Ar_NH,fr_Ar_OH,fr_COO,fr_COO2,fr_C_O,fr_C_O_noCOO,fr_C_S,fr_HOCCN,fr_Imine,fr_NH0,fr_NH1,fr_NH2,fr_Ndealkylation1,fr_Ndealkylation2,fr_Nhpyrrole,fr_aldehyde,fr_alkyl_carbamate,fr_alkyl_halide,fr_allylic_oxid,fr_amide,fr_amidine,fr_aniline,fr_aryl_methyl,fr_azo,fr_benzene,fr_bicyclic,fr_epoxide,fr_ester,fr_ether,fr_furan,fr_guanido,fr_halogen,fr_hdrzine,fr_hdrzone,fr_imidazole,fr_imide,fr_ketone,fr_ketone_Topliss,fr_lactone,fr_methoxy,fr_morpholine,fr_nitrile,fr_nitro,fr_nitro_arom,fr_nitro_arom_nonortho,fr_oxazole,fr_oxime,fr_para_hydroxylation,fr_phenol,fr_phenol_noOrthoHbond,fr_piperdine,fr_piperzine,fr_priamide,fr_pyridine,fr_quatN,fr_sulfide,fr_sulfonamd,fr_sulfone,fr_term_acetylene,fr_tetrazole,fr_thiazole,fr_thiophene,fr_unbrch_alkane,fr_urea,source,target_chembl_id,simfilter_threshold
24977726,CHEMBL5288812,COc1cc(O)c2c(=O)c(O)c(-c3cc(O)c(O)c(O)c3)oc2c1,300.0,nM,=,6.52,CHEMBL5225108,Inhibition of N-terminal GST-tagged recombinant full length SARS-CoV-2 3CL protease expressed in Escherichia coli BL21 (DE3) cells using MCA-AVLQSGFR-Lys(Dnp)-Lys-NH2 as fluorogenic substrate preincubated for 10 mins followed by substrate addition and measured for 10 mins by FRET assay,0.0003019951720402,12.294447436381962,12.294447436381962,0.0540650982615265,-0.9042058767951622,0.4487340035948868,10.875,332.26400000000007,320.16800000000006,332.05321734399996,124.0,0.2382886045572992,-0.5068904751401954,0.5068904751401954,0.2382886045572992,0.875,1.5,2.0833333333333335,16.466751984837014,10.079176878231594,2.20510763096872,-2.0963235928916544,2.4158072667107633,-2.029748909773903,5.880662600740936,0.3675548825721856,2.54286413014072,2.3755535310205347,995.7367510987012,17.593493648205172,12.270213925649884,12.270213925649884,11.328606258093462,6.652179936899989,6.652179936899989,4.991681104574066,4.991681104574066,3.4916771839022624,3.4916771839022624,2.313484436171779,2.313484436171779,-3.55,224555.24560446668,15.34969791816509,5.268413665923318,2.2073179344276137,133.58615688623257,34.686650865056926,22.46826802267485,23.008782918726155,11.178302225184446,0.0,0.0,4.794537184071822,0.0,0.0,0.0,0.0,12.13273413692322,17.696185628620217,7.109797541277533,34.686650865056926,10.969244356107035,0.0,0.0,0.0,0.0,7.109797541277533,34.4887958498188,45.82076991027487,10.16565334570059,0.0,34.49707099970343,0.0,32.64243451548106,0.0,0.0,0.0,33.47715639497161,0.0,22.29294326667848,140.59000000000003,34.17634955832006,30.327174158275348,0.0,28.042455099962385,0.0,12.13273413692322,19.242531678200752,0.0,0.0,0.0,9.154013890853395,10.413966451734758,0.0,12.294447436381962,48.255687649141386,-1.030766723356008,-3.478971332232514,4.521742266338226,0.0,0.0,1.357227585325529,0.0625,24.0,5.0,8.0,0.0,0.0,0.0,2.0,1.0,3.0,8.0,5.0,8.0,2.0,0.0,0.0,0.0,3.0,1.9966000000000008,82.79599999999999,0.0,0.0,0.0,0.0,0.0,0.0,0.0,5.0,0.0,0.0,0.0,0.0,0.0,0.0,0.0,0.0,0.0,0.0,0.0,0.0,0.0,0.0,0.0,0.0,0.0,0.0,0.0,0.0,0.0,0.0,2.0,1.0,0.0,0.0,1.0,0.0,0.0,0.0,0.0,0.0,0.0,0.0,0.0,0.0,0.0,1.0,0.0,0.0,0.0,0.0,0.0,0.0,0.0,0.0,4.0,4.0,0.0,0.0,0.0,0.0,0.0,0.0,0.0,0.0,0.0,0.0,0.0,0.0,0.0,0.0,chembl_mpro_simfilter_potent,CHEMBL4523582,0.859375
25921842,CHEMBL5574214,Cc1ccc(OCCN)cc1C(=O)N[C@H](C)c1cccc(-c2cnn(Cc3ccccc3)c2)c1,1030.0,nM,=,5.99,CHEMBL5528733,Inhibition of C-terminal His-tagged SARS-CoV-2 BetaCoV/Wuhan/WIV04/2019 PLpro expressed in Escherichia coli BL21 (DE3) cells preincubated for 30 mins followed by substrate addition and measured after 1 hrs by FRET assay,0.0010232929922807,13.002406204186196,13.002406204186196,0.1349238716050376,-0.1668241149382934,0.3828764603751281,11.735294117647058,454.5740000000002,424.33400000000023,454.2368762,174.0,0.2516570109369488,-0.4922565201426836,0.4922565201426836,0.2516570109369488,1.0588235294117647,1.8823529411764703,2.676470588235294,16.477309150753598,10.010727420882866,2.152222165547257,-2.166823320178408,2.241892758343903,-2.2697328543452295,5.9587259643361765,0.0938517862400424,3.3234820802469582,1.461412205485951,1250.2680290428293,23.9156383156272,19.569848422521304,19.569848422521304,16.52920844090216,11.443486138477317,11.443486138477317,8.346665635361338,8.346665635361338,5.728443272658202,5.728443272658202,3.827190548782943,3.827190548782943,-3.8999999999999986,67306414.62917542,23.264648004308103,10.81194376085187,5.713417460084552,199.9293342055975,15.787319034968563,12.356393797796825,0.0,0.0,5.907179729351506,0.0,9.476340119217006,0.0,5.098681808301038,0.0,54.59730361615449,54.300381571554055,23.86850296091964,18.783440806673617,9.53140013787187,5.907179729351506,0.0,15.097273347452552,5.733667477162185,26.434071634441786,13.151638370425491,107.4438979315535,16.876414816677897,15.787319034968563,0.0,5.749511833283905,0.0,28.839302843223223,6.544756405912575,6.923737199690624,40.01392117969839,85.19009196476549,0.0,11.126902983393991,82.16999999999999,0.0,4.794537184071822,0.0,11.949020558499466,24.46460169540639,28.79856237270056,5.563451491696996,6.06636706846161,73.38753395698386,34.68093868615381,10.470530430962237,7.517392403614986,0.0,13.002406204186196,7.629986782478995,11.331771147617728,0.5070808668892379,23.79250664641285,3.9236721195168305,5.461850495949845,0.0,0.2142857142857142,34.0,3.0,6.0,0.0,0.0,0.0,3.0,1.0,4.0,4.0,2.0,6.0,9.0,0.0,0.0,0.0,4.0,4.735320000000003,134.8165999999999,0.0,0.0,0.0,0.0,0.0,2.0,0.0,0.0,0.0,0.0,1.0,1.0,0.0,0.0,0.0,2.0,1.0,1.0,0.0,0.0,0.0,0.0,0.0,0.0,0.0,1.0,0.0,0.0,1.0,0.0,3.0,0.0,0.0,0.0,1.0,0.0,0.0,0.0,0.0,0.0,0.0,0.0,0.0,0.0,0.0,0.0,0.0,0.0,0.0,0.0,0.0,0.0,0.0,0.0,0.0,0.0,0.0,0.0,0.0,0.0,0.0,0.0,0.0,0.0,0.0,0.0,0.0,0.0,0.0,0.0,chembl_mpro_simfilter_potent,CHEMBL4523582,0.859375
25996614,CHEMBL5573244,O=C(O)CCCCCCCN1C(=O)/C(=C2/C(=O)Nc3ccccc32)c2cc(Br)ccc21,1210.0,nM,=,5.92,CHEMBL5551944,Inhibition of recombinant SARS-CoV-2 main protease expressed in Escherichia coli BL21 DE3 expression cells using MCA-AVLQSGFR-Lys(Dnp)-Lys-NH2 as substrate incubated for 10 to 15 mins followed by substrate addition by FRET assay,0.0012022644346174,13.464796538488368,13.464796538488368,0.1520090175009907,-0.760628659017683,0.4049900503833152,17.0,483.36200000000014,460.1780000000002,482.084119316,160.0,0.30283955653225,-0.4812303897852169,0.4812303897852169,0.30283955653225,0.935483870967742,1.6774193548387095,2.4838709677419355,79.9187312979124,9.962345424854526,2.385887142155796,-2.1679315205924947,2.4496040576687057,-2.2764363503085514,9.103011517901663,-0.1367186319141126,3.19134437203395,1.5650616178090284,1092.7369251828338,21.957454678884098,16.988335888033948,18.574332427148654,14.969234250586762,10.457340362962668,11.25033863252002,7.779474953628843,8.695150482420532,5.6717784488052745,6.165030087522315,4.2089561858270015,4.570041446284483,-2.9299999999999984,12597372.355014443,21.307692352235975,9.057225945253222,4.277118292210399,188.62258087085772,15.323225729697512,0.0,0.0,0.0,11.814359458703011,5.969305287951848,14.383611552215466,0.0,0.0,0.0,53.39150997211221,37.10711151969846,34.25258680274855,16.833595334822096,19.49013894705617,56.23459025410987,0.0,0.0,0.0,38.524929737556064,16.761454740769384,58.06419197845768,0.0,10.216698334856808,11.374772549367124,0.0,15.929943897949348,29.43494854740814,14.383611552215466,0.0,49.651832720950054,46.93728899506368,0.0,11.146209060138531,86.71000000000001,5.969305287951848,14.383611552215466,0.0,18.23518108162902,24.111787088977117,52.65768154029757,0.0,4.899909730850477,42.46456947923127,21.24673250195568,5.106527394840706,0.8510377205800188,3.4909908777378287,38.60359200863482,11.579710654852107,3.92961769226822,-1.1665673070766411,13.136373119570296,4.429965329805229,0.5619465702947845,0.0,0.2916666666666667,31.0,2.0,6.0,0.0,2.0,2.0,2.0,0.0,2.0,3.0,2.0,7.0,8.0,0.0,0.0,0.0,4.0,5.0838000000000045,123.71850000000003,1.0,0.0,0.0,0.0,0.0,0.0,0.0,0.0,1.0,1.0,3.0,2.0,0.0,0.0,0.0,1.0,1.0,0.0,0.0,0.0,0.0,0.0,0.0,0.0,0.0,2.0,0.0,2.0,0.0,0.0,2.0,2.0,0.0,0.0,0.0,0.0,0.0,1.0,0.0,0.0,0.0,0.0,0.0,0.0,0.0,0.0,0.0,0.0,0.0,0.0,0.0,0.0,0.0,1.0,0.0,0.0,0.0,0.0,0.0,0.0,0.0,0.0,0.0,0.0,0.0,0.0,0.0,0.0,4.0,0.0,chembl_mpro_simfilter_potent,CHEMBL4523582,0.859375
25921836,CHEMBL5569062,Cc1ccc(OCCN)cc1C(=O)N[C@H](C)c1cccc(-c2cnn(C(F)F)c2)c1,1140.0,nM,=,5.94,CHEMBL5528733,Inhibition of C-terminal His-tagged SARS-CoV-2 BetaCoV/Wuhan/WIV04/2019 PLpro expressed in Escherichia coli BL21 (DE3) cells preincubated for 30 mins followed by substrate addition and measured after 1 hrs by FRET assay,0.0011481536214968,12.820443460709969,12.820443460709969,0.2276653174533762,-2.687056143680592,0.5818935379076997,12.066666666666666,414.4560000000001,390.26400000000007,414.186732448,158.0,0.3327388459578571,-0.4922565201426836,0.4922565201426836,0.3327388459578571,1.2333333333333334,2.033333333333333,2.7333333333333334,19.28193234273756,10.010975409281777,2.15624393627453,-2.1667504917468925,2.2489028573777197,-2.2697336510699033,5.95867364430424,0.0566230607477255,3.236473594230489,1.7558841038179864,1019.8770638832792,21.672997628507925,16.809269510594703,16.809269510594703,14.384249150759294,9.55765604956339,9.55765604956339,6.921157527438915,6.921157527438915,4.709286558674033,4.709286558674033,3.0514435914561333,3.0514435914561333,-3.259999999999999,6212061.524977246,21.448896840582112,9.4921782227611,5.012805725930787,173.203310805386,15.787319034968563,12.356393797796825,0.0,0.0,5.907179729351506,6.549379527845757,4.794537184071822,4.681802935145184,13.879511903650677,0.0,24.26546827384644,48.73693007985706,23.86850296091964,12.238684400761038,18.31223023322151,5.907179729351506,0.0,15.097273347452552,5.733667477162185,26.438694756374968,13.151638370425491,71.54861109754842,16.876414816677897,15.787319034968563,8.78083009534964,5.749511833283905,0.0,28.839302843223223,0.0,6.923737199690624,40.99984921584715,54.858256622457425,0.0,11.126902983393991,82.16999999999999,6.549379527845757,13.575367279421462,0.0,11.949020558499466,34.709856122248574,16.690354475090988,12.393687143226153,12.13273413692322,44.179309741689295,10.415470412307368,10.470530430962237,31.666171986488617,0.0,12.820443460709969,6.649765041542691,8.9743981666769,0.3574202961617638,12.385839708746143,2.688440638035349,1.7908540349719022,0.0,0.2727272727272727,30.0,3.0,6.0,0.0,0.0,0.0,2.0,1.0,3.0,4.0,2.0,8.0,8.0,0.0,0.0,0.0,3.0,4.082120000000002,110.52560000000004,0.0,0.0,0.0,0.0,0.0,2.0,0.0,0.0,0.0,0.0,1.0,1.0,0.0,0.0,0.0,2.0,1.0,1.0,0.0,0.0,0.0,0.0,0.0,2.0,0.0,1.0,0.0,0.0,1.0,0.0,2.0,0.0,0.0,0.0,1.0,0.0,0.0,2.0,0.0,0.0,0.0,0.0,0.0,0.0,0.0,0.0,0.0,0.0,0.0,0.0,0.0,0.0,0.0,0.0,0.0,0.0,0.0,0.0,0.0,0.0,0.0,0.0,0.0,0.0,0.0,0.0,0.0,0.0,0.0,0.0,chembl_mpro_simfilter_potent,CHEMBL4523582,0.859375
26014165,CHEMBL5589705,Cc1ccc(NC2CNC2)cc1C(=O)N[C@H](C)c1cccc(-c2cc3ccccc3s2)c1,1130.0,nM,=,5.95,CHEMBL5578428,Inhibition of N-terminal his-tagged SARS CoV-2 PL protease (1564 to 1878 residues) expressed in BL21 (DE3) cells using Z-RLRGG-AMC as substrate preincubated for 10 mins followed by substrate addition and measured for 15 mins by fluorescence based analysis,0.0011220184543019,13.093948902895512,13.093948902895512,0.0438429752066116,-0.0938187620727311,0.3569944811734345,14.6875,441.60000000000014,414.38400000000024,441.187483484,162.0,0.2515960963969782,-0.3797262858974603,0.3797262858974603,0.2515960963969782,1.03125,1.875,2.65625,32.1335329987499,10.020388813277922,2.183176678760536,-2.288629566509177,2.3398701901146133,-2.510008407844458,7.217946308634428,0.093903209630053,3.214709536800578,1.333383568771302,1241.8879024525486,22.078775022443736,18.313613911955585,19.13011049288331,15.563683283512807,11.043453085921891,11.859949666849618,8.498298656027863,9.582075612514686,6.078729288855388,7.243894108959576,4.02599368345297,5.0850546996014625,-3.149999999999998,24576026.852472022,20.73602313453755,8.768996472125865,4.266241382610603,192.2274916318866,15.950365812018994,0.0,0.0,0.0,5.907179729351506,0.0,4.794537184071822,0.0,0.0,11.336785877934735,42.46456947923127,66.25588843124508,33.917417688376105,12.08368165829592,4.794537184071822,33.0174960129037,0.0,10.633577208012662,0.0,25.93115605767717,18.40630141583148,89.48675929663034,10.440598685398296,15.950365812018994,5.687386274683562,0.0,11.336785877934735,25.038533370324615,0.0,6.923737199690624,34.4504696880014,72.79640482153933,0.0,20.52674281633219,53.16,0.0,4.794537184071822,0.0,11.949020558499466,6.041840829147961,35.4672535615997,20.52674281633219,11.336785877934735,32.046575604766076,70.54766942817349,0.0,1.2878729460930856,1.7976940914339972,14.33624582252066,11.194396970644808,4.967159634196973,-0.0438429752066116,25.51512760309725,0.0,5.945345907219842,0.0,0.2222222222222222,32.0,3.0,4.0,0.0,1.0,1.0,3.0,1.0,4.0,4.0,3.0,5.0,6.0,0.0,1.0,1.0,5.0,5.751420000000005,134.60159999999993,0.0,0.0,0.0,0.0,0.0,0.0,0.0,0.0,0.0,0.0,1.0,1.0,0.0,0.0,0.0,0.0,3.0,0.0,0.0,0.0,0.0,0.0,0.0,0.0,0.0,1.0,0.0,1.0,1.0,0.0,3.0,1.0,0.0,0.0,0.0,0.0,0.0,0.0,0.0,0.0,0.0,0.0,0.0,0.0,0.0,0.0,0.0,0.0,0.0,0.0,0.0,0.0,0.0,0.0,0.0,0.0,0.0,0.0,0.0,0.0,0.0,0.0,0.0,0.0,0.0,0.0,0.0,1.0,0.0,0.0,chembl_mpro_simfilter_potent,CHEMBL4523582,0.859375
24839619,CHEMBL5204604,O=C(Cn1sc2cc(F)ccc2c1=O)Nc1cccc(C(F)(F)F)c1,250.0,nM,=,6.6,CHEMBL5145098,Inhibition of SARS-CoV-2 main protease using Mca-AVLQSGFRK(Dnp)K as substrate preincubated with enzyme for 10 mins followed by substrate addition and measured every 30 secs for 10 mins by fluorescence based analysis,0.0002511886431509,13.185957886178707,13.185957886178707,0.0277504304190809,-4.520610190480684,0.7121142840593959,11.68,370.327,360.247,370.03991144,130.0,0.4159855164647164,-0.3244905061649958,0.4159855164647164,0.3244905061649958,1.16,1.92,2.64,32.13720104234063,10.166874547872071,2.3003995259070074,-2.0939061947906676,2.302076695472628,-2.234526451575952,7.134455691864877,-0.1371802095547737,2.8169054902381747,1.7948667102540126,1007.272741880011,18.189869965382485,12.432375024442385,13.24887160537011,11.736202008657774,7.003664598667898,7.777061260801872,5.200275320509518,6.263448987554238,3.369995667638506,4.419765023738669,2.25120488546438,3.2706912927642815,-2.679999999999999,374473.7820612825,17.153053800207758,6.320498570343795,3.7090641359499585,142.01110892278527,5.316788604006331,12.36197724695847,0.0,5.907179729351506,5.559266895052007,6.176298517443475,13.54573547640424,4.39041504767482,13.17124514302446,0.0,17.598853680028284,36.39820241076966,5.687386274683562,15.64959562263089,22.3561973747711,33.21319674653564,0.0,3.956661108260597,0.0,12.72105492335605,5.316788604006331,64.19904589109798,0.0,10.87605549905834,23.24904646538284,0.0,11.532486611566677,9.863840837612102,17.51559210742787,5.817220841045894,5.563451491696996,47.25910666330309,0.0,10.086144130933896,51.1,29.023417474589873,27.150734558842927,0.0,17.618366895060934,4.6999199164691,33.6882489252121,24.26546827384644,0.0,0.0,5.316788604006331,0.0,52.696314455660925,0.907693163685227,24.15474511833098,2.59595024230486,-1.375901840546952,-1.1641021054947749,7.834835240062722,-4.520610190480684,-0.378924083522298,0.0,0.125,25.0,1.0,4.0,0.0,0.0,0.0,2.0,1.0,3.0,3.0,1.0,9.0,3.0,0.0,0.0,0.0,3.0,3.8596000000000017,86.11670000000002,0.0,0.0,0.0,0.0,0.0,1.0,0.0,0.0,0.0,0.0,1.0,1.0,0.0,0.0,0.0,1.0,1.0,0.0,0.0,0.0,0.0,0.0,0.0,3.0,0.0,1.0,0.0,1.0,0.0,0.0,2.0,1.0,0.0,0.0,0.0,0.0,0.0,4.0,0.0,0.0,0.0,0.0,0.0,0.0,0.0,0.0,0.0,0.0,0.0,0.0,0.0,0.0,0.0,0.0,0.0,0.0,0.0,0.0,0.0,0.0,0.0,0.0,0.0,0.0,0.0,0.0,0.0,0.0,0.0,0.0,chembl_mpro_simfilter_potent,CHEMBL4523582,0.859375
26014172,CHEMBL5590536,Cc1ccc(NC2CNC2)cc1C(=O)N[C@H](C)c1cccc(-c2ccc(Cl)s2)c1,1080.0,nM,=,5.97,CHEMBL5578428,Inhibition of N-terminal his-tagged SARS CoV-2 PL protease (1564 to 1878 residues) expressed in BL21 (DE3) cells using Z-RLRGG-AMC as substrate preincubated for 10 mins followed by substrate addition and measured for 15 mins by fluorescence based analysis,0.0010715193052376,12.962401611802768,12.962401611802768,0.0602263374485598,-0.1067300222558165,0.5050586978143629,14.862068965517242,425.9850000000001,401.7930000000002,425.132861068,150.0,0.2515960963969782,-0.3797262858974603,0.3797262858974603,0.2515960963969782,1.1724137931034482,2.0,2.689655172413793,35.49601756426309,10.022266938368825,2.1821873341133826,-2.2886293348539684,2.3189097238359375,-2.510008397092046,7.188925790507446,0.0939037094581921,3.119970159288076,1.486031187358142,1028.4673493689609,20.38010440969447,16.459527577395935,18.031953104342115,13.991203638441371,9.73841838657021,10.932879440507165,7.453580088194896,9.168664189534148,5.226409042316808,6.506636020293639,3.3712940309095822,4.410716171840873,-2.3399999999999985,3956150.241708714,19.95405457854789,8.57434777190265,4.63660104357742,179.8490933270331,15.950365812018994,0.0,0.0,0.0,5.907179729351506,0.0,4.794537184071822,0.0,0.0,11.336785877934735,35.866408164078955,60.86966421678028,29.21749777190701,16.420010674041553,4.794537184071822,34.53229177220232,0.0,10.633577208012662,0.0,25.93115605767717,18.40630141583148,75.62398710699112,10.440598685398296,15.950365812018994,5.687386274683562,0.0,22.93772576816725,25.038533370324615,0.0,6.923737199690624,34.4504696880014,54.59730361615449,4.336329015745631,10.440598685398296,53.16,0.0,4.794537184071822,0.0,11.949020558499466,11.605292320844956,44.68072977104663,0.0,11.336785877934735,56.31204387861251,28.083099948942213,11.600939890232516,0.7716692423893821,7.627727995479683,14.083217049946434,9.849065583596063,4.824625278328867,-0.0602263374485598,18.457727108234213,0.0,5.890638523918364,0.0,0.2608695652173913,29.0,3.0,4.0,0.0,1.0,1.0,2.0,1.0,3.0,4.0,3.0,6.0,6.0,0.0,1.0,1.0,4.0,5.251620000000004,122.10560000000002,0.0,0.0,0.0,0.0,0.0,0.0,0.0,0.0,0.0,0.0,1.0,1.0,0.0,0.0,0.0,0.0,3.0,0.0,0.0,0.0,0.0,0.0,0.0,0.0,0.0,1.0,0.0,1.0,1.0,0.0,2.0,0.0,0.0,0.0,0.0,0.0,0.0,1.0,0.0,0.0,0.0,0.0,0.0,0.0,0.0,0.0,0.0,0.0,0.0,0.0,0.0,0.0,0.0,0.0,0.0,0.0,0.0,0.0,0.0,0.0,0.0,0.0,0.0,0.0,0.0,0.0,0.0,1.0,0.0,0.0,chembl_mpro_simfilter_potent,CHEMBL4523582,0.859375
19964235,CHEMBL119171,Nc1nc(S)c2ncn(C3OC(CO)C(O)C3O)c2n1,1080.0,nM,=,5.97,CHEMBL4495583,SARS-CoV-2 3CL-Pro protease inhibition IC50 determined by FRET kind of response from peptide substrate,0.0010715193052376,10.00038926681784,10.00038926681784,0.0101790700848245,-1.2184193121693128,0.3267435353173595,30.2,299.312,286.208,299.068824896,108.0,0.2227012125401735,-0.3935668539266412,0.3935668539266412,0.2227012125401735,1.35,2.1,2.75,32.116921126195166,10.12855739452789,2.435155790950009,-2.1601416732404086,2.3158146423634687,-2.3264161403410513,7.800078057405365,-0.0510630445359396,2.930859771700486,2.070664127855968,649.8548135685061,14.43879310982592,10.157165450787833,11.05159264178775,9.524075805453151,5.840797744852205,6.2880113403521625,4.458322498365458,4.881929296115437,3.2116290098698927,3.5234324087448825,2.214076470297091,2.474267883685012,-1.4600000000000002,48948.28904716982,13.519730338314393,4.823665918890326,1.9259787078553183,118.00122676664448,25.79011261548435,28.854559859530404,11.875078391502598,5.948339280986494,0.0,0.0,4.567099647791355,9.967957041894415,4.983978520947208,12.628789148012991,0.0,0.0,0.0,12.93420203927746,20.056445138322168,29.741006367383473,0.0,19.51903521063298,0.0,29.56576031264902,12.340549441675105,6.3273200747645415,0.0,5.733667477162185,5.948339280986494,0.0,12.628789148012991,59.75739852291292,4.736862953800049,0.0,6.22790117073487,11.353280053433782,0.0,11.16387793838399,139.54000000000002,31.146682298492692,10.213054789681411,0.0,5.948339280986494,16.18983791705323,0.0,10.894419722555895,0.0,0.0,27.580724710854614,15.57705782580294,6.841363378684807,4.152695490747739,11.988518675988914,29.162941328280283,6.29585553665911,0.0101790700848245,0.0,-2.822880133534897,-0.4064511246885582,0.0,0.5,20.0,5.0,9.0,0.0,1.0,1.0,0.0,2.0,2.0,9.0,5.0,10.0,2.0,0.0,1.0,1.0,3.0,-1.6913000000000007,69.99680000000001,0.0,3.0,3.0,1.0,0.0,4.0,0.0,0.0,0.0,0.0,0.0,0.0,0.0,0.0,0.0,4.0,0.0,1.0,0.0,0.0,0.0,0.0,0.0,0.0,0.0,0.0,0.0,1.0,0.0,0.0,0.0,1.0,0.0,0.0,1.0,0.0,0.0,0.0,0.0,0.0,1.0,0.0,0.0,0.0,0.0,0.0,0.0,0.0,0.0,0.0,0.0,0.0,0.0,0.0,0.0,0.0,0.0,0.0,0.0,0.0,0.0,0.0,0.0,0.0,0.0,0.0,0.0,0.0,0.0,0.0,chembl_mpro_simfilter_potent,CHEMBL4523582,0.859375
25907585,CHEMBL5556493,CC(C)C[C@H](NC(=O)[C@H](Cc1ccc(F)cc1)NC(=O)OCc1ccccc1)C(=O)NC(/C=C1\CCOC1=O)CC1CCCO1,158.49,nM,=,6.8,CHEMBL5524347,Inhibition of SARS-CoV-2 3CL protease by FRET assay,0.0001584893192461,13.68788331280589,13.68788331280589,0.005046155527306,-1.1117965595711798,0.2131371463254109,19.066666666666663,623.7220000000001,581.3860000000003,623.3006789039999,242.0,0.4076323406469248,-0.4619786020851432,0.4619786020851432,0.4076323406469248,0.9555555555555556,1.6888888888888889,2.3333333333333335,19.142151534310667,9.989929752581023,2.3072826379830964,-2.263980569166571,2.208986524059245,-2.554940796606093,5.92254034390124,-0.1347404687312691,3.678400360514756,1.4746056416977382,1327.0617323756956,32.18322302912881,25.75991757477958,25.75991757477958,21.655907436387825,15.4777401734895,15.4777401734895,11.843603970186944,11.843603970186944,7.652080136684583,7.652080136684583,5.3558170841280734,5.3558170841280734,-4.25,10019533768.841766,33.63920816326531,16.71878556047688,11.00340844249657,262.61780454548966,30.16095467341914,24.507784463854733,0.0,11.814359458703011,0.0,12.062545358890263,9.589074368143644,13.979489415818463,0.0,0.0,62.388063985446394,54.86082965818265,25.021629740434204,18.75268918140918,37.77915264536225,23.876904817593275,0.0,15.950365812018994,5.917906046161393,83.2087749766424,13.213763929025836,83.19055207749754,0.0,15.950365812018994,9.184952231746642,0.0,0.0,61.32015762181128,41.62190400105454,11.735126887207286,57.078485497405296,66.24642825305764,0.0,0.0,132.06,47.81964814608305,23.568563783962105,0.0,25.04957602134862,43.61278481957012,18.405094737549017,24.26546827384644,6.076020106833881,44.179309741689295,15.950365812018994,14.210588861400147,29.77281961593678,0.0,52.2913394872909,8.440122812716261,1.885220995351752,-1.800615516278652,12.16404673357532,3.932782844121139,4.814283027286503,0.0,0.4705882352941176,45.0,3.0,10.0,0.0,2.0,2.0,2.0,0.0,2.0,7.0,3.0,11.0,14.0,0.0,2.0,2.0,4.0,4.121300000000002,164.22109999999967,0.0,0.0,0.0,0.0,0.0,0.0,0.0,0.0,0.0,0.0,4.0,4.0,0.0,0.0,0.0,0.0,3.0,0.0,0.0,0.0,0.0,0.0,1.0,0.0,0.0,3.0,0.0,0.0,0.0,0.0,2.0,0.0,0.0,1.0,3.0,0.0,0.0,1.0,0.0,0.0,0.0,0.0,0.0,0.0,1.0,0.0,0.0,0.0,0.0,0.0,0.0,0.0,0.0,0.0,0.0,0.0,0.0,0.0,0.0,0.0,0.0,0.0,0.0,0.0,0.0,0.0,0.0,0.0,0.0,0.0,chembl_mpro_simfilter_potent,CHEMBL4523582,0.859375
26046185,CHEMBL5597247,O=C(Oc1cncc(Br)c1)c1ccc(I)cc1F,33.5,nM,=,7.47,CHEMBL5587484,Inhibition of full-length SARS CoV-2 MPro expressed in Escherichia coli BL21(DE3) using Boc-Abu-Tle-Leu-Gln-AMC as substrate incubated for 10 mins by fluorescence based assay,3.3884415613920276e-05,13.552366477702192,13.552366477702192,0.1014893424036278,-0.7464814814814809,0.5464282411556316,10.166666666666666,421.991,415.943,420.861066752,92.0,0.3460791556683076,-0.4211627891046814,0.4211627891046814,0.3460791556683076,1.3333333333333333,2.111111111111111,2.7777777777777777,126.91270437741204,10.191733396823102,2.1406726786498864,-2.0487203369648452,2.18551068990351,-2.105220860952283,14.111916963036656,0.0728917379221682,2.2805153935777382,2.2191433644180196,606.3813237592254,13.12095586463014,8.86170521059312,12.605200040884148,8.5585506480638,4.838451334795795,6.710198749941308,3.3525489134865474,5.513856661465044,2.0413831030945766,3.146044361389716,1.2652234595457208,2.0622555155539177,-1.02,11117.512543691471,13.412565661264956,5.746660405986919,3.2573385503611254,124.643075880066,4.736862953800049,5.817220841045894,5.749511833283905,0.0,0.0,5.969305287951848,4.983978520947208,9.184952231746642,0.0,0.0,0.0,62.78628279886384,14.239745358510886,11.760295063310071,13.92181518554669,44.490119812969255,0.0,4.983978520947208,0.0,0.0,0.0,56.082729536713295,5.749511833283905,4.736862953800049,4.39041504767482,5.749511833283905,38.52081452501741,10.953283808899055,0.0,9.38740311211129,10.357988675768818,41.131874932905006,0.0,0.0,39.19,11.786526128997744,9.184952231746642,0.0,11.3129633249809,8.04290178689781,0.0,18.329577708536295,18.329577708536295,22.590870627068057,20.91392241889655,4.736862953800049,19.970857783236752,5.168608468341423,15.598191744352064,0.0,-0.1014893424036278,-1.09168426398337,5.884981457860922,2.940534152595841,0.0,0.0,0.0,18.0,0.0,3.0,0.0,0.0,0.0,1.0,1.0,2.0,3.0,0.0,6.0,2.0,0.0,0.0,0.0,2.0,3.807,76.01250000000002,0.0,0.0,0.0,0.0,0.0,1.0,0.0,0.0,0.0,0.0,1.0,1.0,0.0,0.0,0.0,1.0,0.0,0.0,0.0,0.0,0.0,0.0,0.0,0.0,0.0,0.0,0.0,0.0,0.0,0.0,1.0,0.0,0.0,1.0,1.0,0.0,0.0,3.0,0.0,0.0,0.0,0.0,0.0,0.0,0.0,0.0,0.0,0.0,0.0,0.0,0.0,0.0,0.0,0.0,0.0,0.0,0.0,0.0,0.0,1.0,0.0,0.0,0.0,0.0,0.0,0.0,0.0,0.0,0.0,0.0,chembl_mpro_simfilter_potent,CHEMBL4523582,0.859375
25921790,CHEMBL5568645,COc1cc([N+](=O)[O-])ccc1CN(C)[C@H](C)c1cccc2ccccc12,480.0,nM,=,6.32,CHEMBL5528733,Inhibition of C-terminal His-tagged SARS-CoV-2 BetaCoV/Wuhan/WIV04/2019 PLpro expressed in Escherichia coli BL21 (DE3) cells preincubated for 30 mins followed by substrate addition and measured after 1 hrs by FRET assay,0.0004786300923226,10.95987611776233,10.95987611776233,0.0373656812230047,-0.4079910638370241,0.4661375136985905,12.307692307692308,350.41800000000006,328.24200000000013,350.163042564,134.0,0.2726529260553406,-0.4961589233790732,0.4961589233790732,0.2726529260553406,1.1153846153846154,1.8461538461538465,2.576923076923077,16.628462386655162,9.983390324396696,2.175461151801094,-2.265526936811462,2.306221113104146,-2.2208258605902693,5.855634964456843,-0.3844971530043522,2.665502565864502,1.8739674056460864,934.1924372539032,18.681433796945203,15.17713180466394,15.17713180466394,12.507239053047549,8.501747727516058,8.501747727516058,6.4127234320957465,6.4127234320957465,4.835833052817912,4.835833052817912,3.235258270278901,3.235258270278901,-2.9199999999999986,811059.1207412507,17.888704013186512,7.537151144782968,3.528490198461804,152.52122705148923,4.736862953800049,5.749511833283905,0.0,0.0,5.687386274683562,0.0,15.01422799961605,0.0,0.0,0.0,42.46456947923127,36.37367617145601,24.21641579521914,18.099475658556813,9.66017400261772,16.459834703613154,0.0,4.899909730850477,0.0,19.51033443475116,14.157469523954724,81.90489193677567,5.749511833283905,4.736862953800049,5.687386274683562,5.749511833283905,0.0,23.980690303622872,6.544756405912575,10.114318268765572,24.092481012232575,60.6636706846161,0.0,10.772448428929591,55.61000000000001,4.923311048817671,10.114318268765572,0.0,11.729227103831525,12.29426823919648,5.563451491696996,35.578431598827336,6.06636706846161,13.1140390511388,48.22184934131076,4.736862953800049,5.3616224647700115,0.0,12.765635053925305,13.421154789303898,2.217148267096861,0.5381201184177375,19.64554631055942,0.0,2.7968204365079363,3.5872858927521625,0.238095238095238,26.0,0.0,5.0,0.0,0.0,0.0,3.0,0.0,3.0,4.0,0.0,5.0,6.0,0.0,0.0,0.0,3.0,4.949600000000005,103.47840000000004,0.0,0.0,0.0,0.0,0.0,0.0,0.0,0.0,0.0,0.0,0.0,0.0,0.0,0.0,0.0,2.0,0.0,0.0,0.0,0.0,0.0,0.0,0.0,0.0,0.0,0.0,0.0,0.0,0.0,0.0,3.0,1.0,0.0,0.0,1.0,0.0,0.0,0.0,0.0,0.0,0.0,0.0,0.0,0.0,0.0,1.0,0.0,0.0,1.0,1.0,1.0,0.0,0.0,0.0,0.0,0.0,0.0,0.0,0.0,0.0,0.0,0.0,0.0,0.0,0.0,0.0,0.0,0.0,0.0,0.0,chembl_mpro_simfilter_potent,CHEMBL4523582,0.859375
25716433,CHEMBL397309,CC(C)=CC[C@@H](OC(=O)CC(C)(C)O)C1=CC(=O)c2c(O)ccc(O)c2C1=O,1020.0,nM,=,5.99,CHEMBL5389693,Inhibition of SARS-CoV-2 Main protease,0.0010232929922807,12.935206876732174,12.935206876732174,0.0972260015117156,-1.2960542452109909,0.3891122875482898,14.821428571428571,388.4160000000001,364.22400000000016,388.1522031079999,150.0,0.3088119069902484,-0.5071545925426915,0.5071545925426915,0.3088119069902484,1.1428571428571428,1.7142857142857142,2.25,16.54464975028541,9.846767382667265,2.3570710643415316,-2.245792708307681,2.3606005843106255,-2.3160242659525636,6.265769824523711,-0.1509941073305806,2.5478701344285866,2.4398036725758496,880.7505531025388,21.22325016020209,16.275598856676552,16.275598856676552,12.90257322242876,8.812006737589664,8.812006737589664,7.631757609358131,7.631757609358131,4.1213084055727,4.1213084055727,2.857268360792053,2.857268360792053,-2.93,706007.170639758,21.370980703305506,7.978708425092624,4.862997167252579,162.50131040377457,20.056445138322168,17.602990054316113,11.566489892729878,0.0,0.0,5.969305287951848,14.383611552215466,0.0,0.0,0.0,11.649124636903148,45.903703042519595,11.993926152995275,23.14877541730369,34.44005669053763,17.535795180681728,0.0,0.0,0.0,52.2416092433465,0.0,46.55788639412351,11.49902366656781,0.0,0.0,11.49902366656781,0.0,44.56039456393583,9.53140013787187,0.0,61.25256939615214,35.43098341072952,0.0,0.0,121.13,40.73983604598153,29.703193736737585,0.0,29.54165075931527,0.0,23.781858773826368,13.847474399381248,6.076020106833881,13.847474399381248,0.0,4.736862953800049,5.391312358276643,0.0,37.606787223377005,29.775513025100867,-1.0734811264573154,-2.959684949999027,2.2459108200468227,1.5372854990761733,6.559690483912165,0.0,0.3809523809523809,28.0,3.0,7.0,1.0,0.0,1.0,1.0,0.0,1.0,7.0,3.0,7.0,6.0,0.0,0.0,0.0,2.0,2.832300000000002,101.35840000000005,0.0,1.0,0.0,0.0,0.0,0.0,0.0,2.0,0.0,0.0,3.0,3.0,0.0,0.0,0.0,0.0,0.0,0.0,0.0,0.0,0.0,0.0,0.0,0.0,2.0,0.0,0.0,0.0,0.0,0.0,1.0,1.0,0.0,1.0,1.0,0.0,0.0,0.0,0.0,0.0,0.0,0.0,2.0,1.0,0.0,0.0,0.0,0.0,0.0,0.0,0.0,0.0,0.0,0.0,2.0,2.0,0.0,0.0,0.0,0.0,0.0,0.0,0.0,0.0,0.0,0.0,0.0,0.0,0.0,0.0,chembl_mpro_simfilter_potent,CHEMBL4523582,0.859375
26014204,CHEMBL5594740,Cc1ccc(NC2CNC2)cc1C(=O)N[C@H](C)c1cccc(-c2ccc(CN[C@H]3CC[C@@H](OC(=O)[C@@H](NC(=O)[C@@H](N)C(C)C)C(C)C)C3)s2)c1,500.0,nM,=,6.3,CHEMBL5578428,Inhibition of N-terminal his-tagged SARS CoV-2 PL protease (1564 to 1878 residues) expressed in BL21 (DE3) cells using Z-RLRGG-AMC as substrate preincubated for 10 mins followed by substrate addition and measured for 15 mins by fluorescence based analysis,0.0005011872336272,13.320285077532445,13.320285077532445,0.0239484159128871,-0.7223678970781087,0.1174844339850391,19.46,702.966,648.5340000000001,702.392725208,270.0,0.3286789331088848,-0.4607815949551735,0.4607815949551735,0.3286789331088848,0.94,1.72,2.42,32.13356241404865,10.007864484099528,2.3308452750058506,-2.288630127810194,2.3100546921465086,-2.524937251648349,7.150318607146225,-0.1539091144638029,3.734908754496225,1.109210713607467,1635.9326143271528,35.9486540315173,30.176186984851867,30.992683565779593,23.87112149155109,17.95171240433666,18.768208985264387,14.5656297004674,15.733957646317108,9.786505355892492,10.920812610870213,6.2949705030485195,7.249925287871969,-3.769999999999999,83020797017.25575,37.48441285832731,16.959976133242588,9.717241430480907,300.25527427079106,37.05447345099389,12.145807216896262,0.0,5.907179729351506,5.907179729351506,5.969305287951848,9.589074368143644,4.794537184071822,0.0,11.336785877934735,51.960417072608934,91.9679411778811,46.681242200668834,18.12552248744388,19.120474506015512,34.807836899273155,0.0,21.267154416025324,17.56947956948497,103.66281500632245,18.40630141583148,76.1648052849468,10.440598685398296,32.31761049719384,5.687386274683562,0.0,11.336785877934735,61.14450726282015,20.870693727856267,18.75954929201341,86.28503054924322,54.59730361615449,0.0,10.440598685398296,146.61,18.05298694624777,14.383611552215466,0.0,41.837819597070016,11.605292320844956,61.27447483629031,9.7542943874026,11.336785877934735,65.80789147199017,56.91577836233971,10.470530430962237,5.867710444608286,1.7467874314142973,41.25117503090858,16.40000404605487,10.74949253661357,-0.9380611255141568,17.712646552515434,2.2460508096197658,14.130860940446023,0.0,0.5128205128205128,50.0,7.0,10.0,1.0,1.0,2.0,2.0,1.0,3.0,9.0,6.0,11.0,15.0,1.0,1.0,2.0,5.0,5.276220000000004,201.03639999999945,0.0,0.0,0.0,0.0,0.0,0.0,0.0,0.0,0.0,0.0,3.0,3.0,0.0,0.0,0.0,0.0,5.0,1.0,0.0,0.0,0.0,0.0,0.0,0.0,0.0,2.0,0.0,1.0,1.0,0.0,2.0,0.0,0.0,1.0,1.0,0.0,0.0,0.0,0.0,0.0,0.0,0.0,0.0,0.0,0.0,0.0,0.0,0.0,0.0,0.0,0.0,0.0,0.0,0.0,0.0,0.0,0.0,0.0,0.0,0.0,0.0,0.0,0.0,0.0,0.0,0.0,0.0,1.0,0.0,0.0,chembl_mpro_simfilter_potent,CHEMBL4523582,0.859375
25872002,CHEMBL5555663,CC(C)(C)C1CC2(C1)NC(=O)N(c1cncc3ccccc13)C2=O,460.0,nM,=,6.34,CHEMBL5513031,Inhibition of SARS-CoV-2 Main protease assessed as hydrolysis of quenched fluorogenic substrate,0.0004570881896148,13.051434712773998,13.051434712773998,0.143528730451981,-0.7301834136432355,0.8172518215992288,26.791666666666668,323.3960000000001,302.22800000000007,323.163376912,124.0,0.3292625320005887,-0.3227375914151809,0.3292625320005887,0.3227375914151809,1.1666666666666667,1.875,2.5833333333333335,16.196557762676772,9.586000242958685,2.60508183451302,-2.484116165380895,2.5036084405669397,-2.5919981670778056,6.257590225908442,-0.1284335979205866,2.755048764330233,1.704176883075523,841.8058772367447,17.112519696192862,14.166589218628122,14.166589218628122,11.31711567926241,8.312445498296462,8.312445498296462,8.003780173877958,8.003780173877958,5.464330308772868,5.464330308772868,3.788379628784983,3.788379628784983,-2.4299999999999993,251684.72481662408,15.11848994897835,4.786366250975364,2.036208163286365,140.60321452298524,5.316788604006331,5.538925252383345,0.0,0.0,5.907179729351506,6.031114512338072,9.778515705019029,9.6944469149223,0.0,0.0,45.03667987291831,24.17453976141019,16.96929200054267,11.884229846296638,9.589074368143644,28.39812894530273,0.0,10.300767124953538,11.332896515558172,39.15178009730724,4.899909730850477,36.65915541707259,0.0,10.216698334856808,10.481923458755384,0.0,0.0,22.46119801502013,4.794537184071822,11.332896515558172,33.61285484492389,36.65915541707259,0.0,10.772448428929591,62.3,5.538925252383345,9.589074368143644,0.0,17.353284711086356,24.446935566696972,10.772448428929591,4.899909730850477,12.393687143226153,24.26546827384644,31.07197872402541,0.0,0.0,0.0,31.08148352859662,4.716963957650962,-0.0249105410899692,0.2902736835474931,7.32030101518084,4.746340296149324,6.536214726631393,0.0,0.4210526315789473,24.0,1.0,5.0,1.0,1.0,2.0,1.0,1.0,2.0,3.0,1.0,5.0,1.0,1.0,1.0,2.0,4.0,3.4859000000000018,92.67070000000004,0.0,0.0,0.0,0.0,0.0,1.0,0.0,0.0,0.0,0.0,2.0,2.0,0.0,0.0,0.0,2.0,1.0,0.0,0.0,0.0,0.0,0.0,0.0,0.0,0.0,3.0,0.0,1.0,0.0,0.0,1.0,1.0,0.0,0.0,0.0,0.0,0.0,0.0,0.0,0.0,0.0,1.0,0.0,0.0,0.0,0.0,0.0,0.0,0.0,0.0,0.0,0.0,0.0,0.0,0.0,0.0,0.0,0.0,0.0,1.0,0.0,0.0,0.0,0.0,0.0,0.0,0.0,0.0,0.0,1.0,chembl_mpro_simfilter_potent,CHEMBL4523582,0.859375
24810208,CHEMBL5186708,O=C(Sc1nc2ccccc2s1)c1ccc(-c2ccccc2)o1,166.0,nM,=,6.78,CHEMBL5136648,Inhibition of recombinant his tagged SARS CoV-2 main protease expressed in Escherichia coli BL21 using Boc-Abu-Tle-Leu-Gln-AMC37 as fluorogenic substrate pre-incubated for 5 mins followed by substrate addition measured after 60 mins by FRET based assay,0.0001659586907437,12.37141943814563,12.37141943814563,0.1331136621315192,-0.1331136621315192,0.4637061392894021,10.956521739130435,337.42500000000007,326.3370000000001,337.023120592,112.0,0.2611125214478015,-0.4520168923492869,0.4520168923492869,0.2611125214478015,0.9565217391304348,1.7391304347826086,2.5652173913043477,32.194644078447794,10.164954245379125,2.159152766861369,-1.957420069988933,2.3223734502854163,-1.8887222788471325,8.149963870633576,0.1061322775857626,3.2190030431302996,1.5620003079888245,939.7915378309202,15.6480536021256,11.931059718441295,13.56405288029675,11.292826335683708,7.024800086359023,8.657793248214475,4.866939585746763,7.117620132073451,3.3197575562994097,5.303286653533541,2.2294762421288654,4.102415178545084,-2.369999999999999,441949.80380353134,14.23679999477056,6.024101417986523,2.9303803041059235,140.53117081860069,4.417150937053347,5.7602474188744415,10.099903099547989,0.0,5.11527693018572,0.0,4.794537184071822,4.983978520947208,0.0,11.336785877934735,42.46456947923127,36.027353223237554,5.563451491696996,10.216620634085364,9.211688121125167,38.430568391596935,0.0,4.983978520947208,0.0,4.339655680673546,0.0,72.49028517195217,11.323698910571435,0.0,0.0,0.0,23.09867082732585,10.099255451132928,0.0,0.0,10.554784602946263,75.48684437080462,0.0,21.5403195446568,43.1,0.0,4.794537184071822,0.0,5.11527693018572,11.520494837748885,31.881612755847016,11.336785877934735,6.06636706846161,60.6636706846161,4.983978520947208,4.417150937053347,7.490807335534969,2.618505825233368,16.83356838067336,-0.1331136621315192,1.8692190476971329,1.03422136138406,21.120125044941965,0.0,0.0,0.0,0.0,23.0,0.0,3.0,0.0,0.0,0.0,2.0,2.0,4.0,5.0,0.0,5.0,3.0,0.0,0.0,0.0,4.0,5.488800000000003,93.9515,0.0,0.0,0.0,0.0,0.0,1.0,0.0,0.0,0.0,0.0,1.0,1.0,0.0,0.0,0.0,1.0,0.0,0.0,0.0,0.0,0.0,0.0,0.0,0.0,0.0,0.0,0.0,0.0,0.0,0.0,2.0,1.0,0.0,0.0,0.0,1.0,0.0,0.0,0.0,0.0,0.0,0.0,0.0,0.0,0.0,0.0,0.0,0.0,0.0,0.0,0.0,0.0,0.0,1.0,0.0,0.0,0.0,0.0,0.0,0.0,0.0,1.0,0.0,0.0,0.0,0.0,1.0,0.0,0.0,0.0,chembl_mpro_simfilter_potent,CHEMBL4523582,0.859375
26112884,CHEMBL5612960,CSc1nc2ccccc2n1C(=O)c1ccc2c(c1)OCCO2,1000.0,nM,=,6.0,CHEMBL5610438,Inhibition of SARS-CoV-2 3CLpro using Dabcyl-KTSAVLQSGFRKM-Glu(Edans) as substrate preincubated for 1 hrs in presence of 2 mM GSH followed by substrate addition and measured after 30 mins by FRET assay,0.001,13.000170304232803,13.000170304232803,0.1249782690854115,-0.1249782690854115,0.676907334813011,13.26086956521739,326.3770000000001,312.26500000000004,326.07251330799994,116.0,0.2641449046150849,-0.4861468301759966,0.4861468301759966,0.2641449046150849,1.1304347826086956,1.9130434782608696,2.739130434782609,32.16642733924622,10.1480474832526,2.200575539267088,-2.1839710600553763,2.3169676665531087,-2.1714057394228137,7.980380726243833,0.0953542354842848,2.989140418657084,1.829195296455581,903.9899131517058,15.81119030894213,12.483085799555846,13.299582380483574,11.275188245478668,7.235513270233323,8.46025814162491,5.086216493033621,5.859613155167597,3.704807736978243,4.343817387400936,2.642559271513443,3.1960282446062576,-2.47,379653.7137140549,14.143261835899915,5.624189240497252,2.350539095404662,136.77460163433236,9.473725907600098,13.213763929025836,16.655460148388517,0.0,5.907179729351506,0.0,9.361636831863176,4.983978520947208,0.0,0.0,23.894619086314336,36.58760452581945,5.563451491696996,11.033401435232523,14.26826309167192,28.70246611397514,0.0,9.551078168738565,0.0,5.156436481820707,19.46953311253724,48.02802097092827,11.49902366656781,9.473725907600098,0.0,11.49902366656781,11.761884949391115,34.92779101062731,0.0,0.0,10.357988675768818,47.62100596105198,0.0,11.033401435232523,53.35000000000001,0.0,4.794537184071822,0.0,5.907179729351506,35.432675569111346,11.033401435232523,11.761884949391115,22.766200853176183,30.52123745735784,4.983978520947208,9.473725907600098,12.717074667255943,1.4480182613168722,17.51454475308642,0.672304684219367,2.159430980725624,1.1579861373561775,12.893548044217686,1.911511346631296,1.0255811251906128,0.0,0.1764705882352941,23.0,0.0,5.0,0.0,1.0,1.0,2.0,1.0,3.0,5.0,0.0,6.0,2.0,0.0,0.0,0.0,4.0,3.217900000000001,88.67450000000004,0.0,0.0,0.0,0.0,0.0,2.0,0.0,0.0,0.0,0.0,1.0,1.0,0.0,0.0,0.0,2.0,0.0,0.0,0.0,0.0,0.0,0.0,0.0,0.0,0.0,0.0,0.0,0.0,0.0,0.0,2.0,2.0,0.0,0.0,2.0,0.0,0.0,0.0,0.0,0.0,1.0,0.0,0.0,0.0,0.0,0.0,0.0,0.0,0.0,0.0,0.0,0.0,0.0,2.0,0.0,0.0,0.0,0.0,0.0,0.0,0.0,1.0,0.0,0.0,0.0,0.0,0.0,0.0,0.0,0.0,chembl_mpro_simfilter_potent,CHEMBL4523582,0.859375
25907586,CHEMBL5566512,CC(C)C[C@H](NC(=O)[C@H](Cc1ccc(F)cc1)NC(=O)OCc1ccccc1)C(=O)N[C@H](/C=C1\CCOC1=O)C[C@@H]1CCCO1,39.81,nM,=,7.4,CHEMBL5524347,Inhibition of SARS-CoV-2 3CL protease by FRET assay,3.981071705534969e-05,13.68788331280589,13.68788331280589,0.005046155527306,-1.1117965595711798,0.2131371463254109,19.066666666666663,623.7220000000001,581.3860000000003,623.3006789039999,242.0,0.4076323406469248,-0.4619786020851432,0.4619786020851432,0.4076323406469248,0.9555555555555556,1.6888888888888889,2.3333333333333335,19.142151534310667,9.989929752581023,2.3072826379830964,-2.263980569166571,2.208986524059245,-2.554940796606093,5.92254034390124,-0.1347404687312691,3.678400360514756,1.4746056416977382,1327.0617323756956,32.18322302912881,25.75991757477958,25.75991757477958,21.655907436387825,15.4777401734895,15.4777401734895,11.843603970186944,11.843603970186944,7.652080136684583,7.652080136684583,5.3558170841280734,5.3558170841280734,-4.25,10019533768.841766,33.63920816326531,16.71878556047688,11.00340844249657,262.61780454548966,30.16095467341914,24.507784463854733,0.0,11.814359458703011,0.0,12.062545358890263,9.589074368143644,13.979489415818463,0.0,0.0,62.388063985446394,54.86082965818265,25.021629740434204,18.75268918140918,37.77915264536225,23.876904817593275,0.0,15.950365812018994,5.917906046161393,83.2087749766424,13.213763929025836,83.19055207749754,0.0,15.950365812018994,9.184952231746642,0.0,0.0,61.32015762181128,41.62190400105454,11.735126887207286,57.078485497405296,66.24642825305764,0.0,0.0,132.06,47.81964814608305,23.568563783962105,0.0,25.04957602134862,43.61278481957012,18.405094737549017,24.26546827384644,6.076020106833881,44.179309741689295,15.950365812018994,14.210588861400147,29.77281961593678,0.0,52.2913394872909,8.440122812716261,1.885220995351752,-1.800615516278652,12.16404673357532,3.932782844121139,4.814283027286503,0.0,0.4705882352941176,45.0,3.0,10.0,0.0,2.0,2.0,2.0,0.0,2.0,7.0,3.0,11.0,14.0,0.0,2.0,2.0,4.0,4.121300000000002,164.22109999999967,0.0,0.0,0.0,0.0,0.0,0.0,0.0,0.0,0.0,0.0,4.0,4.0,0.0,0.0,0.0,0.0,3.0,0.0,0.0,0.0,0.0,0.0,1.0,0.0,0.0,3.0,0.0,0.0,0.0,0.0,2.0,0.0,0.0,1.0,3.0,0.0,0.0,1.0,0.0,0.0,0.0,0.0,0.0,0.0,1.0,0.0,0.0,0.0,0.0,0.0,0.0,0.0,0.0,0.0,0.0,0.0,0.0,0.0,0.0,0.0,0.0,0.0,0.0,0.0,0.0,0.0,0.0,0.0,0.0,0.0,chembl_mpro_simfilter_potent,CHEMBL4523582,0.859375
24977749,CHEMBL5291321,O=c1c2ccccc2sn1CC1CCCCC1,1000.0,nM,=,6.0,CHEMBL5225116,Inhibition of SARS-CoV-2 Main protease by FRET assay,0.001,12.17551988851096,12.17551988851096,0.2047902494331064,0.2047902494331064,0.7937578935912292,17.647058823529413,247.36299999999991,230.22699999999995,247.103085164,90.0,0.2680173292494173,-0.26776454006502,0.2680173292494173,0.26776454006502,1.1764705882352942,1.9411764705882353,2.7058823529411766,32.13720034626179,9.89314845400153,2.1583925693025514,-2.2044688402618604,2.259310675224881,-2.199150977175274,7.13379939909821,0.3247544446485135,2.684491189735496,1.8936729647273307,562.8510519027407,11.664925939000156,9.8931022094951,10.709598790422827,8.34333659290053,6.432752180646951,7.206148842780925,4.957709526213508,6.020883193258227,3.7012952306098312,4.789267973626598,2.7418493731013904,3.839021750130795,-1.09,15505.621111912224,11.026414007502616,4.649266578470129,2.1610984329692613,105.03442612542172,0.0,0.0,0.0,0.0,5.559266895052007,0.0,8.751198292332418,0.0,0.0,0.0,42.927685617267926,30.892283428936633,6.544756405912575,10.086144130933896,0.0,21.61863074250057,0.0,3.956661108260597,5.917906046161393,38.64886452054263,0.0,34.61927235297027,0.0,5.559266895052007,0.0,0.0,11.532486611566677,3.956661108260597,6.544756405912575,5.917906046161393,32.10410811463005,29.060005457918265,0.0,10.086144130933896,22.0,0.0,4.794537184071822,0.0,5.559266895052007,0.0,22.548806583007867,32.10410811463005,11.532486611566677,28.22212938210704,0.0,0.0,3.077786517384732,1.6217101284958424,12.17551988851096,0.8826939247921394,0.2047902494331064,0.7171409674981102,7.925527210884354,6.632747779667422,0.92875,0.0,0.5,17.0,0.0,2.0,1.0,0.0,1.0,1.0,1.0,2.0,2.0,0.0,3.0,2.0,1.0,0.0,1.0,3.0,3.643300000000002,72.66000000000004,0.0,0.0,0.0,0.0,0.0,1.0,0.0,0.0,0.0,0.0,0.0,0.0,0.0,0.0,0.0,1.0,0.0,0.0,0.0,0.0,0.0,0.0,0.0,0.0,0.0,0.0,0.0,0.0,0.0,0.0,1.0,1.0,0.0,0.0,0.0,0.0,0.0,0.0,0.0,0.0,0.0,0.0,0.0,0.0,0.0,0.0,0.0,0.0,0.0,0.0,0.0,0.0,0.0,0.0,0.0,0.0,0.0,0.0,0.0,0.0,0.0,0.0,0.0,0.0,0.0,0.0,0.0,0.0,0.0,0.0,chembl_mpro_simfilter_potent,CHEMBL4523582,0.859375
19964267,CHEMBL1188627,C/N=c1/nc(-c2ccccc2)n(-c2ccccc2)s1,980.0,nM,=,6.01,CHEMBL4495583,SARS-CoV-2 3CL-Pro protease inhibition IC50 determined by FRET kind of response from peptide substrate,0.0009772372209558,4.590130385487528,4.590130385487528,0.7802834467120182,0.7802834467120182,0.7013101010787974,11.736842105263158,267.357,254.25299999999996,267.083018416,94.0,0.2223680144580891,-0.2595650737438261,0.2595650737438261,0.2223680144580891,0.9473684210526316,1.5789473684210529,2.210526315789474,32.13719833302859,10.18470096281784,2.091730297332906,-2.051123717432384,2.2110462601790055,-1.9606223626516457,7.0368511226173025,1.115804100214071,2.932856115386359,2.228607980845603,666.8420707065351,13.079139501373252,10.523391768859998,11.339888349787724,9.381341395361314,6.023313120362759,6.796709782496732,4.028830420558803,4.941701349734079,2.7808294232570185,3.7843194657183936,1.879533637551768,2.7116036555010887,-2.1999999999999993,48943.50285356756,11.866093254866454,5.1992548524728095,2.347735713616929,115.236576839727,0.0,0.0,5.824404497999927,4.801402653462074,0.0,0.0,4.992404732635668,3.956661108260597,4.983978520947208,0.0,48.53093654769288,23.665220748489897,12.611123474374184,5.687386274683562,0.0,11.532486611566677,0.0,8.940639629207805,4.992404732635668,0.0,7.04767198267719,65.46507333807817,17.075242264380485,4.801402653462074,0.0,0.0,11.532486611566677,15.988311611884996,0.0,0.0,0.0,65.65607541725177,0.0,17.075242264380485,30.18,0.0,0.0,0.0,0.0,0.0,21.87664491784256,0.0,18.580158594243866,36.39820241076966,38.19851263568992,0.0,2.1087962962962963,1.5463208616780042,9.559870559334843,0.0,2.200237150415722,0.9281481481481484,20.389821428571427,0.0,0.0,1.7668055555555555,0.0666666666666666,19.0,0.0,3.0,0.0,0.0,0.0,2.0,1.0,3.0,3.0,0.0,4.0,2.0,0.0,0.0,0.0,3.0,3.1313000000000013,78.36400000000003,0.0,0.0,0.0,0.0,0.0,2.0,0.0,0.0,0.0,0.0,0.0,0.0,0.0,0.0,0.0,3.0,0.0,0.0,0.0,0.0,0.0,0.0,0.0,0.0,0.0,0.0,0.0,0.0,0.0,0.0,2.0,0.0,0.0,0.0,0.0,0.0,0.0,0.0,0.0,0.0,0.0,0.0,0.0,0.0,0.0,0.0,0.0,0.0,0.0,0.0,0.0,0.0,0.0,1.0,0.0,0.0,0.0,0.0,0.0,0.0,0.0,0.0,0.0,0.0,0.0,0.0,0.0,0.0,0.0,0.0,chembl_mpro_simfilter_potent,CHEMBL4523582,0.859375
25554582,CHEMBL5430961,CC(C)(C)NCc1ccccc1,982.0,nM,=,6.01,CHEMBL5346746,Inhibition of SARS-Cov-2 main protease using fluorogenic substrate [5-FAM]-AVLQSGFR-[Lys(Dabcyl)]-K-amide by fluorogenic assay,0.0009772372209558,3.438148148148148,3.438148148148148,0.2042077664399093,0.2042077664399093,0.7062530024998739,11.583333333333334,163.264,146.128,163.136099544,66.0,0.0209842424664798,-0.3080159281259912,0.3080159281259912,0.0209842424664798,1.0833333333333333,1.6666666666666667,2.1666666666666665,14.935440624596987,10.09055796893028,2.067760060821081,-2.198802150678546,2.027617533290151,-2.344867137812113,5.139410408083515,0.4240909247167949,2.017875084784782,2.4419972385383093,220.50947032352076,9.027097737495462,8.093858127134679,8.093858127134679,5.578298261984863,4.367790383709508,4.367790383709508,4.089151950246763,4.089151950246763,1.6656672408476498,1.6656672408476498,0.9630888169343698,0.9630888169343698,-0.8200000000000001,443.9325186526521,9.269445438282649,3.722970519770657,3.5360505755490106,74.80597587508805,5.316788604006331,0.0,0.0,0.0,0.0,0.0,0.0,0.0,0.0,0.0,30.33183534230805,26.334663090768867,12.08368165829592,0.0,0.0,0.0,0.0,5.316788604006331,0.0,32.85489325736779,0.0,35.89528683400505,0.0,5.316788604006331,0.0,0.0,0.0,5.538925252383345,6.544756405912575,0.0,26.334663090768867,30.33183534230805,0.0,0.0,12.03,0.0,0.0,0.0,5.538925252383345,0.0,6.544756405912575,5.563451491696996,0.0,6.06636706846161,50.35346847692464,0.0,0.0,0.0,0.0,3.438148148148148,1.5444160997732428,0.0,10.455769085411942,0.0,7.478333333333333,0.0,0.4545454545454545,12.0,1.0,1.0,0.0,0.0,0.0,1.0,0.0,1.0,1.0,1.0,1.0,2.0,0.0,0.0,0.0,1.0,2.574700000000001,53.03470000000003,0.0,0.0,0.0,0.0,0.0,0.0,0.0,0.0,0.0,0.0,0.0,0.0,0.0,0.0,0.0,0.0,1.0,0.0,0.0,0.0,0.0,0.0,0.0,0.0,0.0,0.0,0.0,0.0,0.0,0.0,1.0,0.0,0.0,0.0,0.0,0.0,0.0,0.0,0.0,0.0,0.0,0.0,0.0,0.0,0.0,0.0,0.0,0.0,0.0,0.0,0.0,0.0,0.0,0.0,0.0,0.0,0.0,0.0,0.0,0.0,0.0,0.0,0.0,0.0,0.0,0.0,0.0,0.0,0.0,0.0,chembl_mpro_simfilter_potent,CHEMBL4523582,0.859375
25673265,CHEMBL5414006,COc1ccncc1C(=O)N1CCN(c2ccc(Cl)c(Cl)c2)[C@H](C(=O)NCc2cccs2)C1.Cl,170.0,nM,=,6.77,CHEMBL5377130,Inhibition of SARS CoV-2 MPro using MCA-AVLQSGFR-Lys(Dnp)-Lys-NH2 as substrate preincubated for 10 mins followed by substrate addition measured for 10 mins by FRET assay,0.0001698243652461,13.274467102684696,13.274467102684696,0.0,-0.6087307886117417,0.4963945500978547,15.441176470588236,541.8880000000003,518.7040000000003,540.0556446359999,180.0,0.2588474496075114,-0.4958049625998705,0.4958049625998705,0.2588474496075114,1.2058823529411764,2.0294117647058822,2.735294117647059,35.49831197050989,10.077428052160364,2.353440724662061,-2.4162411200324567,2.2993827143741847,-2.5991005296839584,7.094369623084526,-0.1227794301073542,3.3693502868093272,3.239994488709727e-06,1146.248847933443,23.371668241257183,18.240741001480092,21.38559205537246,15.973565548236332,10.266994649330536,11.902576406603886,7.431898129539773,9.278543565382735,5.453402235065814,7.068818878495445,3.76038905616947,4.697285031386679,-2.519999999999999,41107310.05062905,26.091181767962897,11.750287706826764,5.75118571015153,217.58505320454856,19.853471019507335,11.791352662431866,0.0,5.907179729351506,5.907179729351506,0.0,14.57305288909085,0.0,0.0,23.74381903911471,29.26824684892664,35.711898112773966,36.04773342343616,35.80802847228233,14.325937321943693,64.44744455296632,0.0,15.200676855804016,0.0,12.586597235060536,31.64397648986574,74.65781763734266,5.749511833283905,14.953561288656855,5.687386274683562,5.749511833283905,46.94569881957974,54.48415529866391,11.339293589984395,0.0,15.235135869470117,54.17195232446172,10.045266627482652,0.0,74.77,6.041840829147961,9.589074368143644,0.0,30.766149025795563,40.99249917020128,10.564533468384862,13.30664111289061,40.63264038578312,28.47907370670122,10.300767124953538,27.938742734265084,5.323098599204021,13.89890875411585,35.245594209513854,5.8113464525698255,1.1319092751884972,0.037526873501501,10.21691916687029,3.0526108022764147,1.4952274782051722,1.5090806107767964,0.2608695652173913,34.0,1.0,7.0,0.0,1.0,1.0,1.0,2.0,3.0,6.0,1.0,11.0,6.0,0.0,1.0,1.0,4.0,4.527700000000005,137.70219999999995,0.0,0.0,0.0,0.0,0.0,1.0,0.0,0.0,0.0,0.0,2.0,2.0,0.0,0.0,0.0,3.0,1.0,0.0,0.0,0.0,0.0,0.0,0.0,0.0,0.0,2.0,0.0,1.0,0.0,0.0,1.0,0.0,0.0,0.0,1.0,0.0,0.0,3.0,0.0,0.0,0.0,0.0,0.0,0.0,0.0,1.0,0.0,0.0,0.0,0.0,0.0,0.0,0.0,0.0,0.0,0.0,0.0,1.0,0.0,1.0,0.0,0.0,0.0,0.0,0.0,0.0,0.0,1.0,0.0,0.0,chembl_mpro_simfilter_potent,CHEMBL4523582,0.859375
25872025,CHEMBL5564336,O=C1C[C@H](Cn2sc3ccccc3c2=O)CN1,510.0,nM,=,6.29,CHEMBL5513032,Inhibition of recombinant SARS-CoV2 6xHis-tag-Main protease containing modified HRV-3C expressed in Escherichia coli using Mca-AVLQSGFR-K(Dnp)K peptide substrate assessed as fluorescent intensity,0.0005128613839913,12.065772864701437,12.065772864701437,0.0601379440665157,0.0601379440665157,0.8678619085746554,19.764705882352946,248.307,236.21099999999996,248.061948624,88.0,0.2680186293562687,-0.3557321763236369,0.3557321763236369,0.2680186293562687,1.3529411764705883,2.176470588235294,2.8823529411764706,32.137200368577304,10.111912706345228,2.223973011407953,-2.0502752401700373,2.1850675155059474,-2.201062050985824,7.133812123729982,-0.1188472499329675,2.8597169241864737,1.9285704326974729,628.7124913866713,11.828062645816686,9.18003015639932,9.996526737327049,8.237183443017882,5.59398310706543,6.367379769199403,4.327900406214569,5.391074073259288,3.0385268906218363,4.126499633638602,2.165934248166781,3.263106625196186,-1.62,14638.89093491056,10.528695443753053,3.996574171878231,1.8646118104435216,102.01592618028027,5.316788604006331,0.0,0.0,5.907179729351506,5.559266895052007,0.0,13.54573547640424,0.0,0.0,0.0,23.665220748489897,12.13273413692322,25.428240480912553,10.086144130933896,4.794537184071822,27.525810471852076,0.0,9.273449712266927,5.917906046161393,12.965578028838586,6.544756405912575,34.61927235297027,0.0,10.87605549905834,0.0,0.0,11.532486611566677,16.408597243524678,11.339293589984395,5.917906046161393,6.4208216229260096,29.060005457918265,0.0,10.086144130933896,51.1,0.0,9.589074368143644,0.0,17.38435267056491,19.51033443475116,10.086144130933896,11.532486611566677,3.956661108260597,24.26546827384644,5.316788604006331,0.0,2.768595049130764,1.4770578231292515,23.171432035777272,3.5663351914840016,0.0601379440665157,0.3309466070378772,7.614459824053078,0.5284575774754345,1.3159112811791382,0.0,0.3333333333333333,17.0,1.0,4.0,0.0,1.0,1.0,1.0,1.0,2.0,3.0,1.0,5.0,2.0,0.0,1.0,1.0,3.0,1.1991,67.20170000000002,0.0,0.0,0.0,0.0,0.0,1.0,0.0,0.0,0.0,0.0,1.0,1.0,0.0,0.0,0.0,1.0,1.0,0.0,0.0,0.0,0.0,0.0,0.0,0.0,0.0,1.0,0.0,0.0,0.0,0.0,1.0,1.0,0.0,0.0,0.0,0.0,0.0,0.0,0.0,0.0,0.0,0.0,0.0,0.0,0.0,0.0,0.0,0.0,0.0,0.0,0.0,0.0,0.0,0.0,0.0,0.0,0.0,0.0,0.0,0.0,0.0,0.0,0.0,0.0,0.0,0.0,0.0,0.0,0.0,0.0,chembl_mpro_simfilter_potent,CHEMBL4523582,0.859375
19964218,CHEMBL3797437,Oc1cc2c(cc1C(c1ccc(C(F)(F)F)cc1)N1CCOCC1)OCO2,540.0,nM,=,6.27,CHEMBL4495583,SARS-CoV-2 3CL-Pro protease inhibition IC50 determined by FRET kind of response from peptide substrate,0.0005370317963702,12.915093571685382,12.915093571685382,0.0098516235197783,-4.39496193597835,0.8812162516238017,18.48148148148148,381.35000000000025,363.2060000000002,381.1187927159999,144.0,0.4159098560016694,-0.5074506442574643,0.5074506442574643,0.4159098560016694,0.9629629629629628,1.5925925925925926,2.2222222222222223,19.41318419469251,9.941637828948869,2.3228176017683073,-2.3514369980452785,2.432917503910778,-2.391419105539164,5.538378509357163,-0.1371489501799288,3.097611874332522,1.758413030834995,816.9398550998941,19.01829709012867,14.330051271679308,14.330051271679308,12.931671556017465,8.547574770502568,8.547574770502568,6.434930346548293,6.434930346548293,4.7810420160389295,4.7810420160389295,3.443114809857077,3.443114809857077,-2.4500000000000006,1890633.6027226036,17.93866472771829,6.93652486891093,3.544192758609795,153.42273913897756,19.31711625624085,5.749511833283905,11.49902366656781,6.792942306099827,0.0,6.176298517443475,4.899909730850477,0.0,13.17124514302446,0.0,12.13273413692322,23.762552697081823,24.719331371983756,24.81905624987079,32.488361399265315,0.0,0.0,4.899909730850477,0.0,12.218139346591435,33.096219046950814,53.08855688586065,17.248535499851716,9.473725907600098,13.17124514302446,17.248535499851716,0.0,43.10265617264199,10.913161471243525,0.0,22.732195304238942,36.39820241076966,0.0,0.0,51.16000000000001,17.78159083828843,18.277772537865165,0.0,12.542454139383732,48.92920339081278,12.13273413692322,18.19910120538483,6.06636706846161,0.0,4.899909730850477,14.210588861400147,54.820875172957145,0.0,2.072768329554044,10.547444176744772,0.5017223062064333,0.9657478797240252,7.7733428209246656,-4.39496193597835,2.2963945832005894,0.0,0.3684210526315789,27.0,1.0,5.0,0.0,2.0,2.0,2.0,0.0,2.0,5.0,1.0,8.0,3.0,0.0,1.0,1.0,4.0,3.561300000000003,89.90880000000003,0.0,0.0,0.0,0.0,0.0,0.0,0.0,1.0,0.0,0.0,0.0,0.0,0.0,0.0,0.0,1.0,0.0,0.0,0.0,0.0,0.0,0.0,0.0,3.0,0.0,0.0,0.0,0.0,0.0,0.0,2.0,1.0,0.0,0.0,3.0,0.0,0.0,3.0,0.0,0.0,0.0,0.0,0.0,0.0,0.0,0.0,1.0,0.0,0.0,0.0,0.0,0.0,0.0,0.0,1.0,1.0,0.0,0.0,0.0,0.0,0.0,0.0,0.0,0.0,0.0,0.0,0.0,0.0,0.0,0.0,chembl_mpro_simfilter_potent,CHEMBL4523582,0.859375
26152746,CHEMBL5523475,C=CS(=O)(=O)N(c1ccc(-c2ccccc2)cc1)[C@@H](C(=O)N[C@@H](C)c1ccccc1)c1cccnc1,310.0,nM,=,6.51,CHEMBL5626578,Inhibition of MPro of SARS CoV-2 BetaCoV/Wuhan/WIV04/2019 preincubated for 30 mins followed by substrate addition measured for 1 hr by FRET assay,0.0003090295432513,13.71391294715519,13.71391294715519,0.3388410703787687,-4.075017689174432,0.3242345045333663,12.805555555555555,497.6200000000002,470.40400000000034,497.1773127240001,182.0,0.2574078121574551,-0.3474503495798792,0.3474503495798792,0.2574078121574551,0.8611111111111112,1.4444444444444444,2.0277777777777777,32.23332265295618,10.034827901976472,2.3559080640755012,-2.317104655871084,2.3304966201431294,-2.4355423004847143,7.951858534697025,-0.1225187160156016,2.9270965827258277,1.7675177309601775,1409.3585286346072,25.54539482762412,19.85888278702406,20.675379367951788,17.403015330320244,11.480987835768174,12.984207394895982,8.25018864496911,10.00685852544096,5.8550380455315585,7.246240963256981,4.00297708315696,5.090446436839706,-4.229999999999999,140204647.9643945,24.880713246148797,11.009051010981642,5.527080703432971,211.5543772191012,5.316788604006331,0.0,6.041840829147961,5.907179729351506,10.023291153407584,0.0,9.778515705019029,12.72301297562517,0.0,0.0,85.44170757359944,41.81319288016644,23.36519072557781,11.729227103831525,13.212334168400758,21.61785715744265,0.0,10.300767124953538,0.0,19.007418857986544,4.305215991296233,132.5694509962591,11.126902983393991,9.622004595302563,5.687386274683562,0.0,0.0,19.30895523462765,14.817828337479405,0.0,30.134321841380533,121.4425480128651,0.0,11.126902983393991,79.37,21.97231171190705,13.212334168400758,0.0,6.041840829147961,11.250837766380558,26.40362255704188,6.196843571613076,30.462311845459517,79.72014202122996,16.879702808552036,0.0,27.7706744287859,0.0,17.849623547838387,3.827814858585512,3.607125725416498,-0.4750796613666377,28.134814014530896,3.0768165598297275,5.366561548887487,-4.075017689174432,0.1034482758620689,36.0,1.0,6.0,0.0,0.0,0.0,3.0,1.0,4.0,4.0,1.0,7.0,9.0,0.0,0.0,0.0,4.0,5.647000000000005,143.45149999999984,0.0,0.0,0.0,0.0,0.0,1.0,0.0,0.0,0.0,0.0,1.0,1.0,0.0,0.0,0.0,2.0,1.0,0.0,0.0,0.0,0.0,0.0,0.0,0.0,0.0,1.0,0.0,1.0,0.0,0.0,3.0,0.0,0.0,0.0,0.0,0.0,0.0,0.0,0.0,0.0,0.0,0.0,0.0,0.0,0.0,0.0,0.0,0.0,0.0,0.0,0.0,0.0,0.0,0.0,0.0,0.0,0.0,0.0,0.0,1.0,0.0,0.0,1.0,0.0,0.0,0.0,0.0,0.0,0.0,0.0,chembl_mpro_simfilter_potent,CHEMBL4523582,0.859375
25559094,CHEMBL5408081,CCOc1ccc(-c2n/c(=N\C)sn2-c2ccc(F)cc2)cc1,462.0,nM,=,6.33,CHEMBL5347925,Inhibition of full-length recombinant SARS-CoV-2 3CL protease expressed in Escherichia coli BL21 (DE3) cells using fluorogenic MCA-AVLQSGFR-Lys (Dnp)-Lys-NH2 substrate preincubated for 10 mins followed by substrate addition measured for 3.5 mins by FRET assay,0.0004677351412871,13.160352298515178,13.160352298515178,0.2621434280683361,-0.2621434280683361,0.7325022527251746,11.695652173913045,329.40000000000003,313.27200000000005,329.09981135199996,118.0,0.2223680146795965,-0.4938893325585656,0.4938893325585656,0.2223680146795965,1.1304347826086956,1.826086956521739,2.4347826086956523,32.137198650574696,10.170864112998704,2.108372422875058,-2.0738833266254812,2.2424108328602013,-1.9700077519100805,7.036859418029771,0.3400643216935947,3.0085557193657895,2.076023535124879,850.7950349803539,16.233840039752504,12.862010775140384,13.67850735606811,11.207039898056806,7.233568622926583,8.006965285060556,4.76106273470328,5.673933663878557,3.242793467267678,4.246283509729053,2.1723051871047248,3.004375205054042,-2.47,271829.0263561378,15.426629615904938,6.745360116458341,3.3179918126975725,137.24554170095334,4.736862953800049,11.5667326743298,5.824404497999927,4.801402653462074,0.0,0.0,4.992404732635668,8.347076155935415,4.983978520947208,0.0,0.0,66.98716035895018,12.611123474374184,12.29426823919648,9.127278001474869,11.532486611566677,0.0,8.940639629207805,4.992404732635668,6.923737199690624,13.654553947190108,59.14956004220085,22.82475409766439,9.538265607262122,4.39041504767482,5.749511833283905,11.532486611566677,22.59519357639791,0.0,5.817220841045894,6.923737199690624,53.523341280328545,0.0,17.075242264380485,39.41,0.0,4.39041504767482,0.0,5.817220841045894,11.408284617974992,22.82475409766439,23.665220748489897,19.18040611960041,35.14586658179766,9.976383253582876,4.736862953800049,20.568628419990706,1.4129393948937596,9.37389208731651,0.0,1.7977896143025118,1.326255557405866,14.069944566950335,0.0,2.579715452838233,1.7041682396354112,0.1764705882352941,23.0,0.0,4.0,0.0,0.0,0.0,2.0,1.0,3.0,4.0,0.0,6.0,4.0,0.0,0.0,0.0,3.0,3.669100000000002,89.49100000000001,0.0,0.0,0.0,0.0,0.0,2.0,0.0,0.0,0.0,0.0,0.0,0.0,0.0,0.0,0.0,3.0,0.0,0.0,0.0,0.0,0.0,0.0,0.0,0.0,0.0,0.0,0.0,0.0,0.0,0.0,2.0,0.0,0.0,0.0,1.0,0.0,0.0,1.0,0.0,0.0,0.0,0.0,0.0,0.0,0.0,0.0,0.0,0.0,0.0,0.0,0.0,0.0,0.0,0.0,0.0,0.0,0.0,0.0,0.0,0.0,0.0,0.0,0.0,0.0,0.0,0.0,0.0,0.0,0.0,0.0,chembl_mpro_simfilter_potent,CHEMBL4523582,0.859375
25559095,CHEMBL5430129,C/N=c1\nc(-c2ccc(OC)c(OC)c2)n(-c2ccc(F)cc2)s1,252.0,nM,=,6.6,CHEMBL5347925,Inhibition of full-length recombinant SARS-CoV-2 3CL protease expressed in Escherichia coli BL21 (DE3) cells using fluorogenic MCA-AVLQSGFR-Lys (Dnp)-Lys-NH2 substrate preincubated for 10 mins followed by substrate addition measured for 3.5 mins by FRET assay,0.0002511886431509,13.208971556380188,13.208971556380188,0.2806161916353109,-0.2806161916353109,0.7289828058182429,11.583333333333334,345.399,329.271,345.094725972,124.0,0.2223680325596498,-0.4928695257867348,0.4928695257867348,0.2223680325596498,1.0416666666666667,1.75,2.375,32.13719873475524,10.15436985261432,2.135766685646656,-2.1027053023919584,2.321862388742635,-1.9773054922134663,7.036866955950365,0.3548756030629495,3.0581936776788576,2.17481568923322,916.330244607764,17.10408352775558,13.485802015228073,14.3022985961558,11.655728303040547,7.175074099971547,7.94847076210552,4.873435170399073,5.786306099574351,3.4610133851863045,4.464503427647681,2.280719356718836,3.112789374668156,-2.6699999999999995,423755.5487538933,16.197057917220064,6.83802145921163,3.0257440193985583,142.3590869304602,9.473725907600098,5.817220841045894,17.323428164567737,4.801402653462074,0.0,0.0,4.992404732635668,8.347076155935415,4.983978520947208,0.0,0.0,53.99705609079795,12.611123474374184,19.906981357238628,13.864140955274918,11.532486611566677,0.0,8.940639629207805,4.992404732635668,0.0,21.267267065232257,53.08319297373924,28.574265930948293,14.275128561062171,4.39041504767482,11.49902366656781,11.532486611566677,30.207906694440062,0.0,5.817220841045894,0.0,47.456974211866935,0.0,17.075242264380485,48.64000000000001,0.0,4.39041504767482,0.0,5.817220841045894,22.12483081802981,11.250837766380558,23.665220748489897,33.40000120215548,22.15576231364543,9.976383253582876,9.473725907600098,25.747627984477905,1.3810747092046691,9.33545440707147,0.0,1.6636202706391203,1.6795864597497003,11.828684964726634,0.0,0.0,4.863951204130504,0.1764705882352941,24.0,0.0,5.0,0.0,0.0,0.0,2.0,1.0,3.0,5.0,0.0,7.0,4.0,0.0,0.0,0.0,3.0,3.287600000000002,91.42600000000004,0.0,0.0,0.0,0.0,0.0,2.0,0.0,0.0,0.0,0.0,0.0,0.0,0.0,0.0,0.0,3.0,0.0,0.0,0.0,0.0,0.0,0.0,0.0,0.0,0.0,0.0,0.0,0.0,0.0,0.0,2.0,0.0,0.0,0.0,2.0,0.0,0.0,1.0,0.0,0.0,0.0,0.0,0.0,0.0,0.0,2.0,0.0,0.0,0.0,0.0,0.0,0.0,0.0,0.0,0.0,0.0,0.0,0.0,0.0,0.0,0.0,0.0,0.0,0.0,0.0,0.0,0.0,0.0,0.0,0.0,chembl_mpro_simfilter_potent,CHEMBL4523582,0.859375
24977685,CHEMBL5267414,O=C(CCl)N1N=C(c2cc(Cl)ccc2F)C(c2ccccc2)C1c1ccc2nccnc2c1,14.0,nM,=,7.85,CHEMBL5225084,Inhibition of SARS-CoV-2 Main protease,1.4125375446227552e-05,14.971185880122718,14.971185880122718,0.2424132863021748,-0.5570020786092222,0.3514171753895751,17.90909090909091,479.34200000000016,462.2060000000003,478.076344744,164.0,0.2576935622844526,-0.2715416071355397,0.2715416071355397,0.2576935622844526,0.9393939393939394,1.696969696969697,2.4545454545454546,35.49677011314038,9.814879063215692,2.429638105243877,-2.271768229059775,2.4460484988562756,-2.305621761765052,6.30837589158781,-0.1299887242850386,3.2539127155709147,1.7380514418456507,1379.4702523496803,22.949018510446813,17.198356910522318,18.71021480255922,16.062881945713375,10.241370527387492,11.153857484221566,7.61903211939673,8.322729141781139,5.65707578482224,6.120804693661417,4.216977874507933,4.511539702777521,-3.349999999999999,53743548.72669684,21.493335268883207,8.885387896544696,3.963571195170756,199.04431357673883,0.0,11.697224286016231,0.0,0.0,5.907179729351506,0.0,14.762494225966236,9.39932757162935,5.101407525739722,11.600939890232516,47.99914230100217,41.45873832570204,22.97977194866447,28.704833313312577,9.184952231746642,45.85414594781976,0.0,14.976869565848949,5.101407525739722,11.959746875309351,5.880003444970339,106.65393352618209,0.0,0.0,4.39041504767482,0.0,23.20187978046503,32.47573774294149,4.794537184071822,5.817220841045894,28.65010135040034,84.22513242204359,5.022633313741326,11.033401435232523,58.45,17.776967716355248,9.184952231746642,0.0,17.35063466601884,16.25101903412829,16.643603701010253,23.20801372933936,12.393687143226153,48.53093654769288,15.069364567634135,23.20187978046503,14.971185880122718,12.141219226293549,21.626476358198794,6.328651158117398,3.728877960168695,-1.581173704436539,18.94030806508996,3.233343945334316,0.0,0.0,0.12,33.0,0.0,5.0,0.0,1.0,1.0,3.0,1.0,4.0,4.0,0.0,8.0,4.0,0.0,0.0,0.0,5.0,5.732500000000005,126.975,0.0,0.0,0.0,0.0,0.0,2.0,0.0,0.0,0.0,0.0,1.0,1.0,0.0,0.0,0.0,4.0,0.0,0.0,0.0,0.0,0.0,0.0,0.0,1.0,0.0,1.0,0.0,0.0,0.0,0.0,3.0,1.0,0.0,0.0,0.0,0.0,0.0,3.0,0.0,1.0,0.0,0.0,0.0,0.0,0.0,0.0,0.0,0.0,0.0,0.0,0.0,0.0,0.0,0.0,0.0,0.0,0.0,0.0,0.0,0.0,0.0,0.0,0.0,0.0,0.0,0.0,0.0,0.0,0.0,0.0,chembl_mpro_simfilter_potent,CHEMBL4523582,0.859375
24977727,CHEMBL5287202,COc1cc(O)c2c(c1)O[C@H](c1cc(O)c(O)c(O)c1)[C@@H](O)C2=O,260.0,nM,=,6.58,CHEMBL5225108,Inhibition of N-terminal GST-tagged recombinant full length SARS-CoV-2 3CL protease expressed in Escherichia coli BL21 (DE3) cells using MCA-AVLQSGFR-Lys(Dnp)-Lys-NH2 as fluorogenic substrate preincubated for 10 mins followed by substrate addition and measured for 10 mins by FRET assay,0.0002630267991895,12.352317806752332,12.352317806752332,0.0146253779289491,-1.680428004535148,0.5166718769633345,19.5,334.28000000000003,320.16800000000006,334.06886740799996,126.0,0.2024435996638127,-0.5069050295951055,0.5069050295951055,0.2024435996638127,1.0,1.625,2.2083333333333335,16.510593467401268,9.922450874585314,2.39323813592645,-2.3010887662468194,2.4424398037329733,-2.3581090224909427,6.052362504435814,0.0208764555155861,2.54286413014072,2.1009871066681325,806.0625028163798,17.593493648205172,12.424914464029136,12.424914464029136,11.328606258093464,6.879033746583715,6.879033746583715,5.274961913184278,5.274961913184278,3.7668481030018928,3.7668481030018928,2.561180371524379,2.561180371524379,-3.1300000000000003,224555.24560446668,15.7538190957464,5.498939152310148,2.3286141379818175,135.3022159496558,35.006362881803625,22.81198699154871,29.45646827534832,5.783244946364939,0.0,0.0,4.794537184071822,0.0,0.0,0.0,0.0,12.13273413692322,17.696185628620217,7.109797541277533,39.800900065875446,5.783244946364939,0.0,0.0,0.0,12.207932775496603,7.109797541277533,35.392371257240434,34.49707099970343,9.473725907600098,0.0,34.49707099970343,0.0,44.529645849594296,0.0,0.0,22.025406555214115,24.26546827384644,0.0,0.0,136.68,40.98922505499716,30.327174158275348,0.0,22.6259266499618,0.0,12.13273413692322,19.242531678200752,0.0,0.0,0.0,9.473725907600098,10.550398802452824,0.0,12.352317806752332,48.70594201632035,-0.1218685962039132,-2.9475337849913963,4.694242266338226,-2.9360704837490568,0.0,1.3692386397472975,0.1875,24.0,5.0,8.0,0.0,1.0,1.0,2.0,0.0,2.0,8.0,5.0,8.0,2.0,0.0,0.0,0.0,3.0,1.1948999999999992,79.80149999999999,0.0,1.0,1.0,0.0,0.0,0.0,0.0,4.0,0.0,0.0,1.0,1.0,0.0,0.0,0.0,0.0,0.0,0.0,0.0,0.0,0.0,0.0,0.0,0.0,0.0,0.0,0.0,0.0,0.0,0.0,2.0,1.0,0.0,0.0,2.0,0.0,0.0,0.0,0.0,0.0,0.0,0.0,1.0,1.0,0.0,1.0,0.0,0.0,0.0,0.0,0.0,0.0,0.0,0.0,4.0,4.0,0.0,0.0,0.0,0.0,0.0,0.0,0.0,0.0,0.0,0.0,0.0,0.0,0.0,0.0,chembl_mpro_simfilter_potent,CHEMBL4523582,0.859375
25921820,CHEMBL5575341,Cc1ccc(OCCN)cc1C(=O)N[C@H](C)c1cccc(-c2ccc(F)cc2F)c1,1540.0,nM,=,5.81,CHEMBL5528733,Inhibition of C-terminal His-tagged SARS-CoV-2 BetaCoV/Wuhan/WIV04/2019 PLpro expressed in Escherichia coli BL21 (DE3) cells preincubated for 30 mins followed by substrate addition and measured after 1 hrs by FRET assay,0.0015488166189124,14.14172701924863,14.14172701924863,0.2392923410564102,-0.6307799573557424,0.5898220431737554,11.766666666666667,410.4640000000001,386.2720000000001,410.180584448,156.0,0.2516570109369417,-0.4922565201426836,0.4922565201426836,0.2516570109369417,1.1,1.9,2.6333333333333333,19.145461613046557,9.989392109768968,2.155642206564414,-2.1702993804338924,2.265027024063551,-2.2698465980616405,5.958736450037112,0.0938509104615814,2.727625950991807,1.7922596134721973,1053.1259640245023,21.672997628507925,16.91484231959479,16.91484231959479,14.384249150759294,9.685271675382108,9.685271675382108,7.058645074738496,7.058645074738496,4.816605773918782,4.816605773918782,3.169158891011637,3.169158891011637,-3.2499999999999982,4801407.230019466,21.458657844990547,9.498880274003538,5.017154825812538,174.23113523402853,15.787319034968563,23.990835479888613,0.0,0.0,5.907179729351506,0.0,4.794537184071822,8.78083009534964,0.0,0.0,24.26546827384644,60.86966421678028,23.738026457768175,6.041840829147961,18.31223023322151,5.907179729351506,0.0,5.316788604006331,5.733667477162185,19.88931522852921,13.151638370425491,88.9884668417989,16.876414816677897,15.787319034968563,8.78083009534964,5.749511833283905,0.0,19.058818099777,0.0,18.558178881782418,34.4504696880014,60.6636706846161,0.0,11.126902983393991,64.35,11.634441682091788,13.575367279421462,0.0,11.949020558499466,35.59150467880038,17.193270051855603,12.13273413692322,30.33183534230805,25.980208536304467,5.316788604006331,10.470530430962237,32.85185559569932,0.0,12.82874831055522,2.9660899838330397,8.508656291349265,-0.912929777907123,15.63550199178373,0.0,4.455410938019879,0.0,0.2083333333333333,30.0,3.0,4.0,0.0,0.0,0.0,3.0,0.0,3.0,3.0,2.0,6.0,7.0,0.0,0.0,0.0,3.0,4.768720000000004,113.40360000000004,0.0,0.0,0.0,0.0,0.0,0.0,0.0,0.0,0.0,0.0,1.0,1.0,0.0,0.0,0.0,0.0,1.0,1.0,0.0,0.0,0.0,0.0,0.0,0.0,0.0,1.0,0.0,0.0,1.0,0.0,3.0,0.0,0.0,0.0,1.0,0.0,0.0,2.0,0.0,0.0,0.0,0.0,0.0,0.0,0.0,0.0,0.0,0.0,0.0,0.0,0.0,0.0,0.0,0.0,0.0,0.0,0.0,0.0,0.0,0.0,0.0,0.0,0.0,0.0,0.0,0.0,0.0,0.0,0.0,0.0,chembl_mpro_simfilter_potent,CHEMBL4523582,0.859375
24984034,CHEMBL5280512,Cc1ccccc1Cn1c(=O)sn(-c2cccc3ccccc23)c1=O,1550.0,nM,=,5.81,CHEMBL5227016,Inhibition of SARS-COV2 main protease using Mca-AVLQ-SGFR-K as substrate by Fluorescence microplate reader assay,0.0015488166189124,12.88590230536659,12.88590230536659,0.2489006991685562,-0.2966609977324261,0.5680316245334864,11.08,348.42700000000013,332.29900000000015,348.09324875199997,124.0,0.3457442442247683,-0.2549170607977399,0.3457442442247683,0.2549170607977399,0.88,1.6,2.44,32.13720478578044,10.09809401270282,2.140936660217887,-2.060933216252379,2.2128839636446966,-2.28733973104756,7.035089957869494,0.720103705883185,2.9088670539822896,1.870491977996514,1178.7434515428524,17.388540578131757,13.67713180466394,14.493628385591666,12.147867045540844,8.007872443376423,8.781269105510395,5.945050335801105,6.842013745807992,4.369540646910265,5.281568233478432,2.9817867321941485,3.8133810914486577,-2.919999999999999,823715.5191443809,15.598585502468657,6.18185156092719,2.7237391853958917,147.92087668668154,0.0,0.0,0.0,0.0,0.0,10.562705995259783,4.794537184071822,13.318297940123774,0.0,0.0,60.6636706846161,29.50323146601102,16.91871082603147,12.232142680596136,0.0,22.304935040496268,0.0,8.523760756051951,0.0,13.4684936056032,0.0,98.00872109987516,5.687386274683562,10.562705995259783,0.0,0.0,11.532486611566677,8.523760756051951,6.544756405912575,6.923737199690624,11.126902983393991,76.31911212122137,0.0,16.459834703613154,44.0,0.0,9.589074368143644,0.0,10.562705995259783,6.544756405912575,39.11922429857382,8.523760756051951,0.0,73.65377495276834,0.0,0.0,2.789398148148148,0.945595946712018,25.083564657344414,1.9949948746205963,2.4903892329812254,0.0,21.423657790021423,0.0,2.2723993501721673,0.0,0.1,25.0,0.0,4.0,0.0,0.0,0.0,3.0,1.0,4.0,3.0,0.0,5.0,3.0,0.0,0.0,0.0,4.0,3.5706200000000026,101.96300000000002,0.0,0.0,0.0,0.0,0.0,2.0,0.0,0.0,0.0,0.0,0.0,0.0,0.0,0.0,0.0,2.0,0.0,0.0,0.0,0.0,0.0,0.0,0.0,0.0,0.0,0.0,0.0,0.0,1.0,0.0,3.0,1.0,0.0,0.0,0.0,0.0,0.0,0.0,0.0,0.0,0.0,0.0,0.0,0.0,0.0,0.0,0.0,0.0,0.0,0.0,0.0,0.0,0.0,0.0,0.0,0.0,0.0,0.0,0.0,0.0,0.0,0.0,0.0,0.0,0.0,0.0,0.0,0.0,0.0,0.0,chembl_mpro_simfilter_potent,CHEMBL4523582,0.859375
25921837,CHEMBL5563616,COCCn1cc(-c2cccc([C@@H](C)NC(=O)c3cc(OCCN)ccc3C)c2)cn1,1510.0,nM,=,5.82,CHEMBL5528733,Inhibition of C-terminal His-tagged SARS-CoV-2 BetaCoV/Wuhan/WIV04/2019 PLpro expressed in Escherichia coli BL21 (DE3) cells preincubated for 30 mins followed by substrate addition and measured after 1 hrs by FRET assay,0.0015135612484362,12.91736964682821,12.91736964682821,0.1379752461286896,-0.1629605635999942,0.5229161080564322,11.870967741935484,422.5290000000002,392.28900000000016,422.23179082,164.0,0.2516570109369488,-0.4922565201426836,0.4922565201426836,0.2516570109369488,1.1935483870967742,2.032258064516129,2.806451612903226,16.477681808716955,10.010891176998118,2.151404039983583,-2.166795338164832,2.2388224572958824,-2.269734494259959,5.958678460302906,0.0938515944537025,3.258421907149887,1.7198130819001367,1015.5639397275664,22.216967702877938,18.298452148223586,18.298452148223586,15.011570350697117,10.376172570419758,10.376172570419758,7.419359270276153,7.419359270276153,5.065557336732513,5.065557336732513,3.277344732320575,3.277344732320575,-3.1599999999999997,11375698.292740656,22.523538298988704,10.744743769671375,5.93143911231885,182.71566945783363,20.524181988768618,12.356393797796825,0.0,0.0,5.907179729351506,0.0,9.476340119217006,0.0,5.098681808301038,0.0,24.26546827384644,48.73693007985707,30.978300502197175,25.39032277118653,14.26826309167192,5.907179729351506,0.0,15.097273347452552,5.733667477162185,26.434071634441786,26.868317876215947,71.5486110975484,16.876414816677897,15.787319034968563,0.0,5.749511833283905,0.0,42.555982349013675,11.281619359712623,6.923737199690624,34.45046968800139,54.85825662245742,0.0,11.126902983393991,91.4,0.0,4.794537184071822,0.0,11.949020558499466,37.61624006583189,22.253805966787983,0.0,13.176164609739144,61.254799820060626,16.48183748076898,15.207393384762284,12.52662326061812,0.0,12.91736964682821,7.470924447045531,10.075284250754924,0.5021501331872738,13.452912457239613,3.839088786183497,6.040553065356731,1.6750939527861026,0.3333333333333333,31.0,3.0,7.0,0.0,0.0,0.0,2.0,1.0,3.0,5.0,2.0,7.0,10.0,0.0,0.0,0.0,3.0,3.333420000000001,121.14860000000004,0.0,0.0,0.0,0.0,0.0,2.0,0.0,0.0,0.0,0.0,1.0,1.0,0.0,0.0,0.0,2.0,1.0,1.0,0.0,0.0,0.0,0.0,0.0,0.0,0.0,1.0,0.0,0.0,1.0,0.0,2.0,0.0,0.0,0.0,2.0,0.0,0.0,0.0,0.0,0.0,0.0,0.0,0.0,0.0,0.0,1.0,0.0,0.0,0.0,0.0,0.0,0.0,0.0,0.0,0.0,0.0,0.0,0.0,0.0,0.0,0.0,0.0,0.0,0.0,0.0,0.0,0.0,0.0,0.0,0.0,chembl_mpro_simfilter_potent,CHEMBL4523582,0.859375
24830445,CHEMBL5173858,CCOC(=O)C=C[C@H](C[C@@H]1CCNC1=O)NC(=O)[C@@H]1[C@@H]2[C@H](CN1C(=O)[C@@H](NC(=O)C(F)(F)F)C(C)(C)C)C2(C)C,44.0,nM,=,7.36,CHEMBL5142713,Inhibition of full length SARS-CoV-2 3CLpro expressed in Escherichia coli BL21 (DE3) cells using (DABCYL)KTSAVLQSGFRKM(Glu)(EDANS) peptide as substrate preincubated for 30 mins followed by substrate addition and measured after 1.5 hrs by FRET assay,4.3651583224016566e-05,13.751928146258503,13.751928146258503,0.0553056013434356,-5.179854068158823,0.2845571265733086,27.025,572.625,533.3130000000002,572.282169628,224.0,0.470684284283244,-0.4628323197298202,0.470684284283244,0.4628323197298202,1.175,1.825,2.35,19.413384232084976,9.847195038942791,2.6951743714611,-2.3762424303426415,2.6459719010770817,-2.60589855570824,5.947316927225952,-0.1759161594060727,3.1747876373989627,1.860295477111995,1067.467494325526,30.206377823327536,23.68493281676057,23.68493281676057,18.38911977487748,13.503463047336147,13.503463047336147,12.397914012410114,12.397914012410114,8.186201928795947,8.186201928795947,5.855910057060751,5.855910057060751,-3.1199999999999997,214422585.45193964,31.408215973174823,11.399998044466658,6.773864893164316,231.34783166890136,25.587138496669517,12.08368165829592,0.0,17.721539188054518,0.0,18.05278353474683,19.178148736287287,4.794537184071822,13.17124514302446,0.0,40.694706105287,42.431173476658984,31.12527979396839,6.606881964512918,41.88079401718362,29.59802420535787,0.0,20.85027554286947,28.583699077277736,78.68588744888311,19.696394776338067,12.152040213667762,0.0,15.950365812018994,13.17124514302446,0.0,0.0,78.49614971743377,28.70954887415915,28.583699077277736,54.38406644399575,12.152040213667762,0.0,0.0,133.91,59.325561996451896,37.14393106338357,0.0,42.730442284422566,12.965578028838586,0.0,37.82316154359011,6.923737199690624,19.16426300338758,10.633577208012662,4.736862953800049,44.09916090049251,0.0,64.60178098466983,7.412640485910583,-1.3661660723226414,-5.039280722935318,-3.275711885674302,-1.8058876534506667,10.95679729664335,0.0,0.7407407407407407,40.0,3.0,10.0,1.0,2.0,3.0,0.0,0.0,0.0,6.0,3.0,13.0,9.0,1.0,2.0,3.0,3.0,1.6929000000000032,137.14009999999996,0.0,0.0,0.0,0.0,0.0,0.0,0.0,0.0,0.0,0.0,5.0,5.0,0.0,0.0,0.0,1.0,3.0,0.0,0.0,1.0,0.0,0.0,0.0,3.0,0.0,4.0,0.0,0.0,0.0,0.0,0.0,1.0,0.0,1.0,1.0,0.0,0.0,3.0,0.0,0.0,0.0,0.0,0.0,0.0,0.0,0.0,0.0,0.0,0.0,0.0,0.0,0.0,0.0,0.0,0.0,0.0,1.0,0.0,0.0,0.0,0.0,0.0,0.0,0.0,0.0,0.0,0.0,0.0,0.0,0.0,chembl_mpro_simfilter_potent,CHEMBL4523582,0.859375
24789321,CHEMBL50894,O=C1Cc2c([nH]c3ccc([N+](=O)[O-])cc23)-c2ccccc2N1,1500.0,nM,=,5.82,CHEMBL5132032,Inhibition of SARS-CoV-2 M-protease,0.0015135612484362,12.110101095993954,12.110101095993954,0.0205928235491732,-0.4270311318972033,0.5329812130059154,13.181818181818182,293.282,282.19399999999996,293.0800412120001,108.0,0.2696889453876329,-0.3542121760300012,0.3542121760300012,0.2696889453876329,1.1363636363636365,1.9545454545454544,2.772727272727273,16.628242618277863,10.027859107938497,2.2306056824553795,-2.0510335078540978,2.3761203829206514,-2.1198876523957253,6.050665372171951,-0.3843201107877834,2.78009408001351,2.0524341527961103,942.9590690341992,15.267220234572113,11.42051713240548,11.42051713240548,10.631030293135238,6.81537023674078,6.81537023674078,5.236086714401872,5.236086714401872,3.908360357650551,3.908360357650551,2.927845122529822,2.927845122529822,-3.1499999999999995,166750.04291921033,12.580123737360514,4.423038145087919,1.773900688192816,124.4677353597261,10.300767124953538,0.0,0.0,5.907179729351506,5.687386274683562,0.0,14.908855452837392,0.0,0.0,0.0,18.19910120538483,17.696185628620217,28.599110560701273,22.725446941275703,9.717848232889493,28.184877210799687,0.0,4.983978520947208,0.0,6.4208216229260096,5.316788604006331,58.14233923969384,11.257379486545457,5.316788604006331,11.374772549367124,0.0,0.0,15.814469299116382,11.21535880699783,10.114318268765572,5.563451491696996,42.46456947923127,0.0,22.160304418626513,88.03,4.923311048817671,14.908855452837392,0.0,18.015387626961076,0.0,33.41114218500707,12.13273413692322,6.06636706846161,24.26546827384644,10.300767124953538,0.0,0.0,0.0,25.948438217509736,14.564519330510493,4.07634275006299,-0.1262906273620558,12.184628273345355,0.1856953892668176,0.0,0.0,0.0625,22.0,2.0,6.0,0.0,1.0,1.0,2.0,1.0,3.0,3.0,2.0,6.0,1.0,0.0,0.0,0.0,4.0,3.2377,82.72280000000002,0.0,0.0,0.0,0.0,0.0,1.0,1.0,0.0,0.0,0.0,1.0,1.0,0.0,0.0,0.0,1.0,2.0,0.0,0.0,0.0,1.0,0.0,0.0,0.0,0.0,1.0,0.0,1.0,0.0,0.0,2.0,5.0,0.0,0.0,0.0,0.0,0.0,0.0,0.0,0.0,0.0,0.0,0.0,0.0,0.0,0.0,0.0,0.0,1.0,1.0,1.0,0.0,0.0,1.0,0.0,0.0,0.0,0.0,0.0,0.0,0.0,0.0,0.0,0.0,0.0,0.0,0.0,0.0,0.0,0.0,chembl_mpro_simfilter_potent,CHEMBL4523582,0.859375
26112780,CHEMBL586628,CSc1nc2cc3c(cc2n1C(=O)c1ccc(C)cc1)OCCO3,140.0,nM,=,6.85,CHEMBL5610433,Inhibition of SARS-CoV-2 3CLpro using Dabcyl-KTSAVLQSGFRKM-Glu(Edans) as substrate preincubated for 30 mins followed by substrate addition and measured after 30 mins by FRET assay,0.0001412537544622,13.018061381960193,13.018061381960193,0.0985853647014356,-0.0985853647014356,0.6681616534230065,13.25,340.4040000000001,324.27600000000007,340.08816337199994,122.0,0.2640040876714445,-0.4860626048811013,0.4860626048811013,0.2640040876714445,1.125,1.7916666666666667,2.4583333333333335,32.16642740648022,10.130931571526352,2.214960402108784,-2.177763195242031,2.3576737754970045,-2.158287296837964,7.980382548858112,0.095471616491345,2.9674544569317995,1.891652605019403,931.5820234155244,16.681433796945207,13.40573553036622,14.222232111293948,11.66903509559602,7.646196872756281,8.87094174414787,5.589670816727571,6.363067478861546,3.971838334424637,4.610847984847334,2.750497940977519,3.303966914070335,-2.47,529939.8867367085,15.080885136281625,5.868053862108094,2.4301790932227356,143.13954374872895,9.473725907600098,13.213763929025836,16.655460148388517,0.0,5.907179729351506,0.0,9.361636831863176,4.983978520947208,0.0,0.0,29.45807057801133,25.312240520125247,17.696185628620217,11.033401435232523,14.26826309167192,28.70246611397514,0.0,9.551078168738565,0.0,12.080173681511331,19.46953311253724,47.52510539416365,11.49902366656781,9.473725907600098,0.0,11.49902366656781,11.761884949391115,34.92779101062731,0.0,6.923737199690624,15.921440167465814,41.55463889259037,0.0,11.033401435232523,53.35000000000001,0.0,4.794537184071822,0.0,5.907179729351506,35.432675569111346,16.596852926929518,11.761884949391115,4.567099647791355,49.57770879397168,4.983978520947208,9.473725907600098,12.894805862427615,1.4392351400436716,17.591002299067775,0.6508536470143615,3.2037715879765853,1.2283564213998024,11.218467914560987,1.9097654216007391,3.0304083725751294,0.0,0.2222222222222222,24.0,0.0,5.0,0.0,1.0,1.0,2.0,1.0,3.0,5.0,0.0,6.0,2.0,0.0,0.0,0.0,4.0,3.526320000000003,93.41150000000005,0.0,0.0,0.0,0.0,0.0,2.0,0.0,0.0,0.0,0.0,1.0,1.0,0.0,0.0,0.0,2.0,0.0,0.0,0.0,0.0,0.0,0.0,0.0,0.0,0.0,0.0,0.0,0.0,1.0,0.0,2.0,2.0,0.0,0.0,2.0,0.0,0.0,0.0,0.0,0.0,1.0,0.0,0.0,0.0,0.0,0.0,0.0,0.0,0.0,0.0,0.0,0.0,0.0,0.0,0.0,0.0,0.0,0.0,0.0,0.0,0.0,1.0,0.0,0.0,0.0,0.0,0.0,0.0,0.0,0.0,chembl_mpro_simfilter_potent,CHEMBL4523582,0.859375
24875206,CHEMBL599894,O=C1c2ccccc2-c2nc3nnnn3nc21,260.0,nM,=,6.58,CHEMBL5154327,Inhibition of SARS-CoV-2 PLpro,0.0002630267991895,12.069098639455785,12.069098639455785,0.1384259259259252,-0.1384259259259252,0.4215525736004938,12.823529411764708,224.183,220.151,224.044658748,80.0,0.2914485944272739,-0.2866677118670352,0.2914485944272739,0.2866677118670352,1.0588235294117647,1.8823529411764703,2.764705882352941,16.139491561113193,10.108329988447768,2.3005957605116585,-1.957102282990959,2.3259655047281154,-2.0560453914109056,6.192336636736269,0.1032738106017337,2.922760105315501,2.158660963375074,777.317100403704,11.405412915006313,8.400930940222116,8.400930940222116,8.343336592900531,4.949508403171454,4.949508403171454,3.6520530788895647,3.6520530788895647,2.7104863412877966,2.7104863412877966,1.9606355019830268,1.9606355019830268,-2.7000000000000006,22014.229113236353,8.451759163353268,2.6998309382924757,0.9491345729311624,94.09934496003596,0.0,5.693927994848461,5.693927994848461,5.783244946364939,5.777653723919194,0.0,4.794537184071822,4.983978520947208,0.0,5.098681808301038,33.99425126311693,10.426770191309735,11.126902983393991,0.0,4.794537184071822,11.560898670284132,0.0,30.23821350982847,0.0,0.0,0.0,35.5228477603919,11.257379486545457,0.0,0.0,0.0,0.0,36.02145845619341,0.0,0.0,16.051916670617278,24.26546827384644,0.0,17.03503321046465,85.92999999999999,0.0,4.794537184071822,0.0,11.560898670284132,16.95130748139392,10.19355267266645,0.0,6.06636706846161,18.19910120538483,25.60811232885902,0.0,1.1553703703703704,0.0,16.320117157974302,14.863864480977576,2.2436224489795924,0.1469935752078617,7.2700319664903,0.0,0.0,0.0,0.0,17.0,0.0,7.0,1.0,0.0,1.0,1.0,2.0,3.0,6.0,0.0,7.0,0.0,0.0,0.0,0.0,4.0,0.1256999999999998,55.2405,0.0,0.0,0.0,0.0,0.0,6.0,0.0,0.0,0.0,0.0,1.0,1.0,0.0,0.0,0.0,6.0,0.0,0.0,0.0,0.0,0.0,0.0,0.0,0.0,0.0,0.0,0.0,0.0,0.0,0.0,1.0,4.0,0.0,0.0,0.0,0.0,0.0,0.0,0.0,0.0,0.0,0.0,1.0,0.0,0.0,0.0,0.0,0.0,0.0,0.0,0.0,0.0,0.0,0.0,0.0,0.0,0.0,0.0,0.0,0.0,0.0,0.0,0.0,0.0,0.0,1.0,0.0,0.0,0.0,0.0,chembl_mpro_simfilter_potent,CHEMBL4523582,0.859375
19964244,CHEMBL406050,CCC(C)SSc1ncc[nH]1,140.0,nM,=,6.85,CHEMBL4495583,SARS-CoV-2 3CL-Pro protease inhibition IC50 determined by FRET kind of response from peptide substrate,0.0001412537544622,4.109065570672714,4.109065570672714,0.6991666666666666,0.6991666666666666,0.7364257627105035,13.272727272727272,188.32100000000003,176.225,188.044190384,62.0,0.1756239990607755,-0.3389841805970155,0.3389841805970155,0.1756239990607755,1.7272727272727273,2.5454545454545454,3.090909090909091,33.114687245801036,10.376658958757403,2.0106463600186792,-2.0315271203434873,2.3225214309641946,-1.8789016682522992,8.764190065717978,0.9116692899222064,2.5175949977372087,2.2307954820968985,186.330460484538,8.104448006685086,6.70286776518311,8.335860927038562,5.325698502695489,3.653012568559437,5.865998713147665,2.2927513279343024,4.920654538711822,1.3393625419388284,4.2264635834732385,0.4921089857415773,2.551570555607347,-0.09,480.8606445678069,9.001659028414297,4.720375830767855,3.20458917628526,74.96616211612432,4.983978520947208,0.0,5.156436481820707,0.0,0.0,0.0,0.0,4.983978520947208,0.0,0.0,24.641372375767972,17.21471959931273,17.643625173208328,0.0,0.0,21.587795952773444,0.0,9.967957041894415,0.0,30.67467053411014,0.0,12.393687143226153,0.0,0.0,0.0,0.0,21.587795952773444,15.21789507187659,0.0,0.0,20.268296022307258,17.550123625046858,0.0,0.0,28.68,0.0,0.0,0.0,0.0,5.249938029982174,5.156436481820707,6.4208216229260096,16.990741547999797,16.990741547999797,23.815431441275663,0.0,0.0,0.0,7.1566770597127745,1.6948148148148148,0.0,0.0,0.0,4.83074074074074,4.417628495842782,3.5668055555555553,0.5714285714285714,11.0,1.0,2.0,0.0,0.0,0.0,0.0,1.0,1.0,3.0,1.0,4.0,4.0,0.0,0.0,0.0,1.0,2.948500000000001,51.78870000000002,0.0,0.0,0.0,0.0,0.0,2.0,1.0,0.0,0.0,0.0,0.0,0.0,0.0,0.0,0.0,1.0,1.0,0.0,0.0,0.0,1.0,0.0,0.0,0.0,0.0,0.0,0.0,0.0,0.0,0.0,0.0,0.0,0.0,0.0,0.0,0.0,0.0,0.0,0.0,0.0,1.0,0.0,0.0,0.0,0.0,0.0,0.0,0.0,0.0,0.0,0.0,0.0,0.0,0.0,0.0,0.0,0.0,0.0,0.0,0.0,0.0,0.0,0.0,0.0,0.0,0.0,0.0,0.0,0.0,0.0,chembl_mpro_simfilter_potent,CHEMBL4523582,0.859375
24807020,CHEMBL4175014,CCCOc1ccc(-c2cc(OCCN3CCc4cc(OC)c(OC)cc4C3)c3c(OC)cc(OC)cc3n2)cc1,420.0,nM,=,6.38,CHEMBL5135910,"Inhibition of SARS-CoV-2 nsp13 helicase-associated activity using 5'- AGT CTT CTC CTG GTG CTC GAA CAG TGA CCy3-3', 5'- BHQ-2-GTC ACT GTT CGA GCA CCA CCT CTT CTG A-3' DNA as substrate preincubated for 10 mins followed by substrate addition and measured after 15 mins in the presence of ATP by fluorescent-based helicase unwind assay",0.0004168693834703,6.474561065370951,6.474561065370951,0.514043000071312,0.514043000071312,0.2047348942066151,13.0,558.6750000000003,520.3710000000004,558.2729869359999,216.0,0.1605567401099822,-0.4965416667168246,0.4965416667168246,0.1605567401099822,0.7073170731707317,1.4390243902439024,2.1219512195121952,16.50978794487809,9.986326760782925,2.2037777543717008,-2.291283421328181,2.392887795391429,-2.334675350419174,5.939863105563834,0.1964709905753117,3.0184624719379696,1.3863025837295844,1488.0764254922965,28.769009466755723,24.48981682479556,24.48981682479556,20.05823774845704,13.95331730935428,13.95331730935428,9.952766153347673,9.952766153347673,7.350721369131665,7.350721369131665,5.169972322173194,5.169972322173194,-4.17,2113226180.2962668,28.361981887708566,12.99712729496967,6.27632820911351,241.26148331078153,28.421177722800294,29.604929297648535,11.49902366656781,0.0,0.0,0.0,4.899909730850477,4.983978520947208,0.0,0.0,6.923737199690624,60.366748640015665,43.396821914819554,51.64292505655257,28.421177722800294,10.902924932081056,0.0,9.883888251797686,0.0,26.31013685145522,54.74246690596111,65.72420659954848,45.754450486248885,28.421177722800294,0.0,34.49707099970343,0.0,64.6263551577588,12.965578028838586,0.0,24.471461806010623,54.59730361615449,0.0,22.160304418626517,71.51,0.0,0.0,0.0,0.0,24.71278759559365,77.63426421535186,11.126902983393991,28.439190165110137,42.46456947923127,23.95638106746432,33.4051562437475,34.50727897622129,0.0,7.351872610778773,0.8201578349657008,5.074257974638004,4.427481745317197,17.9327901593782,1.9115407175396333,5.843472686117388,6.631147295043811,0.3636363636363636,41.0,0.0,8.0,0.0,1.0,1.0,3.0,1.0,4.0,8.0,0.0,8.0,12.0,0.0,0.0,0.0,5.0,6.162100000000007,160.09099999999964,0.0,0.0,0.0,0.0,0.0,1.0,0.0,0.0,0.0,0.0,0.0,0.0,0.0,0.0,0.0,2.0,0.0,0.0,0.0,0.0,0.0,0.0,0.0,0.0,0.0,0.0,0.0,0.0,0.0,0.0,3.0,2.0,0.0,0.0,6.0,0.0,0.0,0.0,0.0,0.0,0.0,0.0,0.0,0.0,0.0,4.0,0.0,0.0,0.0,0.0,0.0,0.0,0.0,0.0,0.0,0.0,0.0,0.0,0.0,1.0,0.0,0.0,0.0,0.0,0.0,0.0,0.0,0.0,0.0,0.0,chembl_mpro_simfilter_potent,CHEMBL4523582,0.859375
25921816,CHEMBL5570215,Cc1ccc(OC2CNC2)cc1C(=O)N[C@H](C)c1cccc2ccccc12,1410.0,nM,=,5.85,CHEMBL5528733,Inhibition of C-terminal His-tagged SARS-CoV-2 BetaCoV/Wuhan/WIV04/2019 PLpro expressed in Escherichia coli BL21 (DE3) cells preincubated for 30 mins followed by substrate addition and measured after 1 hrs by FRET assay,0.0014125375446227,12.927846119929454,12.927846119929454,0.0785938681027964,-0.0940679852187791,0.7232928892923993,15.185185185185183,360.4570000000001,336.2650000000001,360.183778008,138.0,0.2516573552581373,-0.4877528937802643,0.4877528937802643,0.2516573552581373,1.1111111111111112,1.8888888888888888,2.6666666666666665,16.493553637377335,9.988454825328484,2.199525348812616,-2.277179259736324,2.2515896803749085,-2.4985703351990787,5.964505413360705,0.0937463317983907,2.6484616653260296,1.5480761179825764,973.7792211214146,18.802754140504845,15.658913373576334,15.658913373576334,13.114193540729628,9.381655528111407,9.381655528111407,7.138360774760159,7.138360774760159,5.137896271418079,5.137896271418079,3.437218354631459,3.437218354631459,-2.8499999999999988,1394642.8344973726,17.55817842353205,7.41028521144565,3.665769901652171,159.09371720130994,15.37044016181271,11.853478221032208,0.0,0.0,5.907179729351506,0.0,4.794537184071822,0.0,0.0,0.0,48.53093654769288,47.87955994862805,18.652964303522147,6.041840829147961,9.53140013787187,16.679628158281098,0.0,10.633577208012662,0.0,25.99328161627751,13.08951281182515,77.3540251597071,5.749511833283905,15.37044016181271,0.0,5.749511833283905,0.0,25.10065892892496,0.0,6.923737199690624,34.4504696880014,60.6636706846161,0.0,10.772448428929591,50.36,0.0,4.794537184071822,0.0,18.05298694624777,5.563451491696996,29.96592762850305,10.772448428929591,0.0,50.245676810150904,34.899045481859105,4.736862953800049,5.900893366427278,0.0,12.927846119929454,8.67529671946394,2.7181699519415976,0.6668357297898249,20.06834588400904,0.1928001445650464,5.683145417207154,0.0,0.2608695652173913,27.0,2.0,4.0,0.0,1.0,1.0,3.0,0.0,3.0,3.0,2.0,4.0,5.0,0.0,1.0,1.0,4.0,3.9898200000000026,108.29390000000004,0.0,0.0,0.0,0.0,0.0,0.0,0.0,0.0,0.0,0.0,1.0,1.0,0.0,0.0,0.0,0.0,2.0,0.0,0.0,0.0,0.0,0.0,0.0,0.0,0.0,1.0,0.0,0.0,1.0,0.0,3.0,1.0,0.0,0.0,1.0,0.0,0.0,0.0,0.0,0.0,0.0,0.0,0.0,0.0,0.0,0.0,0.0,0.0,0.0,0.0,0.0,0.0,0.0,0.0,0.0,0.0,0.0,0.0,0.0,0.0,0.0,0.0,0.0,0.0,0.0,0.0,0.0,0.0,0.0,0.0,chembl_mpro_simfilter_potent,CHEMBL4523582,0.859375
24819040,CHEMBL15192,CC1(C)CCC2=C(O1)c1ccccc1C(=O)C2=O,610.0,nM,=,6.21,CHEMBL5139876,Inhibition of N-terminal 3xFlag-His6-tagged SARS-CoV-2 papain-like protease nsp3 (1564 to 1878 residues) expressed in baculovirus infected Sf9 insect cells using Pro3 as substrate by fluorescence based assay,0.0006165950018614,12.04589096749811,12.04589096749811,0.2851067649281935,-0.4095776643990929,0.6568917748341816,21.22222222222222,242.274,228.16199999999995,242.094294308,92.0,0.2335633368868223,-0.4867650946791019,0.4867650946791019,0.2335633368868223,1.0555555555555556,1.7222222222222223,2.4444444444444446,16.505946156362583,9.822857679840208,2.3891345803639292,-2.3563007591545526,2.403789215776784,-2.341502580338095,6.518137752639257,-0.1121774271621698,2.3481392531819134,2.227572144737797,593.5112067701166,12.91384908344359,10.448359510523188,10.448359510523188,8.494800481421251,6.1009536313039,6.1009536313039,5.373264319835561,5.373264319835561,3.5261383535213984,3.5261383535213984,2.5011457118945684,2.5011457118945684,-1.9,13978.472974191933,11.20527761667837,3.5451057498140086,1.504779821021014,105.45120623941816,4.736862953800049,11.360215682639865,0.0,11.566489892729878,0.0,0.0,9.589074368143644,0.0,0.0,0.0,24.26546827384644,26.689117645233267,16.70000751346326,0.0,14.325937321943693,17.325654764386055,0.0,0.0,0.0,32.29016845621695,0.0,40.9654757873097,0.0,0.0,0.0,0.0,0.0,17.167540703713566,9.53140013787187,0.0,42.61055781269908,29.838572803915707,0.0,5.759164871656176,43.370000000000005,11.566489892729878,9.589074368143644,0.0,5.601050810983688,23.316542516348445,11.984273114623004,0.0,12.13273413692322,25.980208536304467,0.0,4.736862953800049,5.92949074074074,0.0,24.039395313681027,0.0,1.4666061980347702,-0.2099017384731665,7.154514125094481,1.3693067365835223,4.000588624338624,0.0,0.3333333333333333,18.0,0.0,3.0,1.0,1.0,2.0,1.0,0.0,1.0,3.0,0.0,3.0,0.0,0.0,0.0,0.0,3.0,2.7521000000000013,67.09750000000003,0.0,0.0,0.0,0.0,0.0,0.0,0.0,0.0,0.0,0.0,2.0,2.0,0.0,0.0,0.0,0.0,0.0,0.0,0.0,0.0,0.0,0.0,0.0,0.0,1.0,0.0,0.0,0.0,0.0,0.0,1.0,2.0,0.0,0.0,1.0,0.0,0.0,0.0,0.0,0.0,0.0,0.0,2.0,2.0,0.0,0.0,0.0,0.0,0.0,0.0,0.0,0.0,0.0,0.0,0.0,0.0,0.0,0.0,0.0,0.0,0.0,0.0,0.0,0.0,0.0,0.0,0.0,0.0,0.0,0.0,chembl_mpro_simfilter_potent,CHEMBL4523582,0.859375
24810189,CHEMBL5207613,Cc1nnc(SC(=O)c2cc3ccccc3[nH]2)o1,1220.0,nM,=,5.91,CHEMBL5136648,Inhibition of recombinant his tagged SARS CoV-2 main protease expressed in Escherichia coli BL21 using Boc-Abu-Tle-Leu-Gln-AMC37 as fluorogenic substrate pre-incubated for 5 mins followed by substrate addition measured after 60 mins by FRET based assay,0.0012302687708123,11.996909486016628,11.996909486016628,0.1436574074074073,-0.1436574074074073,0.7163314692639696,10.944444444444445,259.29,250.21799999999996,259.041547528,90.0,0.2841361768404651,-0.4159597008968814,0.4159597008968814,0.2841361768404651,1.3333333333333333,2.1666666666666665,2.888888888888889,32.16664708479736,10.24157690832187,2.144786692893698,-1.9124757897257272,2.231092828343071,-1.9246724257822192,8.134872608062292,0.1079562569874771,2.9476096804803027,1.873765147707769,683.7671020477977,12.535169427003234,9.505923408339635,10.32241998926736,8.720346690612276,5.322534860038868,6.139031440966593,3.746770329406619,4.670926139038872,2.43737916949997,3.18229119593996,1.637278060143876,2.2597074242977855,-2.0799999999999996,24444.52708022315,11.035822305484691,4.303058984910836,2.0195405393378425,106.59591742688733,9.401129458000554,0.0,0.0,11.006000852211628,5.222755905846688,0.0,4.794537184071822,0.0,0.0,10.197363616602075,18.19910120538483,12.13273413692322,29.58854708116279,5.693927994848461,9.211688121125167,27.780086811657895,0.0,15.181342137549285,0.0,12.146493105537312,0.0,41.91648725918242,0.0,0.0,0.0,0.0,11.761884949391115,20.296619067735,0.0,6.923737199690624,16.379189100946192,39.971742185208086,0.0,10.902924932081056,71.78,0.0,4.794537184071822,0.0,10.338032836032408,11.58465191687437,22.664809881472173,0.0,6.923737199690624,30.33183534230805,15.181342137549285,4.417150937053347,5.155732709750566,0.9223176492819348,15.05907100340136,8.572533173763333,1.4585302763080548,0.4462470605526163,9.533906788023852,0.0,1.6849946722516167,0.0,0.0833333333333333,18.0,1.0,5.0,0.0,0.0,0.0,1.0,2.0,3.0,5.0,1.0,6.0,2.0,0.0,0.0,0.0,3.0,2.7918200000000004,67.52120000000002,0.0,0.0,0.0,0.0,0.0,3.0,1.0,0.0,0.0,0.0,1.0,1.0,0.0,0.0,0.0,2.0,1.0,0.0,0.0,0.0,1.0,0.0,0.0,0.0,0.0,0.0,0.0,0.0,1.0,0.0,1.0,1.0,0.0,0.0,0.0,0.0,0.0,0.0,0.0,0.0,0.0,0.0,0.0,0.0,0.0,0.0,0.0,0.0,0.0,0.0,0.0,0.0,0.0,1.0,0.0,0.0,0.0,0.0,0.0,0.0,0.0,1.0,0.0,0.0,0.0,0.0,0.0,0.0,0.0,0.0,chembl_mpro_simfilter_potent,CHEMBL4523582,0.859375
24708099,CHEMBL5175589,C[C@H](c1cccc2ccccc12)N1CCC(C(=O)NCc2cccc(NC(=O)CN(C)C)c2)CC1,1370.0,nM,=,5.86,CHEMBL5109239,Inhibition of full-length SARS-CoV-2 PLpro expressed in Escherichia coli BL21(DE3) using HCC-RLRGG-NH(CH2)4NH-DABCYL probe as substrate incubated for 30 mins by enzymatic assay,0.0013803842646028,12.871844302599625,12.871844302599625,0.0360595768635985,-0.0549314810236298,0.5091621422743896,15.771428571428572,472.63300000000027,436.34500000000025,472.283826392,184.0,0.2380307722356879,-0.3517847390573262,0.3517847390573262,0.2380307722356879,1.0,1.7142857142857142,2.4857142857142858,16.15203887635162,9.921594257033709,2.276988659575725,-2.3579201049321923,2.3084626751325823,-2.4086355570999043,5.919010011145195,-0.1264019226156458,2.8606065373522394,1.2799907273785365,1162.8153280993838,24.78588180363029,20.959117958512063,20.959117958512063,16.90188724096433,12.43414937044009,12.43414937044009,9.758732856567056,9.758732856567056,6.858830351663585,6.858830351663585,4.940699661575602,4.940699661575602,-3.2199999999999993,77081194.32507218,24.890405304549656,11.471875110633023,6.468559420727286,207.85101409863324,15.533486938863138,0.0,0.0,11.814359458703011,0.0,0.0,14.48898409899412,0.0,0.0,0.0,54.59730361615449,80.98232277196898,24.19188955590549,6.544756405912575,9.589074368143644,28.274194162316164,0.0,15.116608065707286,5.917906046161393,32.351977680603184,39.04640178709843,77.85694073647171,0.0,10.633577208012662,5.687386274683562,0.0,0.0,55.343792103496064,16.133830774056218,5.917906046161393,36.934124258084594,66.73003775307771,0.0,10.772448428929591,64.68,0.0,9.589074368143644,0.0,17.732265504864404,19.13135364097311,37.18199382405773,16.335899920626588,0.0,43.2607219700513,64.92179361778503,0.0,0.0,0.0,29.19995379001228,8.587373365648531,3.0749108623442316,0.0964154827822982,23.037774511897993,1.7253412771430172,4.888723070036944,3.722840973468039,0.3793103448275862,35.0,2.0,6.0,0.0,1.0,1.0,3.0,0.0,3.0,4.0,2.0,6.0,8.0,0.0,1.0,1.0,4.0,4.429300000000003,142.13239999999988,0.0,0.0,0.0,0.0,0.0,0.0,0.0,0.0,0.0,0.0,2.0,2.0,0.0,0.0,0.0,2.0,2.0,0.0,1.0,1.0,0.0,0.0,0.0,0.0,0.0,2.0,0.0,1.0,0.0,0.0,3.0,1.0,0.0,0.0,0.0,0.0,0.0,0.0,0.0,0.0,0.0,0.0,0.0,0.0,0.0,0.0,0.0,0.0,0.0,0.0,0.0,0.0,0.0,0.0,0.0,0.0,1.0,0.0,0.0,0.0,0.0,0.0,0.0,0.0,0.0,0.0,0.0,0.0,0.0,0.0,chembl_mpro_simfilter_potent,CHEMBL4523582,0.859375
19964232,CHEMBL60718,Cc1ccc(S(=O)(=O)N[C@@H](Cc2ccccc2)C(=O)CCl)cc1,1370.0,nM,=,5.86,CHEMBL4495583,SARS-CoV-2 3CL-Pro protease inhibition IC50 determined by FRET kind of response from peptide substrate,0.0013803842646028,12.458057760141092,12.458057760141092,0.1282723398001177,-3.780944153124212,0.7799590000857265,12.782608695652174,351.85500000000013,333.711,351.06959211599997,122.0,0.2407338100815959,-0.2965396414796694,0.2965396414796694,0.2407338100815959,1.0869565217391304,1.6956521739130437,2.260869565217391,35.49566399167278,10.043060689385456,2.248125136765142,-2.168496343121343,2.1268682523500124,-2.425073862457715,7.891614740871829,-0.1177766708394993,2.5440336658780778,2.2274877677888107,758.1853059890764,16.872032720186702,12.698673889134035,14.271099416080215,10.91985208272585,7.137723159350467,9.155408890769708,5.276592473806175,7.2578340722917005,3.431709424861931,5.182708703565257,2.136897427216868,3.5429744558862377,-1.6899999999999995,127568.02414179032,17.660547207646786,7.725175166459064,4.891433053352568,141.08863430049263,0.0,0.0,5.783244946364939,10.023291153407584,0.0,0.0,4.794537184071822,13.139891848781026,0.0,11.600939890232516,48.02802097092827,31.040744451236847,0.0,16.817327749636075,13.212334168400758,27.40747599000504,0.0,4.722094864452088,0.0,24.28188312728237,5.880003444970339,65.72420659954848,0.0,4.722094864452088,0.0,0.0,11.600939890232516,26.122886204812175,21.238649960405414,6.923737199690624,11.126902983393991,59.49278709167226,0.0,0.0,63.24,16.065131982555545,13.212334168400758,0.0,22.97955348977906,0.0,11.126902983393991,12.13273413692322,12.13273413692322,37.255572541998674,4.722094864452088,11.600939890232516,27.382634794658603,5.624240052209027,12.14887644872764,0.0,1.823326783128822,-0.5975092120181396,14.791695118378694,0.2613935342655584,1.8740644115517853,-3.780944153124212,0.2352941176470588,23.0,1.0,4.0,0.0,0.0,0.0,2.0,0.0,2.0,3.0,1.0,6.0,7.0,0.0,0.0,0.0,2.0,2.692520000000001,91.16150000000005,0.0,0.0,0.0,0.0,0.0,0.0,0.0,0.0,0.0,0.0,1.0,1.0,0.0,0.0,0.0,0.0,1.0,0.0,0.0,0.0,0.0,0.0,0.0,1.0,0.0,0.0,0.0,0.0,1.0,0.0,2.0,0.0,0.0,0.0,0.0,0.0,0.0,1.0,0.0,0.0,0.0,0.0,1.0,1.0,0.0,0.0,0.0,0.0,0.0,0.0,0.0,0.0,0.0,0.0,0.0,0.0,0.0,0.0,0.0,0.0,0.0,0.0,1.0,0.0,0.0,0.0,0.0,0.0,0.0,0.0,chembl_mpro_simfilter_potent,CHEMBL4523582,0.859375
24839612,CHEMBL5178149,O=C(Cn1sc2cc(F)ccc2c1=O)Nc1ccc(Cl)cc1,150.0,nM,=,6.82,CHEMBL5145098,Inhibition of SARS-CoV-2 main protease using Mca-AVLQSGFRK(Dnp)K as substrate preincubated with enzyme for 10 mins followed by substrate addition and measured every 30 secs for 10 mins by fluorescence based analysis,0.0001513561248436,13.165515899390568,13.165515899390568,0.1225937736205595,-0.4106335324058221,0.7955873716714242,10.818181818181818,336.775,326.69500000000005,336.01355446,112.0,0.2685029736363405,-0.3245046472188791,0.3245046472188791,0.2685029736363405,1.2272727272727273,1.9545454545454544,2.6818181818181817,35.49569179426962,10.256705565297416,2.1138894183594426,-2.0443205390163444,2.1804120163822343,-2.2320394182657366,7.1344583546388485,-0.1161534501214449,2.769279243185327,1.8032866399746144,902.0416013430782,15.689869965382488,11.17644607842393,12.748871605370113,10.524877143252588,6.375700125658671,7.527061260801873,4.628604683414114,6.12821413093082,3.0243194226568533,4.326065094096504,2.0111489753614733,3.156623540331118,-2.1799999999999993,119178.70150972372,14.7446135996458,5.902481952813615,3.025615120312861,133.45282682649164,5.316788604006331,12.36197724695847,0.0,5.907179729351506,5.559266895052007,0.0,13.54573547640424,4.39041504767482,0.0,0.0,23.133426501799192,42.46456947923127,10.710019588424888,10.086144130933896,9.184952231746642,44.814136636768154,0.0,3.956661108260597,0.0,6.544756405912575,5.316788604006331,63.65822771314231,0.0,10.87605549905834,10.077801322358384,0.0,23.133426501799192,9.863840837612102,11.339293589984395,5.817220841045894,0.0,47.25910666330309,5.022633313741326,10.086144130933896,51.1,5.817220841045894,13.979489415818463,0.0,18.01120303031609,20.796163719358784,11.532486611566677,22.155762313645425,24.26546827384644,0.0,5.316788604006331,11.600939890232516,14.98433051156166,6.831194669961377,24.11734214048338,3.6540449256536647,0.2924635718484933,-0.7472534303650056,10.601582495588108,0.0,-0.1225937736205595,0.0,0.0666666666666666,22.0,1.0,4.0,0.0,0.0,0.0,2.0,1.0,3.0,3.0,1.0,7.0,3.0,0.0,0.0,0.0,3.0,3.494200000000002,86.1247,0.0,0.0,0.0,0.0,0.0,1.0,0.0,0.0,0.0,0.0,1.0,1.0,0.0,0.0,0.0,1.0,1.0,0.0,0.0,0.0,0.0,0.0,0.0,0.0,0.0,1.0,0.0,1.0,0.0,0.0,2.0,1.0,0.0,0.0,0.0,0.0,0.0,2.0,0.0,0.0,0.0,0.0,0.0,0.0,0.0,0.0,0.0,0.0,0.0,0.0,0.0,0.0,0.0,0.0,0.0,0.0,0.0,0.0,0.0,0.0,0.0,0.0,0.0,0.0,0.0,0.0,0.0,0.0,0.0,0.0,chembl_mpro_simfilter_potent,CHEMBL4523582,0.859375
24819034,CHEMBL187460,C[C@H]1COC2=C1C(=O)C(=O)c1c2ccc2c1CCCC2(C)C,1336.0,nM,=,5.87,CHEMBL5139876,Inhibition of N-terminal 3xFlag-His6-tagged SARS-CoV-2 papain-like protease nsp3 (1564 to 1878 residues) expressed in baculovirus infected Sf9 insect cells using Pro3 as substrate by fluorescence based assay,0.0013489628825916,12.748456160241874,12.748456160241874,0.0065493905895688,-0.3571485260770963,0.6887651703545593,25.5,296.366,276.20599999999996,296.14124449999997,114.0,0.2338658225277625,-0.4918566199890055,0.4918566199890055,0.2338658225277625,1.181818181818182,1.9545454545454544,2.727272727272727,16.485367185226323,9.688524919275793,2.425466192898756,-2.3457294732256364,2.4467271687086813,-2.305650554440476,6.523767883353569,-0.1117601163031098,2.85520131776517,2.0163335601274475,752.18895545309,15.64589989101247,13.285222803706658,13.285222803706658,10.41552078507628,8.043111648248416,8.043111648248416,7.36477323473798,7.36477323473798,5.408216226148845,5.408216226148845,4.210699672803577,4.210699672803577,-1.8999999999999997,140495.89124327071,13.741648394895153,4.310628199034176,1.6232992169696452,129.90514354347536,4.736862953800049,5.759164871656176,0.0,11.566489892729878,0.0,0.0,9.589074368143644,0.0,0.0,0.0,32.903945735995094,35.8043583215688,17.044809029555385,12.179986494582185,14.325937321943693,17.325654764386055,0.0,0.0,5.917906046161393,45.44866693724667,6.606881964512918,39.95964463378047,0.0,0.0,0.0,0.0,0.0,18.173371857242795,21.36721223019466,5.917906046161393,60.661197995783695,17.705838666992488,0.0,5.759164871656176,43.370000000000005,0.0,9.589074368143644,0.0,22.899386408288052,23.50260285793535,30.389367852172025,5.563451491696996,0.0,12.990104268152232,19.913841467842857,4.736862953800049,5.763933767951625,0.0,25.28810964663643,0.0,4.371604544595616,-0.0321458097127733,4.117380479969765,3.044262041236247,6.863521995989753,0.0,0.4736842105263157,22.0,0.0,3.0,2.0,1.0,3.0,1.0,0.0,1.0,3.0,0.0,3.0,0.0,0.0,0.0,0.0,4.0,3.4433000000000025,83.77950000000004,0.0,0.0,0.0,0.0,0.0,0.0,0.0,0.0,0.0,0.0,2.0,2.0,0.0,0.0,0.0,0.0,0.0,0.0,0.0,0.0,0.0,0.0,0.0,0.0,0.0,0.0,0.0,0.0,0.0,0.0,1.0,4.0,0.0,0.0,1.0,0.0,0.0,0.0,0.0,0.0,0.0,0.0,2.0,2.0,0.0,0.0,0.0,0.0,0.0,0.0,0.0,0.0,0.0,0.0,0.0,0.0,0.0,0.0,0.0,0.0,0.0,0.0,0.0,0.0,0.0,0.0,0.0,0.0,0.0,0.0,chembl_mpro_simfilter_potent,CHEMBL4523582,0.859375
25609259,CHEMBL5411233,COC(=O)/C=C/[C@H](C[C@@H]1CCNC1=O)NC(=O)[C@H](CC(C)C)NC(=O)OCc1ccccc1,1350.0,nM,=,5.87,CHEMBL5360283,Inhibition of N-terminal 6xHis-tagged SARS-CoV-2 3CLPro expressed in Escherichia coli BL21(DE3) using Hi-lyte Fluor-488-ESATLQSGLRKAK-(QXL-520)-NH2 as substrate preincubated for 10 mins followed by substrate addition measured for 30 mins by fluorometric assay,0.0013489628825916,13.036381129242333,13.036381129242333,0.0814238914298226,-0.833606833165365,0.3439138947864547,17.333333333333332,459.54300000000023,426.2790000000003,459.236935776,180.0,0.4076212880255921,-0.4658585096766005,0.4658585096766005,0.4076212880255921,1.181818181818182,1.9090909090909092,2.515151515151515,16.548007758687625,9.966855031510203,2.292199364517018,-2.2364378893391543,2.1724544711523452,-2.5001466304778344,5.865693487383444,-0.1345443283781974,3.194292381689926,2.0261702393323686,839.8611257669452,24.216967702877938,19.335876609801804,19.335876609801804,15.778096000876642,11.095443010499071,11.095443010499071,8.397889898901859,8.397889898901859,5.223160006644834,5.223160006644834,3.5180888458779593,3.5180888458779593,-3.359999999999999,17201060.040687818,25.896835890898434,13.24773684047368,9.343818011174235,193.82769240293536,25.42409171961909,12.64872279366088,0.0,11.814359458703011,0.0,12.062545358890263,9.589074368143644,9.589074368143644,0.0,0.0,50.255329848523175,30.74382240663642,24.580523388055813,7.109797541277533,28.651874643887385,23.876904817593275,0.0,15.950365812018994,11.835812092322788,51.80050289096811,13.65455394719011,48.04732704767281,0.0,15.950365812018994,4.794537184071822,0.0,0.0,49.6151404230793,30.46421942432848,11.835812092322788,38.673390759856275,42.483875555975814,0.0,0.0,122.83,30.05340674653769,19.178148736287287,0.0,24.349873786187217,25.807221274690605,5.563451491696996,19.261837754945297,0.0,44.179309741689295,20.68722876581904,4.736862953800049,9.873863391545198,0.0,48.90228587150867,8.2446415432028,0.8336692392732536,-1.2114825170802872,7.816546233507007,3.404071715954453,4.544815675668443,1.2582555130871396,0.5,33.0,3.0,9.0,0.0,1.0,1.0,1.0,0.0,1.0,6.0,3.0,9.0,11.0,0.0,1.0,1.0,2.0,2.0677000000000003,121.82610000000004,0.0,0.0,0.0,0.0,0.0,0.0,0.0,0.0,0.0,0.0,4.0,4.0,0.0,0.0,0.0,0.0,3.0,0.0,0.0,0.0,0.0,0.0,1.0,0.0,0.0,3.0,0.0,0.0,0.0,0.0,1.0,0.0,0.0,1.0,2.0,0.0,0.0,0.0,0.0,0.0,0.0,0.0,0.0,0.0,0.0,1.0,0.0,0.0,0.0,0.0,0.0,0.0,0.0,0.0,0.0,0.0,0.0,0.0,0.0,0.0,0.0,0.0,0.0,0.0,0.0,0.0,0.0,0.0,0.0,0.0,chembl_mpro_simfilter_potent,CHEMBL4523582,0.859375
19964210,CHEMBL3665060,CN1CCN(C(=O)c2ccc(-c3ccc4c(C=O)c(O)ccc4c3)s2)CC1,1330.0,nM,=,5.88,CHEMBL4495583,SARS-CoV-2 3CL-Pro protease inhibition IC50 determined by FRET kind of response from peptide substrate,0.0013182567385564,12.73559854410594,12.73559854410594,0.0125620500187253,-0.0125620500187253,0.7070176728089772,15.22222222222222,380.4690000000001,360.3090000000001,380.11946350000005,138.0,0.2635287138685419,-0.507186016865585,0.507186016865585,0.2635287138685419,1.0740740740740742,1.851851851851852,2.592592592592593,32.13356119399118,10.011633161003946,2.2148774667036526,-2.3160723522771387,2.3319588923721852,-2.464579794248984,7.169359788402419,0.0668613024556246,3.176667996277042,1.62041580621604,1019.4386686776872,18.965890847321376,15.013614936154664,15.83011151708239,13.062881945713372,8.855489162511896,9.67198574343962,6.811503242050825,7.895280198537652,5.048091576918981,6.1704061961687104,3.392842063331732,4.363158873596983,-2.6999999999999993,2266450.9619677886,17.70079700519261,7.13436878498113,3.335019197460951,160.99623406764502,14.90634685654166,5.749511833283905,6.2861605231295545,0.0,5.907179729351506,0.0,9.589074368143644,0.0,0.0,11.336785877934735,18.19910120538483,47.64904017715022,31.0561728173516,10.440598685398296,14.69560176298435,34.30257455934539,0.0,9.799819461700954,0.0,0.0,33.22669760632749,52.905168164629565,16.1901105186822,0.0,0.0,5.749511833283905,11.336785877934735,60.3263847153502,0.0,0.0,20.029673053541934,42.46456947923127,0.0,21.21304711432789,60.85000000000001,0.0,14.69560176298435,0.0,11.65669156263541,11.849612014826551,52.26921993167948,17.403152946396347,6.06636706846161,35.23174507315853,11.947581713527669,0.0,0.0,1.4864533205257409,29.869518592164745,11.428676093660762,1.2950269963712082,0.0784588990965602,12.935131795780244,0.6758947375840552,3.327508116857448,2.0699981146259,0.238095238095238,27.0,1.0,5.0,0.0,1.0,1.0,2.0,1.0,3.0,5.0,1.0,6.0,3.0,0.0,1.0,1.0,4.0,3.474000000000003,107.71380000000003,0.0,0.0,0.0,0.0,0.0,0.0,0.0,1.0,0.0,0.0,2.0,2.0,0.0,0.0,0.0,2.0,0.0,0.0,1.0,0.0,0.0,1.0,0.0,0.0,0.0,1.0,0.0,0.0,0.0,0.0,2.0,1.0,0.0,0.0,0.0,0.0,0.0,0.0,0.0,0.0,0.0,0.0,0.0,0.0,0.0,0.0,0.0,0.0,0.0,0.0,0.0,0.0,0.0,0.0,1.0,1.0,0.0,1.0,0.0,0.0,0.0,0.0,0.0,0.0,0.0,0.0,0.0,1.0,0.0,0.0,chembl_mpro_simfilter_potent,CHEMBL4523582,0.859375
26029808,CHEMBL5204399,COC(=O)/C=C/C(=O)NNC(=O)CCc1ccccc1C(=O)N[C@H](C)c1cccc2ccccc12,10.0,nM,=,8.0,CHEMBL5582200,Inhibition of SARS-CoV2 PLpro using Z-RLRGG-AMC as substrate preincubated for 30 mins followed by substrate addition,1e-05,13.082718541152088,13.082718541152088,0.0457992986884578,-0.6841392351529001,0.2642798089922342,11.6,473.52900000000017,446.31300000000033,473.195070964,180.0,0.3301657113104237,-0.4658489482487834,0.4658489482487834,0.3301657113104237,0.8857142857142857,1.6,2.4,16.52260284488388,9.980851655519915,2.1649502769667803,-2.1778604969743443,2.2431239365090643,-2.4055236359682186,5.969051654427211,-0.1346883974795327,2.8843660877101036,1.5952444664672334,1263.166242213166,25.208531534440656,19.538358783347174,19.538358783347174,16.88424915075929,11.100077412947828,11.100077412947828,7.814592454819563,7.814592454819563,5.417952982996969,5.417952982996969,3.635465935428397,3.635465935428397,-4.459999999999999,59888952.62021902,25.16836000814467,12.128804703027242,7.008527060237897,202.87427828421565,10.05365155780638,0.0,0.0,5.907179729351506,11.814359458703011,5.969305287951848,25.23519434643623,4.794537184071822,0.0,0.0,60.6636706846161,41.310277303401826,24.13631332829077,13.151638370425497,23.915011690087333,34.463292904935955,0.0,16.1683713982271,0.0,25.807221274690605,7.109797541277533,95.5724324418365,0.0,16.1683713982271,0.0,0.0,0.0,30.800642017283895,25.54129612894152,0.0,40.87129131092741,78.88207796674548,0.0,10.772448428929591,113.6,17.78366474665486,19.178148736287287,0.0,18.369842181425476,17.54772460632,28.48794013429435,7.109797541277533,24.26546827384644,49.38830667892189,20.905234352027147,0.0,4.3864002638584285,0.0,47.83464477230335,5.240871302124422,6.666369544051855,-2.033401555964105,20.880930543989095,2.2307187430522246,1.937560189785612,1.1892395301324488,0.1851851851851851,35.0,3.0,8.0,0.0,0.0,0.0,3.0,0.0,3.0,5.0,3.0,8.0,8.0,0.0,0.0,0.0,3.0,3.1400000000000015,132.03359999999998,0.0,0.0,0.0,0.0,0.0,0.0,0.0,0.0,0.0,0.0,4.0,4.0,0.0,0.0,0.0,0.0,3.0,0.0,0.0,0.0,0.0,0.0,0.0,0.0,0.0,3.0,0.0,0.0,1.0,0.0,3.0,1.0,0.0,1.0,1.0,0.0,0.0,0.0,1.0,0.0,0.0,0.0,0.0,0.0,0.0,1.0,0.0,0.0,0.0,0.0,0.0,0.0,0.0,0.0,0.0,0.0,0.0,0.0,0.0,0.0,0.0,0.0,0.0,0.0,0.0,0.0,0.0,0.0,0.0,0.0,chembl_mpro_simfilter_potent,CHEMBL4523582,0.859375
19964263,CHEMBL1380480,COc1cc(C(=S)N2CCOCC2)ccc1O,1320.0,nM,=,5.88,CHEMBL4495583,SARS-CoV-2 3CL-Pro protease inhibition IC50 determined by FRET kind of response from peptide substrate,0.0013182567385564,9.525200774754346,9.525200774754346,0.1259513836398758,0.1259513836398758,0.8071441548633952,15.705882352941176,253.32299999999995,238.20299999999995,253.07726434,92.0,0.1606799601244426,-0.5042543242040669,0.5042543242040669,0.1606799601244426,1.411764705882353,2.1176470588235294,2.764705882352941,32.09203985267492,10.15197138456005,2.157853898156754,-2.28884721508442,2.2667308506691812,-2.396717672136185,7.8029082823804465,0.0692563234871602,2.3933515132543604,2.178228351999298,416.2118100829605,12.25071237662706,9.679649994706574,10.4961465756343,8.21954535281284,5.461549849363571,5.869798139827434,3.7912011876523097,4.177899518719296,2.7249702671360634,3.21887141727874,1.759672393629792,2.0692135263077027,-1.3300000000000003,9314.924089585971,12.135509777468624,5.334136225847584,2.6751506919900505,105.75516278096543,19.480163033291284,4.988502101738191,11.49902366656781,0.0,0.0,0.0,0.0,0.0,0.0,0.0,12.217873443046695,18.19910120538483,18.652964303522147,20.32356147030337,14.580253302440804,17.206375544784887,0.0,4.899909730850477,0.0,0.0,33.41307428212852,23.762552697081823,11.49902366656781,4.736862953800049,0.0,11.49902366656781,12.217873443046695,48.40801350955789,4.736862953800049,0.0,5.563451491696996,18.19910120538483,0.0,0.0,41.93000000000001,0.0,5.106527394840706,0.0,5.749511833283905,18.963275762309745,23.64146640526034,7.109797541277533,18.19910120538483,0.0,4.899909730850477,21.691599350646793,10.354055702527925,5.424450113378684,2.871839569160998,9.525200774754346,0.8856944444444448,0.5686453084320151,5.156440617913832,0.0,3.022586766187957,1.5244200365331315,0.4166666666666667,17.0,1.0,4.0,0.0,1.0,1.0,1.0,0.0,1.0,4.0,1.0,5.0,2.0,0.0,1.0,1.0,2.0,1.4085,68.75080000000003,0.0,0.0,0.0,0.0,0.0,0.0,0.0,1.0,0.0,0.0,0.0,0.0,1.0,0.0,0.0,1.0,0.0,0.0,0.0,0.0,0.0,0.0,0.0,0.0,0.0,0.0,0.0,0.0,0.0,0.0,1.0,0.0,0.0,0.0,2.0,0.0,0.0,0.0,0.0,0.0,0.0,0.0,0.0,0.0,0.0,1.0,1.0,0.0,0.0,0.0,0.0,0.0,0.0,0.0,1.0,1.0,0.0,0.0,0.0,0.0,0.0,0.0,0.0,0.0,0.0,0.0,0.0,0.0,0.0,0.0,chembl_mpro_simfilter_potent,CHEMBL4523582,0.859375
25921830,CHEMBL5573502,Cc1ccc(OCC[N+](C)(C)C)cc1C(=O)N[C@H](C)c1cccc(-c2cccs2)c1,1300.0,nM,=,5.89,CHEMBL5528733,Inhibition of C-terminal His-tagged SARS-CoV-2 BetaCoV/Wuhan/WIV04/2019 PLpro expressed in Escherichia coli BL21 (DE3) cells preincubated for 30 mins followed by substrate addition and measured after 1 hrs by FRET assay,0.0012882495516931,12.98042220437558,12.98042220437558,0.0846487885277569,-0.0976136079495575,0.4994389068949453,12.433333333333334,423.60200000000015,392.35400000000016,423.21007565209,158.0,0.2516570111056928,-0.4876977452716976,0.4876977452716976,0.2516570111056928,1.1,1.9,2.6,32.13347426491231,10.026864834558406,2.1550620170116863,-2.233839115924178,2.271356019920408,-2.377362287223537,7.130771231730043,-0.8699028954531067,3.2297935515246494,1.692156092074257,990.6332672467684,21.725403871315216,18.43702499035053,19.253521571278256,14.226165307525706,10.214061799602073,11.093714610856969,8.637034019841513,9.584728212840382,5.0244188669827325,5.943355388303546,3.134699272748927,3.858627465482909,-2.6299999999999986,5199363.646560551,22.06414810092641,9.454403561486078,5.9386485423786155,183.26516850156332,14.536682415501003,18.9011502037094,0.0,0.0,5.907179729351506,0.0,4.794537184071822,0.0,0.0,11.336785877934735,30.33183534230805,60.18335991878458,10.440598685398296,27.18485677717953,14.014430995566496,17.243965607286242,0.0,5.316788604006331,0.0,19.88931522852921,34.29465431845706,76.6677208617114,16.1901105186822,10.05365155780638,0.0,5.749511833283905,11.336785877934735,44.68486490550319,0.0,6.923737199690624,34.4504696880014,59.9773663866204,0.0,10.440598685398296,38.33,0.0,4.794537184071822,0.0,11.949020558499466,12.170333456209914,27.904202080285096,10.440598685398296,11.336785877934735,38.112942673227685,62.17170266481186,4.736862953800049,6.714651451171129,1.7162022410161508,14.207227916120656,5.214160316856882,3.8469257328174806,0.6436343659747339,18.12309821761515,0.0,5.473949308966965,6.393483782794186,0.32,30.0,1.0,4.0,0.0,0.0,0.0,2.0,1.0,3.0,3.0,1.0,5.0,8.0,0.0,0.0,0.0,3.0,5.299520000000005,125.20960000000004,0.0,0.0,0.0,0.0,0.0,0.0,0.0,0.0,0.0,0.0,1.0,1.0,0.0,0.0,0.0,1.0,1.0,0.0,1.0,0.0,0.0,0.0,0.0,0.0,0.0,1.0,0.0,0.0,1.0,0.0,2.0,0.0,0.0,0.0,1.0,0.0,0.0,0.0,0.0,0.0,0.0,0.0,0.0,0.0,0.0,0.0,0.0,0.0,0.0,0.0,0.0,0.0,0.0,0.0,0.0,0.0,0.0,0.0,0.0,0.0,1.0,0.0,0.0,0.0,0.0,0.0,0.0,1.0,0.0,0.0,chembl_mpro_simfilter_potent,CHEMBL4523582,0.859375
24839607,CHEMBL5176190,O=C(Cn1sc2cc(F)ccc2c1=O)NC1CCCCC1,160.0,nM,=,6.8,CHEMBL5145098,Inhibition of SARS-CoV-2 main protease using Mca-AVLQSGFRK(Dnp)K as substrate preincubated with enzyme for 10 mins followed by substrate addition and measured every 30 secs for 10 mins by fluorescence based analysis,0.0001584893192461,13.165203063430877,13.165203063430877,0.0102173091458803,-0.3726322675407274,0.947478625252553,16.238095238095237,308.37800000000016,291.242,308.09947700400005,112.0,0.2685027612541253,-0.3517870021514059,0.3517870021514059,0.2685027612541253,1.3333333333333333,2.0952380952380953,2.857142857142857,32.13720067859252,9.954246413833866,2.1696213046528685,-2.221203369782028,2.1879348771794813,-2.38543141136289,7.134403285661378,-0.1219782314149386,2.7536844595584764,1.7320299471476897,716.0221837536527,14.819626477379408,11.601964703778563,12.418461284706291,10.131030293135234,7.220522399630679,7.993919061764653,5.475983091908839,6.539156758953558,3.8666242994096343,4.9163936555098,2.7976516119545107,3.817138019254412,-1.69,83304.46227056303,14.255815398308933,5.971873605428388,3.152028812844512,125.27628792639638,5.316788604006331,12.36197724695847,0.0,5.907179729351506,5.559266895052007,0.0,13.54573547640424,4.39041504767482,0.0,0.0,30.794951480344704,31.04074445123685,6.041840829147961,10.086144130933896,9.184952231746642,27.525810471852076,0.0,9.273449712266927,0.0,44.69070534969059,0.0,34.37012612555455,0.0,10.87605549905834,4.39041504767482,0.0,11.532486611566677,15.905681666760064,11.339293589984395,5.817220841045894,32.10410811463005,22.993638389456653,0.0,10.086144130933896,51.1,0.0,13.979489415818463,0.0,29.870264700509946,10.086144130933896,37.21577310327071,28.576583936571435,0.0,0.0,5.316788604006331,0.0,15.130846303751696,1.131748446292097,24.176780675233054,3.4489109872344,-0.2279683694465439,-0.5151988775180516,4.298673226241317,5.545990299066146,0.0102173091458803,0.0,0.4666666666666667,21.0,1.0,4.0,1.0,0.0,1.0,1.0,1.0,2.0,3.0,1.0,6.0,3.0,1.0,0.0,1.0,3.0,2.6510000000000007,81.05870000000003,0.0,0.0,0.0,0.0,0.0,1.0,0.0,0.0,0.0,0.0,1.0,1.0,0.0,0.0,0.0,1.0,1.0,0.0,0.0,0.0,0.0,0.0,0.0,0.0,0.0,1.0,0.0,0.0,0.0,0.0,1.0,1.0,0.0,0.0,0.0,0.0,0.0,1.0,0.0,0.0,0.0,0.0,0.0,0.0,0.0,0.0,0.0,0.0,0.0,0.0,0.0,0.0,0.0,0.0,0.0,0.0,0.0,0.0,0.0,0.0,0.0,0.0,0.0,0.0,0.0,0.0,0.0,0.0,0.0,0.0,chembl_mpro_simfilter_potent,CHEMBL4523582,0.859375
25921797,CHEMBL5590311,Cc1ccc(NC2CNC2)cc1CN(C)[C@H](C)c1cccc2ccccc12,960.0,nM,=,6.02,CHEMBL5528733,Inhibition of C-terminal His-tagged SARS-CoV-2 BetaCoV/Wuhan/WIV04/2019 PLpro expressed in Escherichia coli BL21 (DE3) cells preincubated for 30 mins followed by substrate addition and measured after 1 hrs by FRET assay,0.0009549925860214,3.6232878716735137,3.6232878716735137,0.3499512891576383,0.3499512891576383,0.6664597435158615,15.703703703703704,359.51700000000005,330.28500000000014,359.23614792800004,140.0,0.0509964249335468,-0.3797375550349918,0.3797375550349918,0.0509964249335468,1.0740740740740742,1.851851851851852,2.6296296296296298,15.120931401346215,9.979214477506432,2.1772062418915668,-2.298533634700872,2.2879966302060573,-2.5098423103738874,5.85569454857269,0.2537983585463396,2.656538737691068,1.5381093192005566,924.5625330016948,18.802754140504845,16.496737169335113,16.496737169335113,13.114193540729628,9.86289861910926,9.86289861910926,7.800236961227455,7.800236961227455,5.85575531877416,5.85575531877416,3.815857706748312,3.815857706748312,-2.359999999999999,1413198.9122895177,18.02434827773252,7.711396351217466,3.847551545058865,161.94342565635927,10.633577208012662,0.0,0.0,0.0,0.0,0.0,4.899909730850477,0.0,0.0,0.0,48.53093654769288,60.49068342300224,31.36349632156925,6.041840829147961,0.0,16.459834703613154,0.0,10.216698334856808,0.0,32.47591246358975,25.453973398508673,77.3540251597071,0.0,10.633577208012662,5.687386274683562,0.0,0.0,31.07893535450078,6.544756405912575,6.923737199690624,29.65593250392957,60.6636706846161,0.0,10.772448428929591,27.299999999999997,0.0,0.0,0.0,0.0,12.08368165829592,19.634269217737724,33.15018917870414,0.0,0.0,97.0923040055377,0.0,0.0,0.0,2.443242787855883,9.602592763850986,5.363437512797182,0.0,22.96709280891616,0.0,7.566261047718618,2.2240397455278407,0.3333333333333333,27.0,2.0,3.0,0.0,1.0,1.0,3.0,0.0,3.0,3.0,2.0,3.0,6.0,0.0,1.0,1.0,4.0,4.7249200000000044,115.28940000000004,0.0,0.0,0.0,0.0,0.0,0.0,0.0,0.0,0.0,0.0,0.0,0.0,0.0,0.0,0.0,1.0,2.0,0.0,0.0,0.0,0.0,0.0,0.0,0.0,0.0,0.0,0.0,1.0,1.0,0.0,3.0,1.0,0.0,0.0,0.0,0.0,0.0,0.0,0.0,0.0,0.0,0.0,0.0,0.0,0.0,0.0,0.0,0.0,0.0,0.0,0.0,0.0,0.0,0.0,0.0,0.0,0.0,0.0,0.0,0.0,0.0,0.0,0.0,0.0,0.0,0.0,0.0,0.0,0.0,0.0,chembl_mpro_simfilter_potent,CHEMBL4523582,0.859375
25632126,CHEMBL5428967,COC(=O)c1ccc2c(c1)NC1=C(C(=O)CCC1)C(c1ccc(C(F)(F)F)cc1)N2C(=O)CCl,180.0,nM,=,6.75,CHEMBL5365963,Inhibition of SARS-CoV-2 main protease by FRET assay,0.0001778279410038,13.153199777094285,13.153199777094285,0.2157241932266731,-4.530597928657923,0.4683799402120908,17.970588235294116,492.8810000000001,472.7210000000001,492.10636946,178.0,0.4159098610370463,-0.4654165838654986,0.4654165838654986,0.4159098610370463,1.1470588235294117,1.8529411764705883,2.4705882352941178,35.495664281528896,9.853056858186696,2.3973331014353607,-2.3333965092828675,2.4532798063186707,-2.3837692938610275,6.296126190402257,-0.137238746910155,2.967233433139451,1.9521416656278792,1191.6944942746964,24.620591385700628,18.03929392765552,18.79522287367397,16.15041557103087,10.461776825792922,10.996299309617772,7.937143569138643,8.204404811051067,5.887279413784412,6.115911219835848,4.345364982758113,4.474132969159068,-3.329999999999999,35647749.01905074,23.81566078332042,9.134736181950569,4.273376941456226,197.87421717818756,10.05365155780638,5.880003444970339,5.783244946364939,5.907179729351506,0.0,12.145603805395323,14.48898409899412,4.794537184071822,13.17124514302446,11.600939890232516,12.13273413692322,48.73693007985707,17.69096546605111,35.65331390318661,32.291719649039976,40.63544240326793,0.0,0.0,0.0,31.480604215369464,23.20649932110468,70.42506779744737,0.0,10.216698334856808,24.546017692391587,0.0,11.600939890232516,30.64953094991616,20.502235839387165,0.0,46.7891973570888,53.73471332235637,0.0,0.0,75.71000000000001,35.538079300562124,27.554856695239927,0.0,17.767518060987946,41.05001113004124,12.13273413692322,42.34154261443606,0.0,0.0,5.316788604006331,16.337802844032566,44.239997707151005,5.9231853384910735,39.59712373626022,3.1895649880322496,1.2858047336173497,-1.7746079103104937,7.889940987427008,-3.231797118788691,0.0,1.241898649231386,0.2916666666666667,34.0,1.0,6.0,1.0,1.0,2.0,2.0,0.0,2.0,5.0,1.0,10.0,3.0,0.0,0.0,0.0,4.0,5.237700000000005,119.67920000000004,0.0,0.0,0.0,0.0,0.0,0.0,0.0,0.0,0.0,0.0,3.0,3.0,0.0,0.0,0.0,1.0,1.0,0.0,0.0,0.0,0.0,0.0,0.0,4.0,1.0,1.0,0.0,2.0,0.0,0.0,2.0,1.0,0.0,1.0,1.0,0.0,0.0,4.0,0.0,0.0,0.0,0.0,1.0,1.0,0.0,1.0,0.0,0.0,0.0,0.0,0.0,0.0,0.0,0.0,0.0,0.0,0.0,0.0,0.0,0.0,0.0,0.0,0.0,0.0,0.0,0.0,0.0,0.0,0.0,0.0,chembl_mpro_simfilter_potent,CHEMBL4523582,0.859375
26184816,CHEMBL5641914,N#Cc1ccc(-c2nnc([S+]([O-])Cc3cccnc3)o2)cc1,140.0,nM,=,6.85,CHEMBL5634901,Inhibition of SARS-CoV-2 3CL protease expressed in Escherichia coli BL21 (DE3) Rosetta competent cells using DabcylKNSTLQSGLRKE-Edan as fluorescence substrate preincubated for 60 mins followed by substrate addition and measured after 20 mins by FRET assay,0.0001412537544622,12.203193496151648,12.203193496151648,0.0724192439321409,-1.425946991965511,0.6856339361598516,11.818181818181818,310.338,300.25800000000004,310.05244655999996,108.0,0.4355961397197418,-0.6073608273987547,0.6073608273987547,0.4355961397197418,1.181818181818182,2.0,2.6818181818181817,32.22789406035683,10.143816990992182,2.208908216246966,-2.03742628620004,2.2162572852606197,-2.0518219823497756,7.899340555439536,0.4393105026094043,3.058984938316195,1.7633273289319964,796.4146992030821,15.363596551749426,11.339508188094978,12.156004769022704,10.75835149307306,6.37386994119702,7.69280183418384,4.413408977783983,5.742369026537514,2.882726380392832,4.032758958712744,1.802389079931799,2.703148353298232,-2.6899999999999995,192300.02916230928,14.255815398308938,6.386322458510953,3.1374779766186376,129.1841732327908,8.969900810743711,5.752853606746789,0.0,0.0,5.890723922025908,5.222755905846688,4.983978520947208,0.0,5.261891554738487,5.098681808301038,11.165048876762649,30.33183534230805,23.520590126620142,22.808527277874557,8.969900810743711,11.175854473385288,5.261891554738487,15.181342137549285,0.0,10.975609512593476,0.0,59.918792537389805,17.523396726515177,0.0,0.0,0.0,0.0,19.73409201123965,16.928708080132076,11.33111286753076,11.126902983393991,58.43179639689585,0.0,11.454175413722904,98.66,11.175854473385288,4.552749873690364,0.0,16.866333434619385,11.126902983393991,5.563451491696996,0.0,42.725522485534206,12.135588381253884,15.181342137549285,9.679042491791831,17.654703479774728,-1.425946991965511,3.973077095658542,16.56718370607929,2.0543768249670684,0.5435862464055108,12.385085309502305,3.303489885133623,0.0,0.0,0.0666666666666666,22.0,0.0,6.0,0.0,0.0,0.0,1.0,2.0,3.0,6.0,0.0,7.0,4.0,0.0,0.0,0.0,3.0,2.3110800000000005,78.79840000000002,0.0,0.0,0.0,0.0,0.0,3.0,0.0,0.0,0.0,0.0,0.0,0.0,0.0,0.0,0.0,4.0,0.0,0.0,0.0,0.0,0.0,0.0,0.0,0.0,0.0,0.0,0.0,0.0,0.0,0.0,1.0,0.0,0.0,0.0,0.0,0.0,0.0,0.0,0.0,0.0,0.0,0.0,0.0,0.0,0.0,0.0,0.0,1.0,0.0,0.0,0.0,0.0,0.0,0.0,0.0,0.0,0.0,0.0,0.0,1.0,0.0,0.0,0.0,0.0,0.0,0.0,0.0,0.0,0.0,0.0,chembl_mpro_simfilter_potent,CHEMBL4523582,0.859375
24839622,CHEMBL5183334,CC(C)(C)OC(=O)Cn1sc2cc(F)ccc2c1=O,220.2,nM,=,6.66,CHEMBL5145098,Inhibition of SARS-CoV-2 main protease using Mca-AVLQSGFRK(Dnp)K as substrate preincubated with enzyme for 10 mins followed by substrate addition and measured every 30 secs for 10 mins by fluorescence based analysis,0.0002187761623949,13.066273715562136,13.066273715562136,0.1556854686318973,-0.5937686077517428,0.7957748084431326,11.789473684210526,283.324,269.21199999999993,283.06784252799997,102.0,0.327130568861287,-0.4586068789329953,0.4586068789329953,0.327130568861287,1.4210526315789471,2.1052631578947367,2.736842105263158,32.13720055273499,10.175264615659929,2.180750259661917,-2.186897380974118,2.1791525165208956,-2.280155703668392,7.134373177339912,-0.1548907406844485,2.520168282590788,2.2895213907331677,681.2336497075801,14.206742302257044,10.897328819120064,11.71382540004779,8.75983881233692,5.773598974572003,6.546995636705977,5.159978299613208,6.223151966657927,2.301855250036167,3.3516246061363324,1.6380159757991355,2.6456572883317206,-1.6899999999999995,13956.691948987784,13.734988538612718,4.770068368061581,3.1993320194598107,113.11591789703122,4.736862953800049,17.963028057942157,0.0,0.0,5.559266895052007,5.969305287951848,13.54573547640424,4.39041504767482,0.0,0.0,11.532486611566677,38.970312804456704,0.0,10.086144130933896,13.92181518554669,27.58793603045242,0.0,3.956661108260597,0.0,32.917018815968135,0.0,34.37012612555455,0.0,5.559266895052007,4.39041504767482,0.0,11.532486611566677,15.527017207196137,16.076156543784446,5.817220841045894,20.771211599071872,22.993638389456653,0.0,10.086144130933896,48.3,17.387576939981432,13.979489415818463,0.0,12.10402330096458,10.086144130933896,11.532486611566677,22.155762313645425,20.771211599071872,0.0,0.0,4.736862953800049,20.014358088200076,1.0557218442932723,23.65869787729907,0.4119987717309148,-0.8938989932392709,-0.8890776696481053,3.940825302343159,0.0,5.118041445687549,0.0,0.3846153846153846,19.0,0.0,4.0,0.0,0.0,0.0,1.0,1.0,2.0,4.0,0.0,6.0,2.0,0.0,0.0,0.0,2.0,2.5438,71.88800000000002,0.0,0.0,0.0,0.0,0.0,1.0,0.0,0.0,0.0,0.0,1.0,1.0,0.0,0.0,0.0,1.0,0.0,0.0,0.0,0.0,0.0,0.0,0.0,0.0,0.0,0.0,0.0,0.0,0.0,0.0,1.0,1.0,0.0,1.0,1.0,0.0,0.0,1.0,0.0,0.0,0.0,0.0,0.0,0.0,0.0,0.0,0.0,0.0,0.0,0.0,0.0,0.0,0.0,0.0,0.0,0.0,0.0,0.0,0.0,0.0,0.0,0.0,0.0,0.0,0.0,0.0,0.0,0.0,0.0,0.0,chembl_mpro_simfilter_potent,CHEMBL4523582,0.859375
19964294,CHEMBL1591074,c1ccc2sc(SNC3CCCCC3)nc2c1,770.0,nM,=,6.11,CHEMBL4495583,SARS-CoV-2 3CL-Pro protease inhibition IC50 determined by FRET kind of response from peptide substrate,0.0007762471166286,4.616097174981103,4.616097174981103,0.6812613378684806,0.6812613378684806,0.8399410248536084,17.647058823529413,264.4189999999999,248.29099999999997,264.075490512,90.0,0.165577908080448,-0.2548016049730053,0.2548016049730053,0.165577908080448,1.1764705882352942,2.0,2.823529411764706,32.19837913772944,9.964839661664072,2.13463953952511,-2.2081812063405724,2.289121998829252,-2.2471198124744185,7.988654085532405,0.423232839145813,2.801835898409254,1.6372019750951292,455.88004875061125,11.501789232183624,9.685995428308551,11.318988590164006,8.415816237971965,6.196232161139849,7.829225322995302,4.502344753451382,6.617936748274986,3.1923365055670105,5.240470196851843,2.2489066815503507,4.173408206013528,-0.5800000000000001,17875.713031851043,11.507014185826907,5.37679619758244,2.8130473602342914,109.96525015504238,0.0,0.0,4.339655680673546,0.0,0.0,0.0,4.722094864452088,4.983978520947208,0.0,11.336785877934735,31.39519900570125,36.92230034915644,6.041840829147961,10.216620634085364,0.0,33.501329478401296,0.0,9.706073385399296,0.0,42.485604624451554,0.0,24.26546827384644,0.0,4.722094864452088,0.0,0.0,23.28470884431593,11.02581935009517,0.0,0.0,32.10410811463005,28.605123954519986,0.0,10.216620634085364,24.92,0.0,0.0,0.0,0.0,6.041840829147961,9.856356398289808,36.80402803109915,23.28470884431593,6.06636706846161,27.905174590784124,0.0,5.977507821029647,3.4852952569916855,4.616097174981103,0.0,1.1161520009238264,0.0,9.017331608186586,6.787616137887151,0.0,0.0,0.4615384615384615,17.0,1.0,2.0,1.0,0.0,1.0,1.0,1.0,2.0,4.0,1.0,4.0,3.0,1.0,0.0,1.0,3.0,4.2257000000000025,75.48570000000002,0.0,0.0,0.0,0.0,0.0,1.0,0.0,0.0,0.0,0.0,0.0,0.0,0.0,0.0,0.0,1.0,1.0,0.0,0.0,0.0,0.0,0.0,0.0,0.0,0.0,0.0,0.0,0.0,0.0,0.0,1.0,1.0,0.0,0.0,0.0,0.0,0.0,0.0,0.0,0.0,0.0,0.0,0.0,0.0,0.0,0.0,0.0,0.0,0.0,0.0,0.0,0.0,0.0,1.0,0.0,0.0,0.0,0.0,0.0,0.0,0.0,0.0,0.0,0.0,0.0,0.0,1.0,0.0,0.0,0.0,chembl_mpro_simfilter_potent,CHEMBL4523582,0.859375
24708026,CHEMBL5071508,Cc1ccc(NC2CNC2)cc1C(=O)N[C@H](C)c1cccc(-c2cccs2)c1,590.0,nM,=,6.23,CHEMBL5109230,Inhibition of SARS-CoV-2 PLpro,0.0005888436553555,12.935193163685229,12.935193163685229,0.039897119341564,-0.0701299655664742,0.5756452615663196,14.928571428571429,391.5400000000001,366.34000000000015,391.17183342,144.0,0.2515960963969782,-0.3797262858974603,0.3797262858974603,0.2515960963969782,1.1428571428571428,2.0,2.7142857142857144,32.13347412931462,10.022276344885189,2.1813359573853948,-2.288629235957937,2.27089536682962,-2.5100083924946635,7.130771966482037,0.0939037934421449,3.2043977513642363,1.484277383641563,963.7386008552072,19.50986092169139,16.158913373576333,16.97540995450406,13.59735678832402,9.6256724639677,10.505325275222596,7.32712358203105,8.274817775029922,5.174383037991973,6.0933195593127865,3.344671979290619,4.068600172024601,-2.6299999999999986,2930226.275359761,18.72030214687853,8.166866475809684,4.105785673487757,169.54582710015143,15.950365812018994,0.0,0.0,0.0,5.907179729351506,0.0,4.794537184071822,0.0,0.0,11.336785877934735,30.33183534230805,60.18335991878458,29.21749777190701,12.08368165829592,4.794537184071822,22.931351881969803,0.0,10.633577208012662,0.0,25.93115605767717,18.40630141583148,76.6677208617114,10.440598685398296,15.950365812018994,5.687386274683562,0.0,11.336785877934735,25.038533370324615,0.0,6.923737199690624,34.4504696880014,59.9773663866204,0.0,10.440598685398296,53.16,0.0,4.794537184071822,0.0,11.949020558499466,6.041840829147961,35.4672535615997,10.440598685398296,11.336785877934735,32.046575604766076,57.72863099325456,0.0,0.0,1.7233422395821454,14.171749342569631,11.954309308554745,4.985435612898775,-0.039897119341564,18.9326206821804,0.0,5.939106600222533,0.0,0.2608695652173913,28.0,3.0,4.0,0.0,1.0,1.0,2.0,1.0,3.0,4.0,3.0,5.0,6.0,0.0,1.0,1.0,4.0,4.598220000000003,117.09560000000003,0.0,0.0,0.0,0.0,0.0,0.0,0.0,0.0,0.0,0.0,1.0,1.0,0.0,0.0,0.0,0.0,3.0,0.0,0.0,0.0,0.0,0.0,0.0,0.0,0.0,1.0,0.0,1.0,1.0,0.0,2.0,0.0,0.0,0.0,0.0,0.0,0.0,0.0,0.0,0.0,0.0,0.0,0.0,0.0,0.0,0.0,0.0,0.0,0.0,0.0,0.0,0.0,0.0,0.0,0.0,0.0,0.0,0.0,0.0,0.0,0.0,0.0,0.0,0.0,0.0,0.0,0.0,1.0,0.0,0.0,chembl_mpro_simfilter_potent,CHEMBL4523582,0.859375
26014187,CHEMBL5590148,Cc1ccc(OC2CCNCC2)cc1C(=O)N[C@H](C)c1cccc(-c2ccc(CNC3CCCC3)s2)c1,750.0,nM,=,6.12,CHEMBL5578428,Inhibition of N-terminal his-tagged SARS CoV-2 PL protease (1564 to 1878 residues) expressed in BL21 (DE3) cells using Z-RLRGG-AMC as substrate preincubated for 10 mins followed by substrate addition and measured for 15 mins by fluorescence based analysis,0.0007585775750291,13.251242088136168,13.251242088136168,0.0670732961813063,-0.1071210422874391,0.3083125922636912,17.56756756756757,517.7390000000004,478.4270000000003,517.276298488,196.0,0.2516570133049533,-0.4903152267152729,0.4903152267152729,0.2516570133049533,1.054054054054054,1.864864864864865,2.675675675675676,32.13356150855631,10.025430138198058,2.185230991716805,-2.2402231984390033,2.3057569903634834,-2.337994168302732,7.150292376990287,0.0937601532955413,3.6154646380415314,1.2199268200800744,1194.6687240006056,25.61430892837647,22.016909132346026,22.833405713273752,18.0468465311072,13.762865917807318,14.579362498735044,10.492790206884894,11.6611181527346,7.643126928578612,8.777434183556329,5.346724566889127,6.301679351712579,-2.6699999999999986,439636045.73341614,25.957734867858036,12.249082381707549,6.806340990913648,224.5730780913019,20.68722876581904,11.853478221032208,0.0,0.0,5.907179729351506,0.0,4.794537184071822,0.0,0.0,11.336785877934735,37.107111519698464,99.6424635203095,27.90434311416013,6.041840829147961,9.53140013787187,17.243965607286242,0.0,15.950365812018994,0.0,77.1048085888941,13.08951281182515,76.1648052849468,16.1901105186822,20.68722876581904,0.0,5.749511833283905,11.336785877934735,31.14249975807292,6.544756405912575,6.923737199690624,77.85254661925875,54.59730361615449,0.0,10.440598685398296,62.39,0.0,4.794537184071822,0.0,18.05298694624777,11.605292320844956,49.35232728026764,41.00103237080363,0.0,43.38336148270081,52.34856822278866,4.736862953800049,6.1802327839693145,1.850547218796053,15.888210144570866,10.281779319561124,3.9254158371068377,0.7044276145833948,19.40648533353397,7.504982325102867,6.924586089442247,0.0,0.4516129032258064,37.0,3.0,5.0,1.0,1.0,2.0,2.0,1.0,3.0,5.0,3.0,6.0,9.0,1.0,1.0,2.0,5.0,6.377520000000007,152.43059999999977,0.0,0.0,0.0,0.0,0.0,0.0,0.0,0.0,0.0,0.0,1.0,1.0,0.0,0.0,0.0,0.0,3.0,0.0,0.0,0.0,0.0,0.0,0.0,0.0,0.0,1.0,0.0,0.0,1.0,0.0,2.0,0.0,0.0,0.0,1.0,0.0,0.0,0.0,0.0,0.0,0.0,0.0,0.0,0.0,0.0,0.0,0.0,0.0,0.0,0.0,0.0,0.0,0.0,0.0,0.0,0.0,1.0,0.0,0.0,0.0,0.0,0.0,0.0,0.0,0.0,0.0,0.0,1.0,0.0,0.0,chembl_mpro_simfilter_potent,CHEMBL4523582,0.859375
25871841,CHEMBL5558407,CCOc1cc(O)c2c(=O)c(O)c(-c3cc(O)c(O)c(O)c3)oc2c1,740.0,nM,=,6.13,CHEMBL5512981,Inhibition of SARS-CoV-2 3CLp using fluorescent substrate by FRET assay,0.0007413102413009,12.36398833144369,12.36398833144369,0.0503678245989751,-0.8992101284958427,0.4552918422275077,10.92,346.29100000000005,332.1790000000001,346.06886740799996,130.0,0.2382886045768776,-0.5068904726760227,0.5068904726760227,0.2382886045768776,0.92,1.56,2.16,16.477408079458193,10.079059013349797,2.206151740250837,-2.101789672761502,2.4161873515693606,-2.0337114761119253,5.880761967711994,0.3373847510868877,2.5499030623664374,2.330700990140209,1011.9728984290464,18.30060042939172,12.977320706836432,12.977320706836432,11.828606258093464,7.239713562217486,7.239713562217486,5.220569661234354,5.220569661234354,3.56697915747082,3.56697915747082,2.4456333059740203,2.4456333059740203,-3.55,356292.8550983376,16.31278931265088,5.822874881689594,2.629755034041937,139.9510990006292,34.686650865056926,22.46826802267485,23.008782918726155,11.178302225184446,0.0,0.0,4.794537184071822,0.0,0.0,0.0,0.0,19.056471336613843,17.696185628620217,6.606881964512918,34.686650865056926,10.969244356107035,0.0,0.0,0.0,6.923737199690624,6.606881964512918,34.4887958498188,45.82076991027487,10.16565334570059,0.0,34.49707099970343,0.0,32.13951893871644,0.0,0.0,6.923737199690624,33.47715639497161,0.0,22.29294326667848,140.59000000000003,34.17634955832006,30.327174158275348,0.0,28.042455099962385,6.606881964512918,12.13273413692322,12.13273413692322,6.923737199690624,0.0,0.0,9.154013890853395,10.750134252188277,0.0,12.36398833144369,48.495429078039066,-1.0113329606533967,-3.418507572590814,4.596587945350572,0.0,2.057034259555939,0.0,0.1176470588235294,25.0,5.0,8.0,0.0,0.0,0.0,2.0,1.0,3.0,8.0,5.0,8.0,3.0,0.0,0.0,0.0,3.0,2.386700000000001,87.413,0.0,0.0,0.0,0.0,0.0,0.0,0.0,5.0,0.0,0.0,0.0,0.0,0.0,0.0,0.0,0.0,0.0,0.0,0.0,0.0,0.0,0.0,0.0,0.0,0.0,0.0,0.0,0.0,0.0,0.0,2.0,1.0,0.0,0.0,1.0,0.0,0.0,0.0,0.0,0.0,0.0,0.0,0.0,0.0,0.0,0.0,0.0,0.0,0.0,0.0,0.0,0.0,0.0,0.0,4.0,4.0,0.0,0.0,0.0,0.0,0.0,0.0,0.0,0.0,0.0,0.0,0.0,0.0,0.0,0.0,chembl_mpro_simfilter_potent,CHEMBL4523582,0.859375
19964206,CHEMBL1886408,CCOC(=O)Cc1ccc(-c2ccccc2)cc1,200.0,nM,=,6.7,CHEMBL4495583,SARS-CoV-2 3CL-Pro protease inhibition IC50 determined by FRET kind of response from peptide substrate,0.0001995262314968,11.345150419365789,11.345150419365789,0.1759619341563785,-0.1759619341563785,0.7649198651947398,10.055555555555555,240.302,224.17399999999995,240.115029752,92.0,0.309742217019163,-0.4657254354329764,0.4657254354329764,0.309742217019163,0.9444444444444444,1.5555555555555556,2.1666666666666665,16.53182527353747,10.030041279371362,2.0360899566823036,-2.0425841479125033,2.1889146595421316,-2.0667447506034944,5.728463543475895,-0.1417765236553816,2.4073226552191507,2.085441900172752,500.3799866151649,12.794682450997078,10.426862566007456,10.426862566007456,8.792024997884274,6.093187795000649,6.093187795000649,4.044746693960118,4.044746693960118,2.714845092412162,2.714845092412162,1.8243351672717545,1.8243351672717545,-2.0899999999999994,15984.62243065516,12.36910429200264,6.009621892056233,3.2014905114022945,107.2233331126981,4.736862953800049,0.0,0.0,0.0,0.0,5.969305287951848,4.794537184071822,0.0,0.0,0.0,54.59730361615449,23.61409167478161,0.0,13.027703587438928,9.53140013787187,5.969305287951848,0.0,0.0,0.0,13.344558822616634,6.606881964512918,60.160755107851486,11.126902983393991,0.0,0.0,0.0,0.0,12.576187252464766,15.95222176079788,0.0,12.48718869138762,54.59730361615449,0.0,11.126902983393991,26.3,0.0,4.794537184071822,0.0,5.969305287951848,13.027703587438928,11.126902983393991,5.563451491696996,0.0,49.38830667892189,12.13273413692322,4.736862953800049,4.921744530571641,0.0,11.345150419365789,0.0,3.316226589401193,-0.1759619341563785,18.17593224382907,0.3362199231544471,2.2473548945009085,0.0,0.1875,18.0,0.0,2.0,0.0,0.0,0.0,2.0,0.0,2.0,2.0,0.0,2.0,4.0,0.0,0.0,0.0,2.0,3.459200000000002,72.21500000000005,0.0,0.0,0.0,0.0,0.0,0.0,0.0,0.0,0.0,0.0,1.0,1.0,0.0,0.0,0.0,0.0,0.0,0.0,0.0,0.0,0.0,0.0,0.0,0.0,0.0,0.0,0.0,0.0,0.0,0.0,2.0,0.0,0.0,1.0,1.0,0.0,0.0,0.0,0.0,0.0,0.0,0.0,0.0,0.0,0.0,0.0,0.0,0.0,0.0,0.0,0.0,0.0,0.0,0.0,0.0,0.0,0.0,0.0,0.0,0.0,0.0,0.0,0.0,0.0,0.0,0.0,0.0,0.0,0.0,0.0,chembl_mpro_simfilter_potent,CHEMBL4523582,0.859375
25952239,CHEMBL5568631,O=C(NCc1ccc(O)c(F)c1)N1CCC(CN2CCc3ccccc32)CC1,730.0,nM,=,6.14,CHEMBL5537388,Inhibition of SARS-CoV-2 MPro transfected in Escherichia coli BL21 (DE3) measured after 1 hr by FRET analysis,0.0007244359600749,13.383989748711768,13.383989748711768,0.1125450966148111,-0.6703244815027649,0.8494915738062996,16.892857142857142,383.46700000000016,357.2590000000001,383.200905292,148.0,0.317162094131709,-0.5048808222278827,0.5048808222278827,0.317162094131709,1.1428571428571428,1.9285714285714288,2.7142857142857144,19.142251970184883,9.960577773007447,2.262864868685132,-2.3421882132585017,2.2964758065580626,-2.4532485288193615,5.738364763246919,0.1707972930891783,3.120478868425728,1.2359998540181445,849.4255515906539,19.50986092169139,15.903509952982356,15.903509952982356,13.59735678832402,9.929627023127454,9.929627023127454,7.6996215657344385,7.6996215657344385,5.81952233584202,5.81952233584202,4.176372369121743,4.176372369121743,-2.7599999999999993,3727661.6466440065,18.59624232599571,8.08516558699493,4.05536170642727,164.31707694164945,20.223135460547994,0.0,11.5667326743298,0.0,0.0,6.031114512338072,0.0,9.184952231746642,0.0,0.0,24.26546827384644,54.50637510371824,38.41116830424644,0.0,14.291479626587348,11.718500787021634,0.0,10.216698334856808,5.917906046161393,25.807221274690605,31.07893535450078,59.40869330367116,5.749511833283905,10.216698334856808,14.872338506430204,5.749511833283905,0.0,42.216577261679554,12.965578028838586,11.735126887207286,23.96854622924601,42.46456947923127,0.0,0.0,55.81,5.817220841045894,14.291479626587348,0.0,18.32538275153455,11.48135753785839,45.441490492428336,23.38357190330378,6.06636706846161,4.899909730850477,34.482166608703245,0.0,13.383989748711768,0.0,16.719147492321053,12.076594744443774,3.4305727585571177,-0.4488659605878139,12.667928779122548,3.120166641784165,3.8837991289807174,0.0,0.4090909090909091,28.0,2.0,5.0,0.0,2.0,2.0,2.0,0.0,2.0,3.0,2.0,6.0,4.0,0.0,1.0,1.0,4.0,3.5156000000000027,106.95650000000003,0.0,0.0,0.0,0.0,0.0,0.0,0.0,1.0,0.0,0.0,1.0,1.0,0.0,0.0,0.0,2.0,1.0,0.0,0.0,1.0,0.0,0.0,0.0,0.0,0.0,2.0,0.0,1.0,0.0,0.0,2.0,1.0,0.0,0.0,0.0,0.0,0.0,1.0,0.0,0.0,0.0,0.0,0.0,0.0,0.0,0.0,0.0,0.0,0.0,0.0,0.0,0.0,0.0,1.0,1.0,1.0,1.0,0.0,0.0,0.0,0.0,0.0,0.0,0.0,0.0,0.0,0.0,0.0,0.0,1.0,chembl_mpro_simfilter_potent,CHEMBL4523582,0.859375
19964291,CHEMBL297453,O=C(O[C@@H]1Cc2c(O)cc(O)cc2O[C@@H]1c1cc(O)c(O)c(O)c1)c1cc(O)c(O)c(O)c1,720.0,nM,=,6.14,CHEMBL4495583,SARS-CoV-2 3CL-Pro protease inhibition IC50 determined by FRET kind of response from peptide substrate,0.0007244359600749,12.721634175275048,12.721634175275048,0.0525702643316281,-1.181149166456706,0.2115032367203034,17.09090909090909,458.37500000000017,440.2310000000003,458.0849113959999,172.0,0.338339156380131,-0.5076790312068091,0.5076790312068091,0.338339156380131,0.7575757575757576,1.303030303030303,1.878787878787879,16.57570635591574,9.929766073926563,2.370722557499155,-2.3366530137592907,2.455861733319205,-2.344048660671312,5.908959727526184,-0.0188996199206894,2.745814850273822,1.7472605732203803,1221.4274042533714,24.02421506852332,16.62836257009481,16.62836257009481,15.544621651056174,9.4705431026097,9.4705431026097,7.398788707989219,7.398788707989219,5.15145508456535,5.15145508456535,3.5510570821658263,3.5510570821658263,-4.67,17548920.071957238,21.557830262348368,7.786084613077349,3.8680562614814904,184.74201141230785,50.32594506632574,23.352501887600017,40.60103738745173,0.0,0.0,5.969305287951848,0.0,4.794537184071822,0.0,0.0,0.0,24.26546827384644,29.680458743243214,5.563451491696996,55.12048225039756,5.969305287951848,0.0,0.0,0.0,18.628754398422615,0.0,53.08855688586065,51.745606499555144,4.736862953800049,0.0,51.745606499555144,0.0,52.92549083442579,11.15768457672606,0.0,27.58885804691111,36.39820241076966,0.0,0.0,197.37,52.67430906315188,45.64675634279746,0.0,40.35971159786871,0.0,30.33183534230805,6.06636706846161,0.0,0.0,0.0,9.473725907600098,11.28482258335433,0.0,12.721634175275048,78.2144187769535,-0.0188596518854446,-6.060846151520301,6.1808019021556175,-2.488638300999412,0.0,0.0,0.1363636363636363,33.0,8.0,11.0,0.0,1.0,1.0,3.0,0.0,3.0,11.0,8.0,11.0,3.0,0.0,0.0,0.0,4.0,2.233199999999999,108.9209,0.0,0.0,0.0,0.0,0.0,0.0,0.0,8.0,0.0,0.0,1.0,1.0,0.0,0.0,0.0,0.0,0.0,0.0,0.0,0.0,0.0,0.0,0.0,0.0,0.0,0.0,0.0,0.0,0.0,0.0,3.0,1.0,0.0,1.0,2.0,0.0,0.0,0.0,0.0,0.0,0.0,0.0,0.0,0.0,0.0,0.0,0.0,0.0,0.0,0.0,0.0,0.0,0.0,0.0,8.0,8.0,0.0,0.0,0.0,0.0,0.0,0.0,0.0,0.0,0.0,0.0,0.0,0.0,0.0,0.0,chembl_mpro_simfilter_potent,CHEMBL4523582,0.859375
25520627,CHEMBL5426319,CC(=O)N1CC2(CC2)C[C@H]1C(=O)N[C@@H](C[C@@H]1CCNC1=O)C(=O)COC(F)(F)F,35.4,nM,=,7.45,CHEMBL5337223,Inhibition of recombinant SARS-CoV-2 3CL protease using Dabcyl-TSAVLQSGFRK-Glu-EDANS fluorogenic peptide as substrate pre-incubated for 30 mins followed by substrate addition measured for 10 mins by SpectraMax microplate reader analysis,3.5481338923357534e-05,12.82624964569161,12.82624964569161,0.0715118686044462,-4.981955784265038,0.6256080650603825,26.344827586206897,419.40000000000015,395.2080000000001,419.16680552799994,162.0,0.5224355445994345,-0.3558377482527632,0.5224355445994345,0.3558377482527632,1.3448275862068966,2.0344827586206895,2.5517241379310347,19.42244362437068,9.949445061088872,2.54486818050199,-2.258332283975217,2.5434812961539452,-2.516148872376167,5.937191855051211,-0.3205341036706154,3.0701857177567424,1.6879684812135007,707.3454881743445,21.39697674656903,16.011253523908216,16.011253523908216,13.495419579755934,9.58329006757664,9.58329006757664,8.14107255097475,8.14107255097475,5.938844064898544,5.938844064898544,4.107257789048777,4.107257789048777,-2.17,2029306.7942371096,21.536751660222127,7.92392520553394,5.255466468415775,165.04157138786437,15.533486938863138,12.64872279366088,5.783244946364939,17.721539188054518,0.0,6.362358859030383,23.915011690087336,0.0,0.0,13.17124514302446,0.0,37.51909858402682,25.931156057677168,6.041840829147961,37.0862568331118,23.504784134419456,0.0,15.533486938863138,11.332896515558172,57.47388583164697,19.696394776338067,0.0,0.0,10.633577208012662,13.17124514302446,0.0,0.0,66.5471291589343,23.915011690087336,11.332896515558172,39.02784531432067,0.0,0.0,0.0,104.81000000000002,42.66125320371705,32.34939387931175,0.0,23.6501715510258,25.93115605767717,12.84164324585202,11.823646930541102,0.0,0.0,15.370440161812713,0.0,40.55765065275166,0.0,50.34562446989305,5.075640229079082,-0.0715118686044462,-2.723751771216597,-2.074536761463845,-2.4008602849554785,0.9584120011832398,0.0,0.7777777777777778,29.0,2.0,8.0,1.0,2.0,3.0,0.0,0.0,0.0,5.0,2.0,11.0,7.0,1.0,2.0,3.0,3.0,0.5038999999999996,92.13740000000006,0.0,0.0,0.0,0.0,0.0,0.0,0.0,0.0,0.0,0.0,4.0,4.0,0.0,0.0,0.0,1.0,2.0,0.0,0.0,1.0,0.0,0.0,0.0,3.0,0.0,3.0,0.0,0.0,0.0,0.0,0.0,0.0,0.0,0.0,1.0,0.0,0.0,3.0,0.0,0.0,0.0,0.0,1.0,1.0,0.0,0.0,0.0,0.0,0.0,0.0,0.0,0.0,0.0,0.0,0.0,0.0,0.0,0.0,0.0,0.0,0.0,0.0,0.0,0.0,0.0,0.0,0.0,0.0,0.0,0.0,chembl_mpro_simfilter_potent,CHEMBL4523582,0.859375
24819035,CHEMBL227075,Cc1cccc2c3c(ccc12)C1=C(C(=O)C3=O)[C@@H](C)CO1,590.0,nM,=,6.23,CHEMBL5139876,Inhibition of N-terminal 3xFlag-His6-tagged SARS-CoV-2 papain-like protease nsp3 (1564 to 1878 residues) expressed in baculovirus infected Sf9 insect cells using Pro3 as substrate by fluorescence based assay,0.0005888436553555,12.590748299319728,12.590748299319728,0.0159199945410266,-0.4060128495842778,0.6944502693659184,20.571428571428573,278.307,264.19499999999994,278.094294308,104.0,0.2342039256183893,-0.4918564107743514,0.4918564107743514,0.2342039256183893,1.0476190476190477,1.8571428571428572,2.6666666666666665,16.48536219849804,9.819243257983809,2.4029611291141104,-2.18541585571569,2.4098121379726023,-2.2470290908406354,6.537369661618847,-0.1117420994838603,2.862137514032094,2.131712508031569,858.1376378148386,14.723250160202095,11.895953267715893,11.895953267715893,10.092224152875014,7.0800218029181625,7.0800218029181625,5.771254236618489,5.771254236618489,4.417106290090984,4.417106290090984,3.327606181882969,3.327606181882969,-2.42,107667.88900285932,12.330496675516494,4.0414568409277845,1.4864433378602684,121.76792865675677,4.736862953800049,5.759164871656176,0.0,11.566489892729878,0.0,0.0,9.589074368143644,0.0,0.0,0.0,31.189205473537065,29.32600418877882,17.044809029555385,12.179986494582185,14.325937321943693,28.098103193315644,0.0,0.0,5.917906046161393,13.847474399381248,6.606881964512918,52.595294347468304,0.0,0.0,0.0,0.0,0.0,18.173371857242795,9.53140013787187,12.841643245852016,28.408628858853433,35.90493987237732,0.0,16.531613300585768,43.370000000000005,11.566489892729878,9.589074368143644,0.0,5.917906046161393,23.50260285793536,21.899351412323583,0.0,0.0,44.179309741689295,0.0,4.736862953800049,5.700087396069539,0.0,25.0118679138322,1.840785619803477,2.890404567691274,-0.2248901381540271,9.724826100193162,0.0,4.390251873897707,0.0,0.2222222222222222,21.0,0.0,3.0,1.0,1.0,2.0,2.0,0.0,2.0,3.0,0.0,3.0,0.0,0.0,0.0,0.0,4.0,3.2910200000000023,80.05850000000002,0.0,0.0,0.0,0.0,0.0,0.0,0.0,0.0,0.0,0.0,2.0,2.0,0.0,0.0,0.0,0.0,0.0,0.0,0.0,0.0,0.0,0.0,0.0,0.0,0.0,0.0,0.0,0.0,1.0,0.0,2.0,4.0,0.0,0.0,1.0,0.0,0.0,0.0,0.0,0.0,0.0,0.0,2.0,2.0,0.0,0.0,0.0,0.0,0.0,0.0,0.0,0.0,0.0,0.0,0.0,0.0,0.0,0.0,0.0,0.0,0.0,0.0,0.0,0.0,0.0,0.0,0.0,0.0,0.0,0.0,chembl_mpro_simfilter_potent,CHEMBL4523582,0.859375
19964220,CHEMBL1725120,Cc1ccc(C)c(-n2sc3cc(F)ccc3c2=O)c1,20.0,nM,=,7.7,CHEMBL4495583,SARS-CoV-2 3CL-Pro protease inhibition IC50 determined by FRET kind of response from peptide substrate,1.9952623149688783e-05,13.218798238431171,13.218798238431171,0.0891666666666664,-0.3177183589485173,0.6605719058729725,11.105263157894736,273.332,261.23599999999993,273.062363224,96.0,0.2727247443619252,-0.2673548539481454,0.2727247443619252,0.2673548539481454,1.105263157894737,1.894736842105263,2.6842105263157894,32.13720076107318,10.123877539523685,2.111972489536266,-2.053925928614191,2.2305182458929425,-2.114683694836341,7.13772956779894,0.6297352415347017,2.689584497681938,2.3391511269832335,831.7681238508816,13.568549621822845,10.605776264574668,11.422272845502391,9.058550648063802,5.953086051728661,6.726482713862635,4.621239553700628,5.608788516833241,3.1315979485617658,4.211151856088769,2.0943879443026376,3.18637765388565,-1.94,28364.358112553717,12.11223577392428,4.313246362629185,1.9783097545394333,113.43817631595816,0.0,5.817220841045894,0.0,0.0,5.559266895052007,0.0,4.794537184071822,8.347076155935415,0.0,0.0,23.665220748489897,49.239845656621675,0.0,15.773530405617455,4.39041504767482,21.61863074250057,0.0,3.956661108260597,0.0,13.847474399381248,0.0,63.69613031433337,5.687386274683562,5.559266895052007,4.39041504767482,0.0,11.532486611566677,3.956661108260597,0.0,19.664695240427143,11.126902983393991,41.19273959484149,0.0,15.773530405617455,22.0,0.0,9.184952231746642,0.0,11.3764877360979,10.086144130933896,16.814289258077554,23.665220748489897,10.023028176722208,32.046575604766076,0.0,0.0,15.522322425883932,1.2781944444444442,12.354645691609978,0.5623204837490552,2.8992341689762333,-0.3177183589485173,10.249464810615605,0.0,3.95153633366927,0.0,0.1333333333333333,19.0,0.0,2.0,0.0,0.0,0.0,2.0,1.0,3.0,2.0,0.0,4.0,1.0,0.0,0.0,0.0,3.0,3.8081400000000025,76.85400000000001,0.0,0.0,0.0,0.0,0.0,1.0,0.0,0.0,0.0,0.0,0.0,0.0,0.0,0.0,0.0,1.0,0.0,0.0,0.0,0.0,0.0,0.0,0.0,0.0,0.0,0.0,0.0,0.0,2.0,0.0,2.0,1.0,0.0,0.0,0.0,0.0,0.0,1.0,0.0,0.0,0.0,0.0,0.0,0.0,0.0,0.0,0.0,0.0,0.0,0.0,0.0,0.0,0.0,0.0,0.0,0.0,0.0,0.0,0.0,0.0,0.0,0.0,0.0,0.0,0.0,0.0,0.0,0.0,0.0,0.0,chembl_mpro_simfilter_potent,CHEMBL4523582,0.859375
24708028,CHEMBL5183676,Cc1ccc(NC2CNC2)cc1C(=O)N[C@H](C)c1cccc(-c2ccc(CN3CC[C@H](O)C3)s2)c1,700.0,nM,=,6.16,CHEMBL5109230,Inhibition of SARS-CoV-2 PLpro,0.0006918309709189,13.145209255651867,13.145209255651867,0.0537054961150311,-0.1894584262237035,0.3814624531438618,19.34285714285714,490.6730000000003,456.4010000000003,490.2402473279999,184.0,0.2515960963969782,-0.391744674573546,0.391744674573546,0.2515960963969782,1.2,2.057142857142857,2.8,32.133561398494344,10.022037510709463,2.210444066053973,-2.2886304513416604,2.3103726165448593,-2.5100084213066305,7.150287280747595,0.0938986487205022,3.459602240400039,1.24767548405816,1189.2053209227067,24.36323207281991,20.381767689322434,21.19826427025016,16.940693381224552,12.42636830938427,13.242864890311996,9.793395081328317,10.96172302717802,6.941801446651616,8.060870579205508,4.696101347976969,5.742677924090228,-2.709999999999998,99418627.63800056,24.005194818142726,10.499456683110337,5.756123204981399,210.91877394100464,21.056893206859694,0.0,0.0,0.0,5.907179729351506,0.0,9.6944469149223,0.0,0.0,11.336785877934735,24.26546827384644,67.29048583970629,53.72891418334602,18.187648046044224,9.901064578912528,22.931351881969803,0.0,15.533486938863138,0.0,45.00070047426405,31.49581422765663,76.1648052849468,10.440598685398296,15.950365812018994,5.687386274683562,0.0,11.336785877934735,54.238449695589246,6.544756405912575,6.923737199690624,45.74843850462871,54.59730361615449,0.0,10.440598685398296,76.63,0.0,9.901064578912528,0.0,18.05298694624777,11.605292320844956,61.52234440226342,9.7542943874026,11.336785877934735,32.046575604766076,57.24847795363912,0.0,0.0,1.7980767444952217,17.98494789306194,19.71157430476957,4.912184911943951,-0.0537054961150311,19.11511216424401,0.6738505072708675,8.524625636996147,0.0,0.3928571428571428,35.0,4.0,6.0,0.0,2.0,2.0,2.0,1.0,3.0,6.0,4.0,7.0,8.0,0.0,2.0,2.0,5.0,4.164820000000003,142.99639999999988,0.0,1.0,1.0,0.0,0.0,0.0,0.0,0.0,0.0,0.0,1.0,1.0,0.0,1.0,0.0,1.0,3.0,0.0,0.0,1.0,0.0,0.0,0.0,0.0,0.0,1.0,0.0,1.0,1.0,0.0,2.0,0.0,0.0,0.0,0.0,0.0,0.0,0.0,0.0,0.0,0.0,0.0,0.0,0.0,0.0,0.0,0.0,0.0,0.0,0.0,0.0,0.0,0.0,0.0,0.0,0.0,0.0,0.0,0.0,0.0,0.0,0.0,0.0,0.0,0.0,0.0,0.0,1.0,0.0,0.0,chembl_mpro_simfilter_potent,CHEMBL4523582,0.859375
25739409,CHEMBL5441663,CC(C)[C@H](Nc1ncnc2n[nH]cc12)c1ccc2c(c1)S(=O)(=O)CCC2,770.0,nM,=,6.11,CHEMBL5441457,"Functional biochemical assay to identify treatments for viral infectious disease that targets SARS-COV-2 nsp3 macrodomain, whereby the mechanism of action displaces an ADP-Ribose modified peptide from the binding site. Utilizing a time-resolved fluorescence method to measure binding by reading the emitted fluorescence intensity in two wavelengths. This assay is characterized the relative potency of inhibitors as IC50, it is modified from https://doi.org/10.1126/sciadv.abf8711, and has been performed by Weizmann Institute of Science.",0.0007762471166286,12.462681782436473,12.462681782436473,0.078308767951625,-3.1907519473838915,0.7312707440626223,17.192307692307693,371.4660000000002,350.29800000000006,371.141595912,136.0,0.1855891570998876,-0.3622949409730038,0.3622949409730038,0.1855891570998876,1.2307692307692308,2.076923076923077,2.8846153846153846,32.227873694458445,9.940525442977432,2.2598905145868415,-2.254916469415203,2.325672146297882,-2.20477677397251,7.911054693926572,0.5423525422821993,3.0841752755292617,1.7494528634517486,1058.3836307452673,18.311190308942123,14.72915788577849,15.545654466706216,12.4543269253365,8.721279256052012,10.373544482372168,7.000408979006892,9.077979427305332,4.845679776137857,6.721973207351473,3.4866854286243103,5.116192203486523,-2.4799999999999995,1146819.7344528006,16.96004695508555,6.352052030416042,2.9396665116394955,151.73074400219642,5.316788604006331,12.14518285259957,15.484430357185229,0.0,0.0,0.0,5.098681808301038,18.385754026223353,5.098681808301038,0.0,25.980208536304467,35.95281934386901,6.196843571613076,22.076402125877323,8.417796984328938,26.688517349485053,0.0,20.16532065849649,5.917906046161393,37.62644194989901,11.06964221075312,41.85016783515644,0.0,5.316788604006331,5.817862777835028,0.0,0.0,34.33597124957222,16.25807475934351,5.917906046161393,37.43703983484921,35.61874832728022,0.0,11.033401435232523,100.63,9.837253136417502,8.417796984328938,0.0,17.712600482056143,22.78134509704654,22.933948820784796,6.3273200747645415,6.196843571613076,18.19910120538483,39.32958366188407,0.0,24.925363564872946,0.0,8.94978629065773,11.14681143672779,2.457661319093499,1.142971532736143,5.719507590073066,4.738787999818844,4.193195546737213,-3.1907519473838915,0.3888888888888889,26.0,2.0,7.0,0.0,1.0,1.0,1.0,2.0,3.0,6.0,2.0,8.0,4.0,0.0,0.0,0.0,4.0,2.8820000000000014,99.70120000000004,0.0,0.0,0.0,0.0,0.0,4.0,1.0,0.0,0.0,0.0,0.0,0.0,0.0,0.0,0.0,3.0,2.0,0.0,0.0,0.0,1.0,0.0,0.0,0.0,0.0,0.0,0.0,1.0,1.0,0.0,1.0,2.0,0.0,0.0,0.0,0.0,0.0,0.0,0.0,0.0,0.0,0.0,0.0,0.0,0.0,0.0,0.0,0.0,0.0,0.0,0.0,0.0,0.0,0.0,0.0,0.0,0.0,0.0,0.0,0.0,0.0,0.0,0.0,1.0,0.0,0.0,0.0,0.0,0.0,0.0,chembl_mpro_simfilter_potent,CHEMBL4523582,0.859375
25673274,CHEMBL5437475,COc1ccc(NC(=O)[C@@H]2CN(C(=O)c3cnccc3OC)CCN2c2ccc(Cl)c(Cl)c2)cc1,220.0,nM,=,6.66,CHEMBL5377130,Inhibition of SARS CoV-2 MPro using MCA-AVLQSGFR-Lys(Dnp)-Lys-NH2 as substrate preincubated for 10 mins followed by substrate addition measured for 10 mins by FRET assay,0.0002187761623949,13.4672652728787,13.4672652728787,0.151900195263291,-0.6854535409842957,0.525070051615019,15.485714285714286,515.3970000000003,491.2050000000003,514.117460608,182.0,0.2588474513334448,-0.4967658883916284,0.4967658883916284,0.2588474513334448,1.0,1.7714285714285714,2.4571428571428573,35.49826321026937,10.074846895813446,2.355314724310364,-2.416237221482495,2.3033650123024243,-2.5888467490858877,6.417222302268188,-0.1176463174747293,2.895215223481806,1.6164257869081735,1222.3436181127577,24.949018510446816,19.202736199019316,20.714594091056224,16.90541720081447,10.848459301996778,11.604388248015232,7.8524827863594115,8.666883039840622,5.794007025059002,6.533036303797019,3.955097992223922,4.2474297049349605,-3.4899999999999993,80708513.50083414,24.62878002932306,10.83913870819917,5.441271877056524,212.90514191109455,24.590333973307384,17.54086449571577,0.0,5.907179729351506,5.907179729351506,0.0,14.573052889090851,0.0,0.0,0.0,23.20187978046503,48.53093654769288,36.85797250441843,36.37306960764729,19.06280027574374,46.39101178853517,0.0,9.883888251797686,0.0,6.041840829147961,44.07056263514959,76.53334181009869,11.49902366656781,19.690424242456903,11.374772549367124,11.49902366656781,23.20187978046503,61.59395283994144,4.794537184071822,0.0,10.357988675768818,60.924623690919034,10.045266627482652,0.0,84.0,6.041840829147961,9.589074368143644,0.0,18.359115864615585,45.88464087225616,5.687386274683562,13.30664111289061,60.67112032297236,10.966276799312087,10.300767124953538,32.67560568806513,10.51350568676687,12.355842195051052,34.40080475100326,3.749741625074499,1.68972713919064,0.5826960286447456,13.20328712263864,3.029637115504304,0.9539054582015448,3.076408433480008,0.24,35.0,1.0,8.0,0.0,1.0,1.0,2.0,1.0,3.0,6.0,1.0,10.0,6.0,0.0,1.0,1.0,4.0,4.375300000000003,135.91219999999993,0.0,0.0,0.0,0.0,0.0,1.0,0.0,0.0,0.0,0.0,2.0,2.0,0.0,0.0,0.0,3.0,1.0,0.0,0.0,0.0,0.0,0.0,0.0,0.0,0.0,2.0,0.0,2.0,0.0,0.0,2.0,0.0,0.0,0.0,2.0,0.0,0.0,2.0,0.0,0.0,0.0,0.0,0.0,0.0,0.0,2.0,0.0,0.0,0.0,0.0,0.0,0.0,0.0,0.0,0.0,0.0,0.0,1.0,0.0,1.0,0.0,0.0,0.0,0.0,0.0,0.0,0.0,0.0,0.0,0.0,chembl_mpro_simfilter_potent,CHEMBL4523582,0.859375
25087279,CHEMBL510559,O=C(Oc1cncc(Cl)c1)c1ccc2[nH]ccc2c1,200.0,nM,=,6.7,CHEMBL5257312,Inhibition of SARS-CoV-2 3CL protease,0.0001995262314968,11.98765306122449,11.98765306122449,0.3256162603930463,-0.4378086419753086,0.7272379499441562,10.578947368421051,272.69100000000003,263.61899999999997,272.035255208,94.0,0.3431012842038005,-0.4212250371608555,0.4212250371608555,0.3431012842038005,1.2105263157894737,2.1052631578947367,2.9473684210526314,35.495691320737016,10.14657986096556,2.0967529034896497,-2.038299738240372,2.1849425435136887,-2.079047745943624,6.301152878307103,0.0734116503172649,2.8535482381375994,1.866921100766299,751.7955957795542,13.242276208189782,9.76047680295392,10.516405748972376,9.220346690612274,5.621170464309528,5.999134937318755,4.0080812290698775,4.444517009541863,2.67933383418273,2.8860327865955804,1.7944122616327485,1.9582934977682585,-2.329999999999999,37866.58512008595,11.743159424148285,4.741144509635959,2.4361181210887883,113.54224593008593,9.720841474747257,0.0,5.749511833283905,0.0,0.0,5.969305287951848,4.983978520947208,4.794537184071822,0.0,0.0,11.600939890232516,24.26546827384644,29.362979143768825,16.782928377051398,9.53140013787187,28.47317011026542,0.0,9.967957041894415,0.0,0.0,0.0,59.508450862585605,5.749511833283905,4.736862953800049,0.0,5.749511833283905,11.600939890232516,15.937262329846265,0.0,0.0,10.357988675768818,48.92236605714727,5.022633313741326,10.902924932081056,54.98,5.969305287951848,4.794537184071822,0.0,0.0,16.335596638722226,10.902924932081056,12.393687143226153,18.19910120538483,18.329577708536295,9.967957041894415,16.337802844032566,5.210650037792895,5.779831447101167,18.90938614634457,1.379681262422665,1.4518960485428742,-0.1121923815822623,8.751753782788835,4.740104767700366,0.0,0.0,0.0,19.0,1.0,4.0,0.0,0.0,0.0,1.0,2.0,3.0,3.0,1.0,5.0,2.0,0.0,0.0,0.0,3.0,3.435500000000001,72.50420000000001,0.0,0.0,0.0,0.0,0.0,2.0,1.0,0.0,0.0,0.0,1.0,1.0,0.0,0.0,0.0,1.0,1.0,0.0,0.0,0.0,1.0,0.0,0.0,0.0,0.0,0.0,0.0,0.0,0.0,0.0,1.0,1.0,0.0,1.0,1.0,0.0,0.0,1.0,0.0,0.0,0.0,0.0,0.0,0.0,0.0,0.0,0.0,0.0,0.0,0.0,0.0,0.0,0.0,0.0,0.0,0.0,0.0,0.0,0.0,1.0,0.0,0.0,0.0,0.0,0.0,0.0,0.0,0.0,0.0,0.0,chembl_mpro_simfilter_potent,CHEMBL4523582,0.859375
24971843,CHEMBL9470,CC(C)=CC[C@@H](O)C1=CC(=O)c2c(O)ccc(O)c2C1=O,670.0,nM,=,6.17,CHEMBL5223244,Inhibition of recombinant SARS-CoV-2 Main protease expressed in Escherichia coli BL21 (DE3) using Mca-AVLQSGFR-K(Dnp)K as substrate by fluorescence based assay,0.0006760829753919,12.34916761148904,12.34916761148904,0.07787037037037,-1.133102796674226,0.5847074834650013,15.285714285714286,288.29900000000004,272.171,288.099773612,110.0,0.1958792529123833,-0.5071545925935498,0.5071545925935498,0.1958792529123833,1.1428571428571428,1.7142857142857142,2.2857142857142856,16.270833958227158,9.848769137944617,2.329664262294563,-2.1961041590956465,2.3519977531804352,-2.2470620710392284,6.264728144219064,0.0942918812377168,2.4213835929489123,2.4593586171215143,678.1529058028689,15.731686328639372,11.751995494562278,11.751995494562278,9.824274960443896,6.49554149754092,6.49554149754092,5.179842890084876,5.179842890084876,3.2919583372977317,3.2919583372977317,2.2050590026635892,2.2050590026635892,-2.4,38676.760130172974,14.99775093710954,5.5353542731921115,2.731313131313132,121.4015325022409,15.319582184522115,11.49902366656781,11.566489892729878,0.0,0.0,0.0,9.589074368143644,0.0,0.0,0.0,11.649124636903148,38.47705026606436,5.5731045300692665,17.230869371142294,24.90865655266576,11.566489892729878,0.0,0.0,0.0,26.37226241005556,0.0,46.55788639412351,11.49902366656781,0.0,0.0,11.49902366656781,0.0,32.990038465000296,0.0,0.0,40.98427337384489,35.43098341072952,0.0,0.0,94.83,17.67045628047818,24.90865655266576,0.0,34.61985280295708,0.0,23.781858773826368,0.0,6.076020106833881,13.847474399381248,0.0,0.0,0.0,0.0,24.380035588309397,29.533025792132484,0.4193897497270527,-2.0061957776937924,2.29419718967834,1.83567397329302,3.7105401512201657,0.0,0.25,21.0,3.0,5.0,1.0,0.0,1.0,1.0,0.0,1.0,5.0,3.0,5.0,3.0,0.0,0.0,0.0,2.0,2.1204000000000005,76.5704,0.0,1.0,1.0,0.0,0.0,0.0,0.0,2.0,0.0,0.0,2.0,2.0,0.0,0.0,0.0,0.0,0.0,0.0,0.0,0.0,0.0,0.0,0.0,0.0,2.0,0.0,0.0,0.0,0.0,0.0,1.0,1.0,0.0,0.0,0.0,0.0,0.0,0.0,0.0,0.0,0.0,0.0,2.0,1.0,0.0,0.0,0.0,0.0,0.0,0.0,0.0,0.0,0.0,0.0,2.0,2.0,0.0,0.0,0.0,0.0,0.0,0.0,0.0,0.0,0.0,0.0,0.0,0.0,0.0,0.0,chembl_mpro_simfilter_potent,CHEMBL4523582,0.859375
25738859,CHEMBL5441980,COCCn1cc(-c2cc3c(N[C@@H](c4ccc5c(c4)OCCO5)C(C)C)ncnc3[nH]2)c(C#N)n1,676.0,nM,=,6.17,CHEMBL5441457,"Functional biochemical assay to identify treatments for viral infectious disease that targets SARS-COV-2 nsp3 macrodomain, whereby the mechanism of action displaces an ADP-Ribose modified peptide from the binding site. Utilizing a time-resolved fluorescence method to measure binding by reading the emitted fluorescence intensity in two wavelengths. This assay is characterized the relative potency of inhibitors as IC50, it is modified from https://doi.org/10.1126/sciadv.abf8711, and has been performed by Weizmann Institute of Science.",0.0006760829753919,9.60786793293768,9.60786793293768,0.0196852158937992,-0.0196852158937992,0.3947399912346349,13.685714285714283,473.53700000000026,446.3210000000002,473.2175377240001,180.0,0.1712796901604698,-0.4861472782630967,0.4861472782630967,0.1712796901604698,1.2,2.0285714285714285,2.8,16.562715874776284,9.951175230736402,2.2205622317419222,-2.25678190925696,2.366094878645643,-2.1934880332653264,5.916414494604856,0.1710039582747721,3.4945946235061176,1.4851162346129063,1385.7174193380338,24.363232072819912,19.908042127154573,19.908042127154573,17.067213243362943,11.537217027369636,11.537217027369636,8.69574809484857,8.69574809484857,5.992161773086626,5.992161773086626,4.235977462716372,4.235977462716372,-4.1000000000000005,148285392.80517492,22.680363051206474,9.638985105044366,4.502169215859609,202.40961344726267,24.511355986353685,37.07534531518541,17.19295166141627,0.0,0.0,0.0,4.681802935145184,9.967957041894415,10.360573363039524,0.0,19.913841467842857,29.68045874324322,13.30664111289061,35.83708290058371,14.210588861400147,16.85126421306755,5.261891554738487,24.73242030628784,5.917906046161393,26.434071634441786,32.24723203882262,48.04701140676951,28.825624465905538,14.790514511606428,5.817862777835028,11.49902366656781,0.0,51.66286374110413,11.281619359712623,17.249018913692154,31.146694715074663,36.78963192022405,0.0,22.29078092177798,122.9,0.0,5.261891554738487,0.0,11.959746875309351,49.08782178459954,28.14262736757806,6.3273200747645415,11.791600476422715,24.395944776997904,51.350468755784114,14.210588861400147,18.3054695061858,0.0,12.262248225876924,18.40512632768737,3.5593741621331056,2.4959266741805832,10.150551201066726,3.3693272978427062,6.483818805592138,1.634824466101311,0.36,35.0,2.0,10.0,0.0,1.0,1.0,1.0,3.0,4.0,8.0,2.0,10.0,8.0,0.0,0.0,0.0,5.0,3.9198800000000023,130.33440000000004,0.0,0.0,0.0,0.0,0.0,5.0,1.0,0.0,0.0,0.0,0.0,0.0,0.0,0.0,0.0,5.0,2.0,0.0,0.0,0.0,1.0,0.0,0.0,0.0,0.0,0.0,0.0,1.0,0.0,0.0,1.0,2.0,0.0,0.0,3.0,0.0,0.0,0.0,0.0,0.0,0.0,0.0,0.0,0.0,0.0,1.0,0.0,1.0,0.0,0.0,0.0,0.0,0.0,0.0,0.0,0.0,0.0,0.0,0.0,0.0,0.0,0.0,0.0,0.0,0.0,0.0,0.0,0.0,0.0,0.0,chembl_mpro_simfilter_potent,CHEMBL4523582,0.859375
24708082,CHEMBL5182315,C[C@H](c1cccc2ccccc12)N(C)Cc1c[nH]c2ccccc12,670.0,nM,=,6.17,CHEMBL5109237,Inhibition of C-terminal His-tagged SARS-CoV-2 PLpro BetaCoV/Wuhan/WIV04/2019 strain (1564 to 1876 residues) expressed in Escherichia coli BL21(DE3) using FRET substrate measured after 3 hrs by enzymatic assay,0.0006760829753919,3.375180564318371,3.375180564318371,0.3516317082388509,0.3516317082388509,0.5257005235166359,12.958333333333334,314.432,292.25600000000003,314.178298704,120.0,0.0456794660063944,-0.3608393744053062,0.3608393744053062,0.0456794660063944,0.875,1.5833333333333333,2.4583333333333335,15.118558646360093,9.984052650457953,2.1547044965673963,-2.2577682642943047,2.2891798495326574,-2.2155852504479836,5.858705332393682,0.2551595395160879,3.034644372148196,1.648282392190347,978.0331272596152,16.518297090128677,14.159873876151645,14.159873876151645,11.737183443017884,8.46728678906684,8.46728678906684,6.518961191200591,6.518961191200591,5.029275468079141,5.029275468079141,3.520252731246196,3.520252731246196,-2.579999999999999,614994.9591708091,14.97751015701876,6.138426713590341,2.5919271723236834,142.2805889378355,4.983978520947208,0.0,0.0,0.0,0.0,0.0,4.899909730850477,0.0,0.0,0.0,60.6636706846161,41.93712766315301,29.686365738754667,0.0,0.0,21.67537336101065,0.0,9.883888251797686,0.0,19.51033443475116,7.04767198267719,84.0537843080848,0.0,0.0,0.0,0.0,0.0,16.931560234474873,6.544756405912575,0.0,24.092481012232575,72.9268813246908,0.0,21.67537336101065,19.03,0.0,0.0,0.0,0.0,6.041840829147961,6.544756405912575,32.80227634440464,0.0,0.0,96.7821787588563,0.0,0.0,0.0,5.789254638392445,3.9676765167218817,3.9392054755276265,0.0,24.08539138334142,2.135899943310658,3.213312783446712,2.2025925925925924,0.1818181818181818,24.0,1.0,2.0,0.0,0.0,0.0,3.0,1.0,4.0,1.0,1.0,2.0,4.0,0.0,0.0,0.0,4.0,5.5141000000000036,102.12870000000002,0.0,0.0,0.0,0.0,0.0,1.0,1.0,0.0,0.0,0.0,0.0,0.0,0.0,0.0,0.0,1.0,1.0,0.0,0.0,0.0,1.0,0.0,0.0,0.0,0.0,0.0,0.0,0.0,0.0,0.0,3.0,2.0,0.0,0.0,0.0,0.0,0.0,0.0,0.0,0.0,0.0,0.0,0.0,0.0,0.0,0.0,0.0,0.0,0.0,0.0,0.0,0.0,0.0,1.0,0.0,0.0,0.0,0.0,0.0,0.0,0.0,0.0,0.0,0.0,0.0,0.0,0.0,0.0,0.0,0.0,chembl_mpro_simfilter_potent,CHEMBL4523582,0.859375
26014253,CHEMBL5173886,C[C@H](c1cccc2ccccc12)N(C)Cc1ccc(O)cc1,670.0,nM,=,6.17,CHEMBL5578462,Inhibition of C-terminal his-tagged SARS CoV-2 PL protease (1564 to 1876 residues) expressed in Escherichia coli BL21 (DE3) cells using ISG15-AMC as substrate measured after 3 hrs by FRET assay,0.0006760829753919,9.382749214095227,9.382749214095227,0.3134304960378196,0.3134304960378196,0.7503019557310989,12.681818181818182,291.39399999999995,270.226,291.162314292,112.0,0.1150964935310462,-0.5079666315527528,0.5079666315527528,0.1150964935310462,0.9090909090909092,1.5909090909090908,2.363636363636364,16.25464729785993,9.984379030983613,2.1398849714277755,-2.2601037350986593,2.278690580004208,-2.2161937018533324,5.855500636685098,0.254164492453736,2.554568488104561,1.8512069080811928,758.7690723046818,15.526733258565956,13.029737202461977,13.029737202461977,10.647867045540842,7.607560253483487,7.607560253483487,5.82591104700812,5.82591104700812,4.302926195567592,4.302926195567592,2.8784705245966524,2.8784705245966524,-2.3199999999999994,132142.71875267272,14.610338639179748,6.203412812410227,2.9724356732015904,131.18399773728203,5.106527394840706,5.749511833283905,0.0,0.0,0.0,0.0,4.899909730850477,0.0,0.0,0.0,54.59730361615449,48.003494731614616,12.586597235060536,0.0,5.106527394840706,10.772448428929591,0.0,4.899909730850477,0.0,19.51033443475116,7.04767198267719,77.85694073647171,5.749511833283905,0.0,0.0,5.749511833283905,0.0,17.054109108368372,6.544756405912575,0.0,24.092481012232575,66.73003775307771,0.0,10.772448428929591,23.47,0.0,5.106527394840706,0.0,0.0,11.791352662431866,6.544756405912575,21.899351412323583,12.13273413692322,12.13273413692322,61.335888392449554,0.0,0.0,0.0,2.327534013605442,11.97991546188197,2.5479305765516087,0.3134304960378196,22.769532154745033,0.0,3.0901323538674728,2.138191609977324,0.2,22.0,1.0,2.0,0.0,0.0,0.0,3.0,0.0,3.0,2.0,1.0,2.0,4.0,0.0,0.0,0.0,3.0,4.738400000000004,91.93680000000003,0.0,0.0,0.0,0.0,0.0,0.0,0.0,1.0,0.0,0.0,0.0,0.0,0.0,0.0,0.0,1.0,0.0,0.0,0.0,0.0,0.0,0.0,0.0,0.0,0.0,0.0,0.0,0.0,0.0,0.0,3.0,1.0,0.0,0.0,0.0,0.0,0.0,0.0,0.0,0.0,0.0,0.0,0.0,0.0,0.0,0.0,0.0,0.0,0.0,0.0,0.0,0.0,0.0,0.0,1.0,1.0,0.0,0.0,0.0,0.0,0.0,0.0,0.0,0.0,0.0,0.0,0.0,0.0,0.0,0.0,chembl_mpro_simfilter_potent,CHEMBL4523582,0.859375
25051150,CHEMBL4783878,O=c1c2ccccc2[se]n1CCO,650.0,nM,=,6.19,CHEMBL5247339,Inhibition of SARS CoV-2 Main protease using MCA-AVLQSGFR-Lys(DNP)-Lys-NH2 peptide as substrate by fluorescence based analysis,0.0006456542290346,11.617106481481482,11.617106481481482,0.0431335034013606,0.0431335034013606,0.7560098889854945,10.846153846153848,242.13599999999997,233.06399999999996,242.979849828,68.0,,,,,1.3846153846153846,2.1538461538461537,2.8461538461538463,,,,,,,,,2.457075729033553,2.671321673409055,471.6645918161417,9.259148545064338,6.934538411059242,8.64761046415502,6.325698502695488,4.0242350752722,5.646880214035548,2.718313091124523,4.94893247048832,1.8556192690960769,4.2085608205573495,1.2554612963679783,3.3215523738791903,-0.8305194805194807,1496.359118981434,8.753882267981483,3.4990124774425535,1.4824291123348374,81.20576135647013,0.0,0.0,0.0,0.0,0.0,80.81892985482133,0.0,0.0,0.0,0.0,0.0,0.0,0.0,0.0,5.106527394840706,24.379009496700675,0.0,3.562482239884184,0.0,6.544756405912575,6.606881964512918,34.61927235297027,0.0,5.559266895052007,0.0,0.0,0.0,30.00852841973945,6.544756405912575,0.0,0.0,29.060005457918265,0.0,9.646372676199034,42.23,0.0,4.794537184071822,0.0,26.898785680066567,6.544756405912575,9.646372676199034,0.0,3.562482239884184,24.26546827384644,0.0,5.106527394840706,2.838842592592593,0.0658796296296295,11.617106481481482,9.5413671579743,0.0598611111111115,0.0,7.631911375661376,0.0,0.4950316515495088,0.0,0.2222222222222222,13.0,1.0,3.0,0.0,0.0,0.0,1.0,1.0,2.0,2.0,1.0,4.0,2.0,0.0,0.0,0.0,2.0,0.0507999999999997,52.233800000000016,0.0,1.0,1.0,0.0,0.0,1.0,0.0,0.0,0.0,0.0,0.0,0.0,0.0,0.0,0.0,1.0,0.0,0.0,0.0,0.0,0.0,0.0,0.0,0.0,0.0,0.0,0.0,0.0,0.0,0.0,1.0,1.0,0.0,0.0,0.0,0.0,0.0,0.0,0.0,0.0,0.0,0.0,0.0,0.0,0.0,0.0,0.0,0.0,0.0,0.0,0.0,0.0,0.0,0.0,0.0,0.0,0.0,0.0,0.0,0.0,0.0,0.0,0.0,0.0,0.0,0.0,0.0,0.0,0.0,0.0,chembl_mpro_simfilter_potent,CHEMBL4523582,0.859375
25516676,CHEMBL5433693,CC1(C)[C@H](C(=O)OCc2ccc([N+](=O)[O-])cc2)C2C(=O)C(Br)(Br)[C@H]2S1(=O)=O,600.0,nM,=,6.22,CHEMBL5336393,Inhibition of C-terminal SARS-CoV-2 Main protease expressed in Escherichia coli using ALNDFSNSGSDVLYQPPQTSITSAVLQ/SGFRKMAFPS-NH2 as substrate preincubated for 5 mins followed by compound addition and measured after 20 mins by FRET analysis,0.0006025595860743,12.843783452698496,12.843783452698496,0.0953851010101005,-3.788843909834621,0.2565431923450599,29.48148148148148,525.171,510.051,522.89359702,146.0,0.3111471462213663,-0.4605393010583738,0.4605393010583738,0.3111471462213663,1.2592592592592593,1.8148148148148149,2.3333333333333335,79.93446025304819,9.69971211772855,2.78139064895604,-2.412866126362699,2.6215188357086237,-2.6128966446810997,9.25685935775124,-0.3844500373451196,2.738730922589192,1.8001551799563789,940.0204047088984,20.361442840636297,14.217687530743246,18.20617718990038,12.3302580245876,7.887214752365816,11.019530769402085,7.090998571433303,13.30690039229642,5.272654617956707,10.682754026248173,3.668418608733757,8.6669293696982,-1.3299999999999998,555326.9917115653,20.405434621133036,6.345853818455254,2.8524055939845883,171.51922070156812,4.736862953800049,11.856819994495092,18.854024600450057,0.0,5.687386274683562,5.969305287951848,19.703392636909214,8.417796984328938,0.0,0.0,31.859887795898697,31.54366002800146,12.13273413692322,21.506145594358017,27.6670453550903,59.13707744131655,0.0,0.0,11.835812092322788,33.68484336476152,0.0,39.94323803430901,0.0,0.0,5.687386274683562,0.0,31.859887795898697,38.32414526833074,30.77007242287411,21.95013036108836,19.410925891078243,24.26546827384644,0.0,0.0,120.64999999999998,51.57941351274209,28.121189621238152,0.0,12.29426823919648,5.563451491696996,0.0,38.112942673227685,0.0,0.0,31.859887795898697,4.736862953800049,28.096707603756823,6.2311179764412294,35.18706885373833,9.613547309630498,0.4179723384162874,-3.2855575796791525,5.45215950692592,0.0,2.6591612339380193,-3.788843909834621,0.5,27.0,0.0,8.0,1.0,1.0,2.0,1.0,0.0,1.0,7.0,0.0,11.0,4.0,1.0,1.0,2.0,3.0,2.514800000000001,102.2512,0.0,0.0,0.0,0.0,0.0,0.0,0.0,0.0,0.0,0.0,2.0,2.0,0.0,0.0,0.0,1.0,0.0,0.0,0.0,0.0,0.0,0.0,0.0,2.0,0.0,0.0,0.0,0.0,0.0,0.0,1.0,1.0,0.0,1.0,1.0,0.0,0.0,2.0,0.0,0.0,0.0,0.0,1.0,1.0,0.0,0.0,0.0,0.0,1.0,1.0,1.0,0.0,0.0,0.0,0.0,0.0,0.0,0.0,0.0,0.0,0.0,0.0,0.0,1.0,0.0,0.0,0.0,0.0,0.0,0.0,chembl_mpro_simfilter_potent,CHEMBL4523582,0.859375
24839620,CHEMBL5191265,O=C(Cn1sc2cc(F)ccc2c1=O)Nc1ccc(C(F)(F)F)cc1,210.0,nM,=,6.68,CHEMBL5145098,Inhibition of SARS-CoV-2 main protease using Mca-AVLQSGFRK(Dnp)K as substrate preincubated with enzyme for 10 mins followed by substrate addition and measured every 30 secs for 10 mins by fluorescence based analysis,0.0002089296130854,13.1801134050595,13.1801134050595,0.1788930880994377,-4.456151391574718,0.7121142840593959,11.68,370.327,360.247,370.03991144,130.0,0.4159120645474506,-0.3245059739335897,0.4159120645474506,0.3245059739335897,1.12,1.8,2.44,32.13720104233979,10.172677587275334,2.295095582576345,-2.0836440432036496,2.2937083830832505,-2.233103756792857,7.1344554694216935,-0.1371348379005677,2.8189303655147757,1.7458795427915863,990.0227418800112,18.189869965382485,12.432375024442385,13.24887160537011,11.736202008657774,7.003664598667898,7.777061260801872,5.196820996815569,6.25999466386029,3.3923247670077665,4.44209412310793,2.220470466364549,3.23995687366445,-2.679999999999999,377150.3314629529,17.153053800207758,6.320498570343795,3.7090641359499585,142.01110892278527,5.316788604006331,12.36197724695847,0.0,5.907179729351506,5.559266895052007,6.176298517443475,13.54573547640424,4.39041504767482,13.17124514302446,0.0,11.532486611566677,42.46456947923127,5.687386274683562,15.64959562263089,22.3561973747711,33.21319674653564,0.0,3.956661108260597,0.0,12.72105492335605,5.316788604006331,64.19904589109798,0.0,10.87605549905834,23.24904646538284,0.0,11.532486611566677,9.863840837612102,17.51559210742787,5.817220841045894,5.563451491696996,47.25910666330309,0.0,10.086144130933896,51.1,29.023417474589873,27.150734558842927,0.0,12.232142680596136,10.086144130933896,45.82098306213532,12.13273413692322,0.0,0.0,5.316788604006331,0.0,52.225160678377115,0.9373391819486696,24.127822177596936,2.718346419426867,-1.0749765541758964,-1.0657475316544378,7.656836673305655,-4.456151391574718,-0.3186296532501889,0.0,0.125,25.0,1.0,4.0,0.0,0.0,0.0,2.0,1.0,3.0,3.0,1.0,9.0,3.0,0.0,0.0,0.0,3.0,3.859600000000002,86.11670000000002,0.0,0.0,0.0,0.0,0.0,1.0,0.0,0.0,0.0,0.0,1.0,1.0,0.0,0.0,0.0,1.0,1.0,0.0,0.0,0.0,0.0,0.0,0.0,3.0,0.0,1.0,0.0,1.0,0.0,0.0,2.0,1.0,0.0,0.0,0.0,0.0,0.0,4.0,0.0,0.0,0.0,0.0,0.0,0.0,0.0,0.0,0.0,0.0,0.0,0.0,0.0,0.0,0.0,0.0,0.0,0.0,0.0,0.0,0.0,0.0,0.0,0.0,0.0,0.0,0.0,0.0,0.0,0.0,0.0,0.0,chembl_mpro_simfilter_potent,CHEMBL4523582,0.859375
24708029,CHEMBL5185454,Cc1ccc(NC2CNC2)cc1C(=O)N[C@H](C)c1cccc(-c2ccc(CN3CC[C@@H](O)C3)s2)c1,640.0,nM,=,6.19,CHEMBL5109230,Inhibition of SARS-CoV-2 PLpro,0.0006456542290346,13.145209255651867,13.145209255651867,0.0537054961150311,-0.1894584262237035,0.3814624531438618,19.34285714285714,490.6730000000003,456.4010000000003,490.2402473279999,184.0,0.2515960963969782,-0.391744674573546,0.391744674573546,0.2515960963969782,1.2,2.057142857142857,2.8,32.133561398494344,10.022037510709463,2.210444066053973,-2.2886304513416604,2.3103726165448593,-2.5100084213066305,7.150287280747595,0.0938986487205022,3.459602240400039,1.24767548405816,1189.2053209227067,24.36323207281991,20.381767689322434,21.19826427025016,16.940693381224552,12.42636830938427,13.242864890311996,9.793395081328317,10.96172302717802,6.941801446651616,8.060870579205508,4.696101347976969,5.742677924090228,-2.709999999999998,99418627.63800056,24.005194818142726,10.499456683110337,5.756123204981399,210.91877394100464,21.056893206859694,0.0,0.0,0.0,5.907179729351506,0.0,9.6944469149223,0.0,0.0,11.336785877934735,24.26546827384644,67.29048583970629,53.72891418334602,18.187648046044224,9.901064578912528,22.931351881969803,0.0,15.533486938863138,0.0,45.00070047426405,31.49581422765663,76.1648052849468,10.440598685398296,15.950365812018994,5.687386274683562,0.0,11.336785877934735,54.238449695589246,6.544756405912575,6.923737199690624,45.74843850462871,54.59730361615449,0.0,10.440598685398296,76.63,0.0,9.901064578912528,0.0,18.05298694624777,11.605292320844956,61.52234440226342,9.7542943874026,11.336785877934735,32.046575604766076,57.24847795363912,0.0,0.0,1.7980767444952217,17.98494789306194,19.71157430476957,4.912184911943951,-0.0537054961150311,19.11511216424401,0.6738505072708675,8.524625636996147,0.0,0.3928571428571428,35.0,4.0,6.0,0.0,2.0,2.0,2.0,1.0,3.0,6.0,4.0,7.0,8.0,0.0,2.0,2.0,5.0,4.164820000000003,142.99639999999988,0.0,1.0,1.0,0.0,0.0,0.0,0.0,0.0,0.0,0.0,1.0,1.0,0.0,1.0,0.0,1.0,3.0,0.0,0.0,1.0,0.0,0.0,0.0,0.0,0.0,1.0,0.0,1.0,1.0,0.0,2.0,0.0,0.0,0.0,0.0,0.0,0.0,0.0,0.0,0.0,0.0,0.0,0.0,0.0,0.0,0.0,0.0,0.0,0.0,0.0,0.0,0.0,0.0,0.0,0.0,0.0,0.0,0.0,0.0,0.0,0.0,0.0,0.0,0.0,0.0,0.0,0.0,1.0,0.0,0.0,chembl_mpro_simfilter_potent,CHEMBL4523582,0.859375
24771749,CHEMBL5203920,Cn1cnc(Cn2c(=O)nc(Nc3cc4cn(C)nc4cc3Cl)n(Cc3cccc4ccccc34)c2=O)n1,780.0,nM,=,6.11,CHEMBL5126486,Inhibition of recombinant SARS-CoV-2 main protease usingDABCYLKTSAVLQSGFRKME(EDANS)-NH2 fluorogenic peptide substrate by FRET assay,0.0007762471166286,13.790296289442214,13.790296289442214,0.0725041992105484,-0.7243508545393469,0.3534920153327949,11.447368421052632,527.9760000000001,505.8000000000004,527.158498624,190.0,0.3548750095308944,-0.3239805556263562,0.3548750095308944,0.3239805556263562,0.8947368421052632,1.7105263157894737,2.526315789473684,35.495692566170185,10.047095518559402,2.1771793467515423,-2.1658689998888963,2.292972551935762,-2.4277098489949465,6.337365795645023,0.5741841124888002,3.4732092638884815,1.4977353298666407,1945.5070953875331,26.388176099202237,20.5372363413956,21.293165287414055,18.351376983747507,11.783020758199894,12.160985231209123,8.96422565257102,9.371425779311624,6.259101290802125,6.571810299290423,4.486975413869931,4.692124921761506,-4.77,611722802.132549,23.61795856049494,9.270660855356672,4.325291403958731,220.1149576802215,5.316788604006331,6.3273200747645415,5.824404497999927,5.948339280986494,0.0,11.379486796406947,13.930705518081725,19.140152536882205,15.181342137549285,0.0,54.06550936946378,28.46863405754981,25.678411751432257,29.316233117866304,0.0,44.91203880691322,0.0,38.663125824369565,14.09534396535438,13.08951281182515,5.316788604006331,104.50051773052095,0.0,16.696275400413278,11.635725555670057,0.0,11.600939890232516,38.663125824369565,27.18485677717953,0.0,11.387855989696924,76.71054163067576,5.022633313741326,21.67537336101065,117.44999999999996,11.379486796406947,9.589074368143644,0.0,19.037852092811644,16.534424086424817,31.805924500499,15.57622265770108,17.795841986283982,61.77545210198314,25.48210926250282,11.600939890232516,5.647505917948566,6.544418565623542,35.26804414775114,14.952617038944643,0.8387941403903574,0.4021280223493986,17.33772036437924,3.361345579799348,0.0574671568666578,3.53440351039155,0.1538461538461538,38.0,1.0,11.0,0.0,0.0,0.0,3.0,3.0,6.0,7.0,1.0,12.0,6.0,0.0,0.0,0.0,6.0,3.067000000000001,144.9186999999998,0.0,0.0,0.0,0.0,0.0,8.0,0.0,0.0,0.0,0.0,0.0,0.0,0.0,0.0,0.0,8.0,1.0,0.0,0.0,0.0,0.0,0.0,0.0,0.0,0.0,0.0,0.0,2.0,2.0,0.0,3.0,2.0,0.0,0.0,0.0,0.0,0.0,1.0,0.0,0.0,0.0,0.0,0.0,0.0,0.0,0.0,0.0,0.0,0.0,0.0,0.0,0.0,0.0,0.0,0.0,0.0,0.0,0.0,0.0,0.0,0.0,0.0,0.0,0.0,0.0,0.0,0.0,0.0,0.0,0.0,chembl_mpro_simfilter_potent,CHEMBL4523582,0.859375
24708086,CHEMBL5184650,COc1cc(O)ccc1CN(C)[C@H](C)c1cccc2ccccc12,580.0,nM,=,6.24,CHEMBL5109237,Inhibition of C-terminal His-tagged SARS-CoV-2 PLpro BetaCoV/Wuhan/WIV04/2019 strain (1564 to 1876 residues) expressed in Escherichia coli BL21(DE3) using FRET substrate measured after 3 hrs by enzymatic assay,0.0005754399373371,9.614693658539672,9.614693658539672,0.2225508664081898,0.2225508664081898,0.7360579572081523,12.5,321.42,298.23600000000005,321.17287897600005,124.0,0.1265413945444555,-0.5078228210381299,0.5078228210381299,0.1265413945444555,1.0416666666666667,1.7916666666666667,2.5833333333333335,16.466337962557045,9.983557104772611,2.1596855965961703,-2.266346473487007,2.303646863271043,-2.2202029190848713,5.8555955401003335,0.2498532438571206,2.615381956775817,1.8805021583533164,838.8663981463441,17.10408352775558,14.360635223736214,14.360635223736214,11.596555450524583,8.136599355845945,8.136599355845945,6.155613647010698,6.155613647010698,4.62501454214002,4.62501454214002,3.1216955806644098,3.1216955806644098,-2.519999999999999,329715.9725268137,16.3417287103599,6.9332515712228195,3.2162661078661383,142.66248508118548,9.843390348640757,11.49902366656781,0.0,0.0,0.0,0.0,4.899909730850477,0.0,0.0,0.0,48.53093654769288,36.37367617145601,24.21641579521914,7.109797541277533,9.843390348640757,10.772448428929591,0.0,4.899909730850477,0.0,19.51033443475116,14.157469523954724,71.7905736680101,11.49902366656781,4.736862953800049,0.0,11.49902366656781,0.0,24.163906649645902,6.544756405912575,0.0,24.092481012232575,60.6636706846161,0.0,10.772448428929591,32.7,0.0,5.106527394840706,0.0,11.791352662431866,5.749511833283905,12.10820789760957,16.335899920626588,19.242531678200752,6.06636706846161,61.335888392449554,4.736862953800049,5.396066909214456,0.0,2.2883673469387755,12.165142822888098,2.3733628327874365,0.937337651492594,20.471026160328595,0.0,2.9608164052658097,3.741213204417569,0.238095238095238,24.0,1.0,3.0,0.0,0.0,0.0,3.0,0.0,3.0,3.0,1.0,3.0,5.0,0.0,0.0,0.0,3.0,4.747000000000003,98.48880000000004,0.0,0.0,0.0,0.0,0.0,0.0,0.0,1.0,0.0,0.0,0.0,0.0,0.0,0.0,0.0,1.0,0.0,0.0,0.0,0.0,0.0,0.0,0.0,0.0,0.0,0.0,0.0,0.0,0.0,0.0,3.0,1.0,0.0,0.0,1.0,0.0,0.0,0.0,0.0,0.0,0.0,0.0,0.0,0.0,0.0,1.0,0.0,0.0,0.0,0.0,0.0,0.0,0.0,0.0,1.0,1.0,0.0,0.0,0.0,0.0,0.0,0.0,0.0,0.0,0.0,0.0,0.0,0.0,0.0,0.0,chembl_mpro_simfilter_potent,CHEMBL4523582,0.859375
24771742,CHEMBL5194350,CCn1cc2cc(Nc3nc(=O)n(Cc4ncn(C)n4)c(=O)n3Cc3cc(F)c(F)cc3F)c(Cl)cc2n1,14.0,nM,=,7.85,CHEMBL5126486,Inhibition of recombinant SARS-CoV-2 main protease usingDABCYLKTSAVLQSGFRKME(EDANS)-NH2 fluorogenic peptide substrate by FRET assay,1.4125375446227552e-05,14.525846089453143,14.525846089453143,0.1538875384814861,-1.3805768674462138,0.3124909516798827,11.421052631578949,545.9130000000001,526.7610000000002,545.1302331879999,196.0,0.3548750096034113,-0.3239805465814516,0.3548750096034113,0.3239805465814516,0.9736842105263158,1.736842105263158,2.4473684210526314,35.495692631210126,10.165744166176204,2.192749870906636,-2.161304544628866,2.2928890061216736,-2.428550131306072,6.33732263176322,0.4851713695361265,3.4686343670630917,1.6348669667503877,1808.7304941146472,27.13709924364568,19.991485195661703,20.747414141680157,18.121432593777172,11.259421752750496,11.637386225759723,8.365704225798416,8.77290435253902,5.725381588701318,6.038090597189617,3.831238372615215,4.036387880506792,-4.46,361986894.1334006,25.200526764702627,9.776900862605862,4.7688971981597685,216.29484147166167,5.316788604006331,12.144540915810436,17.458846180091715,5.948339280986494,0.0,11.379486796406947,13.930705518081725,32.31139767990667,15.181342137549285,0.0,11.600939890232516,25.122838405075452,36.80531473482625,29.316233117866304,13.17124514302446,34.13959037798363,0.0,38.663125824369565,7.04767198267719,26.558006417428352,5.316788604006331,91.6203449113506,0.0,16.696275400413278,24.80697069869452,0.0,11.600939890232516,38.663125824369565,26.681941200414915,17.45166252313768,18.311593189387548,46.378706288367695,5.022633313741326,10.902924932081056,117.45000000000005,35.37590572545721,22.760319511168102,0.0,34.590971265020876,29.580415474916855,9.13419929558271,11.009123009909723,30.05905262635867,6.923737199690624,25.48210926250282,11.600939890232516,46.705779077537045,6.421662936512392,34.31795131569943,12.205654093262009,-1.3004694697820656,-3.907080396229083,4.250677723434735,3.1702401829946507,1.6361018304668955,1.610593817215104,0.217391304347826,38.0,1.0,11.0,0.0,0.0,0.0,2.0,3.0,5.0,7.0,1.0,15.0,7.0,0.0,0.0,0.0,5.0,2.814,131.97969999999998,0.0,0.0,0.0,0.0,0.0,8.0,0.0,0.0,0.0,0.0,0.0,0.0,0.0,0.0,0.0,8.0,1.0,0.0,0.0,0.0,0.0,0.0,0.0,0.0,0.0,0.0,0.0,2.0,2.0,0.0,2.0,1.0,0.0,0.0,0.0,0.0,0.0,4.0,0.0,0.0,0.0,0.0,0.0,0.0,0.0,0.0,0.0,0.0,0.0,0.0,0.0,0.0,0.0,0.0,0.0,0.0,0.0,0.0,0.0,0.0,0.0,0.0,0.0,0.0,0.0,0.0,0.0,0.0,0.0,0.0,chembl_mpro_simfilter_potent,CHEMBL4523582,0.859375
24822791,CHEMBL5195352,NC(=S)N/N=C/c1ccc(-c2ccc(C(=O)O)c(O)c2)o1,850.0,nM,=,6.07,CHEMBL5140424,Inhibition of SARS CoV-2 main protease using DABCYL-KTSAVLQSGFRKM-E(EDANS)-NH2 as substrate preincubated for 180 mins followed by substrate addition,0.0008511380382023,10.818425534208467,10.818425534208467,0.0344549430149943,-1.198939695098605,0.3836215865154588,10.666666666666666,305.31500000000005,294.22700000000003,305.047026832,108.0,0.3389698842667493,-0.5070276615808196,0.5070276615808196,0.3389698842667493,1.380952380952381,2.142857142857143,2.761904761904762,32.09204647315992,10.09028499657578,2.1159962382761095,-2.0151352712589965,2.272126409168968,-2.2343961209160104,7.797404754821158,0.0693510347845458,2.861776868344108,2.2145098872399034,723.9564939055298,15.405412915006313,10.607837542218846,11.424334123146572,9.96923425058676,5.721583607349995,6.129831897813858,3.9733489737973855,4.413175379424832,2.505973507580473,2.597260600498001,1.6026407744201507,1.655345402089624,-2.87,57112.48096154336,14.537261073640092,6.055172365678949,3.5726654266242903,124.2416341711842,20.363873203896944,22.833458162729784,5.112436884724758,0.0,0.0,5.969305287951848,5.425791397110385,4.794537184071822,5.101407525739722,0.0,6.06636706846161,36.483341716893136,5.563451491696996,6.2146005795353165,19.424742910806582,29.51421619525862,0.0,5.425791397110385,10.835075002901906,0.0,0.0,41.65553425287949,17.07321074385534,11.15945887427257,0.0,5.749511833283905,12.217873443046695,27.509397541893335,0.0,0.0,16.118236094643258,39.85039380510112,0.0,11.323698910571435,121.08,5.969305287951848,9.901064578912528,0.0,16.425400209705657,17.08394632944588,0.0,24.413701784920143,12.13273413692322,0.0,22.745072365896803,15.257345809056236,5.474920634920634,4.586790442548226,10.818425534208467,22.265345461844277,7.961564222267477,-0.632894374077634,7.476110686418226,1.3830707252036616,0.0,0.0,0.0,21.0,5.0,7.0,0.0,0.0,0.0,1.0,1.0,2.0,5.0,4.0,8.0,4.0,0.0,0.0,0.0,2.0,1.5175,80.28320000000001,0.0,0.0,0.0,0.0,1.0,0.0,0.0,1.0,1.0,1.0,1.0,0.0,1.0,0.0,0.0,1.0,1.0,1.0,0.0,0.0,0.0,0.0,0.0,0.0,0.0,0.0,0.0,0.0,0.0,0.0,1.0,0.0,0.0,0.0,0.0,1.0,0.0,0.0,0.0,1.0,0.0,0.0,0.0,0.0,0.0,0.0,0.0,0.0,0.0,0.0,0.0,0.0,0.0,0.0,1.0,0.0,0.0,0.0,0.0,0.0,0.0,0.0,0.0,0.0,0.0,0.0,0.0,0.0,0.0,0.0,chembl_mpro_simfilter_potent,CHEMBL4523582,0.859375
24832606,CHEMBL517080,CC1=C(CO)C(=O)O[C@@H]([C@@H](C)[C@H]2CC[C@H]3[C@@H]4C[C@H]5O[C@]56[C@@H](O)C=CC(=O)[C@]6(C)[C@H]4CC[C@]23C)C1,540.0,nM,=,6.27,CHEMBL5143198,Inhibition of recombinant SARS-COV2 main protease expressed in Escherichia coli Rosetta cells using DABCYL-KTSAVLQSGFRKME-EDANS as substrate pre-incubated for 60 mins followed by substarte addition by FRET-based assay,0.0005370317963702,13.297985595508315,13.297985595508315,0.0366090079163119,-0.7186379918373098,0.4851080764510355,52.35294117647059,470.6060000000003,432.3020000000003,470.26683893599994,186.0,0.3360994035581408,-0.4583194559739625,0.4583194559739625,0.3360994035581408,1.1764705882352942,1.9411764705882353,2.6470588235294117,16.62923593585333,9.44050518996382,2.797855707602283,-2.578791007638329,2.726968744480437,-2.632048758232385,5.97865086617263,-0.155284458222779,3.428133947283987,1.2704853068831496,998.8553819925544,24.206377823327532,20.75067051305746,20.75067051305746,16.090243491920322,13.18187874880426,13.18187874880426,12.53503298123447,12.53503298123447,11.596054073343105,11.596054073343105,9.694234277996056,9.694234277996056,-1.4999999999999998,65592567.690690525,22.932,7.267127534255068,2.6279176258013415,201.31709729448735,19.68678069728151,17.808983586480295,5.783244946364939,0.0,0.0,5.969305287951848,4.794537184071822,4.794537184071822,0.0,0.0,19.42057892945051,93.1081434278828,6.4208216229260096,23.698943351727262,29.275855065425155,11.752550234316788,0.0,0.0,40.41951116960052,90.13282851054716,6.606881964512918,23.298249273806295,0.0,0.0,0.0,0.0,0.0,52.485436962739705,19.06280027574374,40.41951116960052,66.21987853631856,23.298249273806295,0.0,0.0,96.36,17.12000766812877,19.802129157825057,0.0,47.81816753604587,29.747644291479457,37.67721264469931,0.0,12.152040213667762,6.923737199690624,20.771211599071872,9.473725907600098,12.081488798678762,0.0,25.768750228815545,20.353927585345527,0.1292239946706672,1.6079371139467469,0.0,8.231953861714171,8.410051750161918,0.0,0.7857142857142857,34.0,2.0,6.0,4.0,2.0,6.0,0.0,0.0,0.0,6.0,2.0,6.0,3.0,3.0,1.0,4.0,6.0,3.3529000000000018,124.46360000000008,0.0,2.0,2.0,0.0,0.0,0.0,0.0,0.0,0.0,0.0,2.0,2.0,0.0,0.0,0.0,0.0,0.0,0.0,0.0,0.0,0.0,0.0,0.0,0.0,1.0,0.0,0.0,0.0,0.0,0.0,0.0,4.0,1.0,1.0,2.0,0.0,0.0,0.0,0.0,0.0,0.0,0.0,1.0,0.0,1.0,0.0,0.0,0.0,0.0,0.0,0.0,0.0,0.0,0.0,0.0,0.0,0.0,0.0,0.0,0.0,0.0,0.0,0.0,0.0,0.0,0.0,0.0,0.0,0.0,0.0,chembl_mpro_simfilter_potent,CHEMBL4523582,0.859375
25516666,CHEMBL490820,O=C(Oc1cncc(Cl)c1)c1cccc2[nH]ccc12,250.0,nM,=,6.6,CHEMBL5336388,Inhibition of SARA-CoV-2 Main protease using Dabcyl-KTSAVLQSGFRKM-E(Edans)-NH2 as substrate by FRET assay,0.0002511886431509,12.130349584278155,12.130349584278155,0.3241099773242633,-0.4358641975308639,0.7272379499441562,10.578947368421051,272.69100000000003,263.61899999999997,272.035255208,94.0,0.3437722052784647,-0.4212086298462552,0.4212086298462552,0.3437722052784647,1.263157894736842,2.1578947368421053,3.0,35.49569132074286,10.120277565345429,2.1262738391692606,-2.0473445596671387,2.2064278425734445,-2.0843924023120097,6.3012431928890456,0.0736030036107491,2.861351185984217,1.939894962310221,751.7955957795542,13.242276208189782,9.76047680295392,10.516405748972376,9.237183443017882,5.627153528453235,6.005118001462462,3.9728604181690135,4.409296198640998,2.705211443267606,2.9119103956804557,1.8736096144687704,2.0374908506042804,-2.329999999999999,38528.09371927748,11.743159424148285,4.741144509635959,2.301440794266416,113.54224593008593,9.720841474747257,0.0,5.749511833283905,0.0,0.0,5.969305287951848,4.983978520947208,4.794537184071822,0.0,0.0,17.667306958694127,18.19910120538483,29.362979143768825,16.782928377051398,9.53140013787187,28.47317011026542,0.0,9.967957041894415,0.0,0.0,0.0,59.5084508625856,5.749511833283905,4.736862953800049,0.0,5.749511833283905,11.600939890232516,15.937262329846265,0.0,0.0,10.357988675768818,48.92236605714728,5.022633313741326,10.902924932081056,54.98,5.969305287951848,4.794537184071822,0.0,0.0,16.335596638722226,10.902924932081056,12.393687143226153,24.395944776997908,12.13273413692322,9.967957041894415,16.337802844032566,5.258981481481482,5.793118491223649,19.044839117745862,1.243185468631898,1.3864764774222451,-0.1117542202066006,8.792702760631002,4.703561534181574,0.0,0.0,0.0,19.0,1.0,4.0,0.0,0.0,0.0,1.0,2.0,3.0,3.0,1.0,5.0,2.0,0.0,0.0,0.0,3.0,3.435500000000001,72.50420000000003,0.0,0.0,0.0,0.0,0.0,2.0,1.0,0.0,0.0,0.0,1.0,1.0,0.0,0.0,0.0,1.0,1.0,0.0,0.0,0.0,1.0,0.0,0.0,0.0,0.0,0.0,0.0,0.0,0.0,0.0,1.0,1.0,0.0,1.0,1.0,0.0,0.0,1.0,0.0,0.0,0.0,0.0,0.0,0.0,0.0,0.0,0.0,0.0,0.0,0.0,0.0,0.0,0.0,0.0,0.0,0.0,0.0,0.0,0.0,1.0,0.0,0.0,0.0,0.0,0.0,0.0,0.0,0.0,0.0,0.0,chembl_mpro_simfilter_potent,CHEMBL4523582,0.859375
25721243,CHEMBL1172891,COc1ccc(CNC(=O)C2CCN([C@H](C)c3cccc4ccccc34)CC2)cc1,920.0,nM,=,6.04,CHEMBL5390948,Inhibition of SARS-CoV-2 papain-like protease,0.0009120108393559,12.661536911494522,12.661536911494522,0.0964961787184004,0.0964961787184004,0.635085086921708,16.333333333333332,402.5380000000001,372.2980000000002,402.2307282,156.0,0.2229740848495383,-0.4967682000196017,0.4967682000196017,0.2229740848495383,1.0333333333333334,1.7333333333333334,2.466666666666667,16.465287132872835,9.92163996520833,2.2761865064716527,-2.3578855168874395,2.308148345659939,-2.4085085086752325,5.856559527749662,-0.1263290060995742,2.8183117169415697,1.317611468615968,986.096046095672,20.924074484064484,17.80479758182556,17.80479758182556,14.652198343190411,10.778189313293923,10.778189313293923,8.120470458153687,8.120470458153687,6.347310934935267,6.347310934935267,4.437311798706247,4.437311798706247,-2.849999999999999,9494689.255932529,20.423895860663517,9.310060733217105,4.490966237488031,178.39851503109506,10.05365155780638,5.749511833283905,0.0,5.907179729351506,0.0,0.0,9.6944469149223,0.0,0.0,0.0,54.59730361615449,66.88697880661461,18.50450328122193,7.109797541277533,9.53140013787187,16.679628158281098,0.0,10.216698334856808,5.917906046161393,32.351977680603184,20.199310353102685,77.85694073647171,5.749511833283905,10.05365155780638,0.0,5.749511833283905,0.0,31.006399813304668,11.339293589984395,5.917906046161393,36.934124258084594,66.73003775307771,0.0,10.772448428929591,41.57,0.0,4.794537184071822,0.0,11.8250857755129,12.586597235060536,37.24411938265807,16.335899920626588,7.109797541277533,24.26546827384644,59.6050050137787,4.736862953800049,5.182846067286171,0.0,15.170491184434184,5.720306441078492,2.4598807199563737,1.09746369923998,23.31871882011374,1.8126031465795176,4.747339581894263,1.6570170060839444,0.3461538461538461,30.0,1.0,4.0,0.0,1.0,1.0,3.0,0.0,3.0,3.0,1.0,4.0,6.0,0.0,1.0,1.0,4.0,4.937800000000005,121.50070000000004,0.0,0.0,0.0,0.0,0.0,0.0,0.0,0.0,0.0,0.0,1.0,1.0,0.0,0.0,0.0,1.0,1.0,0.0,0.0,1.0,0.0,0.0,0.0,0.0,0.0,1.0,0.0,0.0,0.0,0.0,3.0,1.0,0.0,0.0,1.0,0.0,0.0,0.0,0.0,0.0,0.0,0.0,0.0,0.0,0.0,1.0,0.0,0.0,0.0,0.0,0.0,0.0,0.0,0.0,0.0,0.0,1.0,0.0,0.0,0.0,0.0,0.0,0.0,0.0,0.0,0.0,0.0,0.0,0.0,0.0,chembl_mpro_simfilter_potent,CHEMBL4523582,0.859375
28695992,CHEMBL5932448,CC(C)(C)[C@H](NC(=O)OCc1ccccc1)C(=O)N1CCC[C@H]1C(=O)N1C[C@]2(C[C@H]1C(N)=O)C(=O)Nc1ccccc12,550.0,nM,=,6.26,CHEMBL5738078,"Protease Fluorescence Assay (FRET): Recombinant SARS-CoV-2 3CL-protease was expressed and purified. TAMIRA-SITSAVLQSGFRKMK-Dabcyl-OH peptide 3CLpro substrate was synthesized. Black, low volume, round-bottom, 384 well microplates were used. In a typical assay, 0.85 μL of test compound was dissolved in DMSO then incubated with SARS-CoV-2 3CL-protease (10 nM) in 10 μL assay buffer (50 mM HEPES [pH 7.5], 1 mM DTT, 0.0100 BSA, 0.01% Triton-X 100) for 30 min at RT. Next, 10 μL of 3CL-protease substrate (40 μM) in assay buffer was added and the assays were monitored continuously for 1 h in an Envision multimode plate reader operating in fluorescence kinetics mode with excitation at 540 nm and emission at 580 nm at RT. No compound (DMSO only) and no enzyme controls were routinely included in each plate. All experiments were run in duplicate. Data Analysis: SARS-CoV-2 3CL-protease enzyme activity was measured as initial velocity of the linear phase (RFU/s) and normalized to controlled samples DMSO (10000 activity) and no enzyme (000 activity) to determine percent residual activity at various concentrations of test compounds (0-10 μM).",0.0005495408738576,14.070393636877364,14.070393636877364,0.020259471533701,-1.0997965717527274,0.4809341673071055,23.833333333333332,575.6660000000004,538.3700000000003,575.274383904,222.0,0.4076409011631283,-0.4446755276946183,0.4446755276946183,0.4076409011631283,1.0476190476190477,1.738095238095238,2.4285714285714284,16.547653251077467,9.793156830871334,2.5798058815129634,-2.362385807553337,2.464350307455109,-2.585792491659585,6.080903563800711,-0.1477853194498248,3.6702514523359313,1.3412887116248426,1406.02623596105,30.23347556082299,24.09211112036752,24.09211112036752,19.91937653326949,14.20672834500337,14.20672834500337,12.36500974772239,12.36500974772239,8.504134955988578,8.504134955988578,6.300578201163165,6.300578201163165,-4.41,2360846833.2893047,29.09506313680168,11.109328691144384,5.305301121063711,244.28534217287012,30.90392710067585,24.7324044519568,0.0,23.628718917406022,0.0,6.093240070938415,19.178148736287287,4.794537184071822,0.0,0.0,69.30214814676475,41.87072539003041,18.776899086508713,5.414990469396779,28.70954887415915,35.409345263028,0.0,15.116608065707286,11.148657946558965,70.18107138920347,18.40630141583148,65.72420659954848,0.0,16.367244685174846,10.481923458755384,0.0,0.0,70.73681374931442,35.93688412399703,5.414990469396779,51.16057945124389,54.59730361615449,0.0,0.0,151.14,52.77028268523036,23.97268592035911,0.0,25.47963972270301,25.073785926448156,11.126902983393991,9.799819461700954,12.13273413692322,63.23578107830314,10.633577208012662,10.470530430962237,5.369639948815045,0.0,69.39546795865618,5.582488146691057,6.144350011651888,-1.8325807217065224,13.584839146328385,0.2831041161305084,5.806024726766789,0.0,0.4516129032258064,42.0,4.0,11.0,0.0,3.0,3.0,2.0,0.0,2.0,6.0,3.0,11.0,6.0,0.0,2.0,2.0,5.0,2.2948000000000013,153.8027999999998,0.0,0.0,0.0,0.0,0.0,0.0,0.0,0.0,0.0,0.0,5.0,5.0,0.0,0.0,0.0,2.0,2.0,1.0,0.0,2.0,0.0,0.0,1.0,0.0,0.0,5.0,0.0,1.0,0.0,0.0,2.0,2.0,0.0,0.0,1.0,0.0,0.0,0.0,0.0,0.0,0.0,0.0,0.0,0.0,0.0,0.0,0.0,0.0,0.0,0.0,0.0,0.0,0.0,1.0,0.0,0.0,0.0,0.0,1.0,0.0,0.0,0.0,0.0,0.0,0.0,0.0,0.0,0.0,0.0,0.0,chembl_mpro_simfilter_potent,CHEMBL4523582,0.859375
28739090,CHEMBL5774755,COc1cccc2[nH]c(C(=O)N(C)[C@@H](CC(C)C)C(=O)N3C[C@]4(CC3C(=O)O)C(=O)Nc3ccccc34)cc12,550.0,nM,=,6.26,CHEMBL5738240,"Fluorescence Assay (FRET): SARS-CoV-2 3C-like (3CL) protease fluorescence assay (FRET): Recombinant SARS-CoV-2 3CL-protease was expressed and purified. TAMRA-SITSAVLQSGFRKMK-Dabcyl-OH peptide 3CLpro substrate was synthesized. Black, low volume, round-bottom, 384 well microplates were used. In a typical assay, 0.85 μL of test compound was dissolved in DMSO then incubated with SARS-CoV-2 3CL-protease (10 nM) in 10 μL assay buffer (50 mM HEPES [pH 7.5], 1 mM DTT, 0.01% BSA, 0.01% Triton-X 100) for 30 min at RT. Next, 10 μL of 3CL-protease substrate (40 μM) in assay buffer was added and the assays were monitored continuously for 1 h in an Envision multimode plate reader operating in fluorescence kinetics mode with excitation at 540 nm and emission at 580 nm at RT. No compound (DMSO only) and no enzyme controls were routinely included in each plate. All experiments were run in duplicate. Data Analysis: SARS-CoV-2 3CL-protease enzyme activity was measured as initial velocity of the linear phase (RFU/s) and normalized to controlled samples DMSO (100% activity) and no enzyme (0% activity) to determine percent residual activity at various concentrations of test compounds (0-10 μM). Data were fitted to normalized activity (variable slope) versus concentration fit in GraphPad Prism 7 to determine IC50.",0.0005495408738576,14.111156550213188,14.111156550213188,0.0345875546678215,-1.2037894341876128,0.4281204732515943,20.794871794871796,532.5970000000003,500.3410000000004,532.2321847439999,204.0,0.3259679021976821,-0.4960538521801094,0.4960538521801094,0.3259679021976821,1.1794871794871795,1.9230769230769231,2.6153846153846154,16.465812458611264,9.79396509204966,2.579106798910821,-2.33226493897848,2.463952579130039,-2.528694801679767,6.0815330564789045,-0.1497541066255418,3.6039442125721366,1.4809449949631337,1479.438423662899,28.05974897445605,22.35505554346472,22.35505554346472,18.567423675371,12.942148485267138,12.942148485267138,10.772039254997644,10.772039254997644,7.8939481420768685,7.8939481420768685,5.905918548437566,5.905918548437566,-4.34,617591276.6941134,26.274416635509965,9.757569661517568,4.29220522373648,225.4651885930938,29.94397693529525,23.52712148642829,0.0,11.814359458703011,5.907179729351506,5.969305287951848,14.383611552215466,4.794537184071822,0.0,0.0,38.112942673227685,48.58846905755685,30.182739595354384,12.524788010674312,29.021539084928037,40.28115568277099,0.0,14.783797982648164,5.917906046161393,44.18778977292597,26.01901453387363,59.788316034238335,5.749511833283905,10.05365155780638,5.687386274683562,5.749511833283905,0.0,76.36707744165845,19.798602021612243,5.917906046161393,42.74103431585054,48.53093654769288,0.0,10.902924932081056,132.04000000000002,35.282336874347564,24.284676131127995,0.0,30.484591799199944,23.42117122259047,10.902924932081056,9.799819461700954,50.55567193472438,25.98020853630447,10.300767124953538,4.736862953800049,5.406625129386994,0.0,59.06368335452079,13.691060438904088,1.1617565575543898,-1.7494440779465803,12.15553566505135,0.2857509612886526,3.7979008354693775,3.1037978024376,0.3793103448275862,39.0,3.0,10.0,0.0,2.0,2.0,2.0,1.0,3.0,5.0,3.0,10.0,7.0,0.0,1.0,1.0,5.0,3.2388000000000003,144.69069999999988,1.0,0.0,0.0,0.0,0.0,1.0,1.0,0.0,1.0,1.0,4.0,3.0,0.0,0.0,0.0,2.0,2.0,0.0,1.0,1.0,1.0,0.0,0.0,0.0,0.0,3.0,0.0,1.0,0.0,0.0,2.0,3.0,0.0,0.0,1.0,0.0,0.0,0.0,0.0,0.0,0.0,0.0,0.0,0.0,0.0,1.0,0.0,0.0,0.0,0.0,0.0,0.0,0.0,1.0,0.0,0.0,0.0,0.0,0.0,0.0,0.0,0.0,0.0,0.0,0.0,0.0,0.0,0.0,0.0,0.0,chembl_mpro_simfilter_potent,CHEMBL4523582,0.859375
24708084,CHEMBL5205511,Cc1cc(O)ccc1CN(C)[C@H](C)c1cccc2ccccc12,900.0,nM,=,6.05,CHEMBL5109237,Inhibition of C-terminal His-tagged SARS-CoV-2 PLpro BetaCoV/Wuhan/WIV04/2019 strain (1564 to 1876 residues) expressed in Escherichia coli BL21(DE3) using FRET substrate measured after 3 hrs by enzymatic assay,0.0008912509381337,9.563582547428563,9.563582547428563,0.3141695011337868,0.3141695011337868,0.7290840915829687,12.695652173913045,305.421,282.237,305.177964356,118.0,0.1153613771307061,-0.5079562074700786,0.5079562074700786,0.1153613771307061,1.0,1.7391304347826086,2.5217391304347827,16.254684576489566,9.98052658191072,2.1491051091115123,-2.266429443110573,2.2851425291794345,-2.2212942845223456,5.855552636447258,0.2536714942885907,2.5583737849085777,1.8770852059109489,819.6894471205943,16.396976746569035,13.95238693327235,13.95238693327235,11.0585506480638,8.024226920150152,8.024226920150152,6.270251433559856,6.270251433559856,4.680533255371285,4.680533255371285,3.1152804406285064,3.1152804406285064,-2.319999999999999,190189.5071701037,15.57093250468912,6.430055806163098,3.22421768707483,137.54893985167865,5.106527394840706,5.749511833283905,0.0,0.0,0.0,0.0,4.899909730850477,0.0,0.0,0.0,48.53093654769288,60.49068342300224,12.586597235060536,0.0,5.106527394840706,10.772448428929591,0.0,4.899909730850477,0.0,26.434071634441786,7.04767198267719,77.3540251597071,5.749511833283905,0.0,0.0,5.749511833283905,0.0,17.054109108368372,6.544756405912575,6.923737199690624,29.65593250392957,60.6636706846161,0.0,10.772448428929591,23.47,0.0,5.106527394840706,0.0,0.0,11.791352662431866,12.10820789760957,21.899351412323583,6.06636706846161,19.056471336613843,61.335888392449554,0.0,0.0,0.0,2.3483673469387756,12.163436289966288,3.7235072331401704,0.3296341997415231,20.96458616709071,0.0,5.152277153145208,2.151524943310658,0.238095238095238,23.0,1.0,2.0,0.0,0.0,0.0,3.0,0.0,3.0,2.0,1.0,2.0,4.0,0.0,0.0,0.0,3.0,5.046820000000004,96.67380000000004,0.0,0.0,0.0,0.0,0.0,0.0,0.0,1.0,0.0,0.0,0.0,0.0,0.0,0.0,0.0,1.0,0.0,0.0,0.0,0.0,0.0,0.0,0.0,0.0,0.0,0.0,0.0,0.0,1.0,0.0,3.0,1.0,0.0,0.0,0.0,0.0,0.0,0.0,0.0,0.0,0.0,0.0,0.0,0.0,0.0,0.0,0.0,0.0,0.0,0.0,0.0,0.0,0.0,0.0,1.0,1.0,0.0,0.0,0.0,0.0,0.0,0.0,0.0,0.0,0.0,0.0,0.0,0.0,0.0,0.0,chembl_mpro_simfilter_potent,CHEMBL4523582,0.859375
25051144,CHEMBL4779667,O=c1c2ccccc2[se]n1CCN1CCOCC1,240.0,nM,=,6.62,CHEMBL5247339,Inhibition of SARS CoV-2 Main protease using MCA-AVLQSGFR-Lys(DNP)-Lys-NH2 peptide as substrate by fluorescence based analysis,0.0002398832919019,12.167792265054173,12.167792265054173,0.1666304091080879,0.1666304091080879,0.769365067176192,17.333333333333332,311.2430000000001,295.115,312.037699052,96.0,,,,,1.1666666666666667,1.9444444444444444,2.7222222222222223,,,,,,,,,2.750470665569206,1.7397471764108228,583.9339236974441,12.372032720186704,10.171213826269296,11.884285879365075,8.843336592900531,6.234040876495502,7.85668601525885,4.448719515570211,6.679338894934011,3.2755518875764595,5.628493439037729,2.221653256466964,4.287744333978175,-0.8705194805194807,26041.45626160924,12.178073760261688,5.407628672781077,2.4475577691210977,111.73884380804158,0.0,0.0,0.0,0.0,0.0,111.5903263268818,0.0,0.0,0.0,0.0,0.0,0.0,0.0,0.0,4.736862953800049,24.379009496700675,0.0,8.46239197073466,0.0,6.544756405912575,32.84803314676356,34.61927235297027,0.0,5.559266895052007,0.0,0.0,0.0,56.04306193799986,11.281619359712623,0.0,0.0,29.060005457918265,0.0,9.646372676199034,34.47,0.0,4.794537184071822,0.0,20.291903715553648,0.0,44.77901376714093,4.2601484617342384,0.0,21.761583445269014,10.966276799312087,4.736862953800049,8.551511875979093,0.1666304091080879,14.538671894683802,0.9022939762324684,0.2072772581254724,0.0,7.966016009403456,0.0,5.417598576467624,0.0,0.4615384615384615,18.0,0.0,4.0,0.0,1.0,1.0,1.0,1.0,2.0,3.0,0.0,5.0,3.0,0.0,1.0,1.0,3.0,0.3906999999999998,72.40700000000002,0.0,0.0,0.0,0.0,0.0,1.0,0.0,0.0,0.0,0.0,0.0,0.0,0.0,0.0,0.0,2.0,0.0,0.0,0.0,0.0,0.0,0.0,0.0,0.0,0.0,0.0,0.0,0.0,0.0,0.0,1.0,1.0,0.0,0.0,1.0,0.0,0.0,0.0,0.0,0.0,0.0,0.0,0.0,0.0,0.0,0.0,1.0,0.0,0.0,0.0,0.0,0.0,0.0,0.0,0.0,0.0,0.0,0.0,0.0,0.0,0.0,0.0,0.0,0.0,0.0,0.0,0.0,0.0,0.0,0.0,chembl_mpro_simfilter_potent,CHEMBL4523582,0.859375
24839641,CHEMBL5182008,O=C(Cn1sc2cccc(C(F)(F)F)c2c1=O)Nc1ccccc1,224.2,nM,=,6.65,CHEMBL5145098,Inhibition of SARS-CoV-2 main protease using Mca-AVLQSGFRK(Dnp)K as substrate preincubated with enzyme for 10 mins followed by substrate addition and measured every 30 secs for 10 mins by fluorescence based analysis,0.0002238721138568,13.034312598214738,13.034312598214738,0.196607510288066,-4.621159869237974,0.7810433043034676,11.625,352.337,341.2490000000001,352.04933325200005,124.0,0.4167391334891192,-0.324506400406554,0.4167391334891192,0.324506400406554,1.0833333333333333,1.7916666666666667,2.4583333333333335,32.137200938938115,10.12475799412109,2.340020311189132,-2.0588039955076236,2.3409657301694047,-2.2408218311984993,7.134853607881166,-0.1358821573360236,2.8332524312656204,1.924177360658615,945.3511940800108,17.319626477379405,12.131760820622784,12.94825740155051,11.359191910946029,6.909981823784032,7.6833784859180065,5.023724096940192,6.0868977639849104,3.32531304576394,4.37752497757251,2.305410864167923,3.3268262610539607,-2.609999999999999,270972.2625262439,16.254918356525348,6.120849746668955,3.1828846668813005,137.84557351985904,5.316788604006331,6.544756405912575,0.0,5.907179729351506,5.559266895052007,6.176298517443475,13.54573547640424,0.0,13.17124514302446,0.0,35.79795488541311,24.26546827384644,5.687386274683562,15.64959562263089,17.96578232709628,33.21319674653564,0.0,3.956661108260597,0.0,12.72105492335605,5.316788604006331,64.4481921185137,0.0,10.87605549905834,18.858631417708025,0.0,11.532486611566677,9.863840837612102,17.51559210742787,0.0,5.563451491696996,53.3254737317647,0.0,10.086144130933896,51.1,28.59242084800878,22.760319511168102,0.0,11.244676322381675,5.687386274683562,21.55551478828888,12.13273413692322,30.33183534230805,0.0,5.316788604006331,0.0,40.3255175271545,0.8363942953724699,24.28358776612497,2.192145940938103,-1.2479214246151469,-0.4829492630385481,12.140603848163304,-4.621159869237974,-0.3428854875283449,0.0,0.125,24.0,1.0,4.0,0.0,0.0,0.0,2.0,1.0,3.0,3.0,1.0,8.0,3.0,0.0,0.0,0.0,3.0,3.720500000000002,86.15869999999998,0.0,0.0,0.0,0.0,0.0,1.0,0.0,0.0,0.0,0.0,1.0,1.0,0.0,0.0,0.0,1.0,1.0,0.0,0.0,0.0,0.0,0.0,0.0,3.0,0.0,1.0,0.0,1.0,0.0,0.0,2.0,1.0,0.0,0.0,0.0,0.0,0.0,3.0,0.0,0.0,0.0,0.0,0.0,0.0,0.0,0.0,0.0,0.0,0.0,0.0,0.0,0.0,0.0,1.0,0.0,0.0,0.0,0.0,0.0,0.0,0.0,0.0,0.0,0.0,0.0,0.0,0.0,0.0,0.0,0.0,chembl_mpro_simfilter_potent,CHEMBL4523582,0.859375
19964222,CHEMBL105712,O=C(CCl)c1ccccc1,190.0,nM,=,6.72,CHEMBL4495583,SARS-CoV-2 3CL-Pro protease inhibition IC50 determined by FRET kind of response from peptide substrate,0.0001905460717963,10.88148148148148,10.88148148148148,0.0256790123456784,-0.0256790123456784,0.4711758525933405,9.3,154.596,147.54,154.018542524,52.0,0.1770734275364952,-0.2928353593221299,0.2928353593221299,0.1770734275364952,1.3,1.9,2.4,35.4956629141188,10.151999017979517,1.994197028569471,-1.9208966002811576,1.9960671259600236,-1.9796722460443377,6.299546608922767,0.1016310000410992,2.0481673906012667,2.8526279288191434,217.9590174505521,7.397341225498538,5.380070890607768,6.1359998366262225,4.842535255101096,2.9856223802605895,3.520144864085438,1.9228323599506605,2.1900936018630848,1.2171341268154334,1.459873692889642,0.7011970394754551,0.855500389437547,-0.8200000000000001,237.58741730974697,7.288932461873639,3.3737941826863076,1.5785944584266869,64.62607567521562,0.0,0.0,5.783244946364939,0.0,0.0,0.0,4.794537184071822,0.0,0.0,11.600939890232516,30.33183534230805,0.0,5.563451491696996,5.880003444970339,4.794537184071822,17.384184836597456,0.0,0.0,0.0,0.0,5.880003444970339,35.89528683400505,0.0,0.0,0.0,0.0,11.600939890232516,11.663248391335278,0.0,0.0,10.357988675768818,30.33183534230805,0.0,0.0,17.07,0.0,4.794537184071822,0.0,11.663248391335278,5.563451491696996,0.0,0.0,12.13273413692322,18.19910120538483,0.0,11.600939890232516,0.0,5.336972789115645,10.88148148148148,0.0,0.6782407407407409,0.0338580246913584,9.013891408415216,0.0,0.0,0.0,0.125,10.0,0.0,1.0,0.0,0.0,0.0,1.0,0.0,1.0,1.0,0.0,2.0,2.0,0.0,0.0,0.0,1.0,2.1081,41.49250000000002,0.0,0.0,0.0,0.0,0.0,0.0,0.0,0.0,0.0,0.0,1.0,1.0,0.0,0.0,0.0,0.0,0.0,0.0,0.0,0.0,0.0,0.0,0.0,1.0,0.0,0.0,0.0,0.0,0.0,0.0,1.0,0.0,0.0,0.0,0.0,0.0,0.0,1.0,0.0,0.0,0.0,0.0,1.0,1.0,0.0,0.0,0.0,0.0,0.0,0.0,0.0,0.0,0.0,0.0,0.0,0.0,0.0,0.0,0.0,0.0,0.0,0.0,0.0,0.0,0.0,0.0,0.0,0.0,0.0,0.0,chembl_mpro_simfilter_potent,CHEMBL4523582,0.859375
24771746,CHEMBL5185732,Cn1cnc(Cn2c(=O)nc(NC3=CC4CCOC4C=C3Cl)n(Cc3cc(F)c(F)c(F)c3)c2=O)n1,15.0,nM,=,7.82,CHEMBL5126486,Inhibition of recombinant SARS-CoV-2 main protease usingDABCYLKTSAVLQSGFRKME(EDANS)-NH2 fluorogenic peptide substrate by FRET assay,1.5135612484362071e-05,13.872097755247973,13.872097755247973,0.0333905192977366,-1.6329779422011848,0.4933632597223648,19.13888888888889,521.8870000000002,502.7350000000002,521.118999808,188.0,0.3548750084197953,-0.3734457684010631,0.3734457684010631,0.3548750084197953,1.1388888888888888,1.8888888888888888,2.5833333333333335,35.49570583915418,9.95315553909245,2.3004806698596156,-2.221874091023067,2.3322930511454487,-2.431098711314419,6.319364685346315,0.1340257807518268,3.4530553837776092,1.5820446048323298,1504.750256240893,25.559748974456056,18.78976334550182,19.54569229152028,17.189580941199036,10.870881799719724,11.24884627272895,8.388644734290336,8.795844861030941,5.859370318381076,6.188958539421122,4.109753457600921,4.344166842294642,-3.709999999999999,151018741.84732312,24.005194818142726,9.390980309318586,4.584198581264762,205.8611788213611,10.05365155780638,6.3273200747645415,23.27606702113761,5.948339280986494,0.0,11.379486796406947,9.248902582936536,32.31139767990667,10.082660329248244,0.0,17.676959997066398,30.193027358380103,19.5724599933515,29.922804864742886,17.908108096824506,17.54927917121901,0.0,28.882641080923342,12.965578028838582,25.614300822499462,11.923670568519247,91.14949976791016,0.0,16.696275400413278,19.119584424010952,0.0,11.600939890232516,41.593489433184565,24.87404774830239,23.369568569299076,17.808677612622933,50.93049445866859,0.0,0.0,108.86,35.37590572545721,22.760319511168102,0.0,35.902824110505684,17.33620762968235,27.68775505543194,11.009123009909723,13.12369208951107,6.076020106833881,20.383427454201783,16.337802844032566,50.00956164067167,6.383300706276965,34.215716742679334,7.24685102276112,-1.4286605906519312,-4.467234338878286,1.523032851766017,5.5016014364965065,-0.1603135081250598,1.620588481448108,0.3181818181818182,36.0,1.0,10.0,1.0,1.0,2.0,1.0,2.0,3.0,7.0,1.0,14.0,6.0,0.0,1.0,1.0,5.0,1.8846,121.76870000000004,0.0,0.0,0.0,0.0,0.0,6.0,0.0,0.0,0.0,0.0,0.0,0.0,0.0,0.0,0.0,6.0,1.0,0.0,0.0,0.0,0.0,0.0,0.0,0.0,1.0,0.0,0.0,1.0,1.0,0.0,1.0,1.0,0.0,0.0,1.0,0.0,0.0,4.0,0.0,0.0,0.0,0.0,0.0,0.0,0.0,0.0,0.0,0.0,0.0,0.0,0.0,0.0,0.0,0.0,0.0,0.0,0.0,0.0,0.0,0.0,0.0,0.0,0.0,0.0,0.0,0.0,0.0,0.0,0.0,0.0,chembl_mpro_simfilter_potent,CHEMBL4523582,0.859375
24977686,CHEMBL5287068,CSc1ccc2c(c1)NC(=O)C(F)(F)C2=O,830.0,nM,=,6.08,CHEMBL5225084,Inhibition of SARS-CoV-2 Main protease,0.0008317637711026,13.08583734882842,13.08583734882842,0.1460879629629632,-3.9644105489418,0.607089603674736,17.9375,243.23399999999992,236.1779999999999,243.016555904,84.0,0.3859361409827512,-0.3196777726516775,0.3859361409827512,0.3196777726516775,1.3125,2.0,2.625,32.16640738585378,9.98610732157368,2.510221980522493,-2.224653613071849,2.332450839332804,-2.4568859077287204,7.982170959974638,-0.133566599143724,2.259313606339204,2.5505303202553717,487.7074154636931,11.922285251880869,8.21272462497892,9.029221205906646,7.463562288669133,4.38661907088147,5.611363942273059,3.2691555770161416,4.148808388271037,2.289908917459712,3.015247331936457,1.4248110404553789,1.864637446082826,-1.4300000000000004,3886.0194029034305,11.067308651050284,3.5517311978484143,1.4931358161344002,94.21242763846746,5.316788604006331,0.0,0.0,5.783244946364939,0.0,11.829708897446082,9.589074368143644,0.0,8.78083009534964,11.761884949391115,0.0,24.454870388896232,10.45893496721477,5.687386274683562,18.369904463493285,29.13969589979112,0.0,0.0,0.0,10.818012643612352,11.572557787517734,23.762552697081823,0.0,5.316788604006331,14.468216370033202,0.0,11.761884949391115,23.868723027322424,4.794537184071822,0.0,10.357988675768818,23.094584680902603,0.0,0.0,46.17,17.61295384381102,18.369904463493285,0.0,11.250837766380558,0.0,4.895483475517775,23.894619086314336,6.06636706846161,11.572557787517734,0.0,0.0,26.17167469765684,1.393867630385487,23.119514361300077,2.0321759259259258,-0.0044675925925921,-6.976303028155707,4.371871220710506,1.80833345143613,0.0,0.0,0.2,16.0,1.0,3.0,0.0,1.0,1.0,1.0,0.0,1.0,3.0,1.0,6.0,1.0,0.0,0.0,0.0,2.0,2.1786,56.1302,0.0,0.0,0.0,0.0,0.0,0.0,0.0,0.0,0.0,0.0,2.0,2.0,0.0,0.0,0.0,0.0,1.0,0.0,0.0,0.0,0.0,0.0,0.0,2.0,0.0,1.0,0.0,1.0,0.0,0.0,1.0,1.0,0.0,0.0,0.0,0.0,0.0,2.0,0.0,0.0,0.0,0.0,1.0,1.0,0.0,0.0,0.0,0.0,0.0,0.0,0.0,0.0,0.0,0.0,0.0,0.0,0.0,0.0,0.0,0.0,0.0,1.0,0.0,0.0,0.0,0.0,0.0,0.0,0.0,0.0,chembl_mpro_simfilter_potent,CHEMBL4523582,0.859375
25881454,CHEMBL1448440,C=CCSc1nc2sc3c(c2c(=O)n1CC)CCc1ccccc1-3,800.0,nM,=,6.1,CHEMBL5515824,Inhibition of SARS-CoV-2 papain-like protease (PLpro) using fluorogenic peptide substrate by fluorescent assay,0.0007943282347242,13.079005416981609,13.079005416981609,0.1027253401360548,0.1027253401360548,0.3923948854086982,12.875,354.5000000000001,336.3560000000001,354.086055196,122.0,0.2627140417088389,-0.2873045448634906,0.2873045448634906,0.2627140417088389,1.375,2.2083333333333335,3.0,32.16660382231083,9.902850852516115,2.24308561406982,-2.155767859230592,2.4197322993345085,-2.2255215467529137,7.988379221339872,0.6350978152444704,2.9875291733061595,1.994153508494977,1000.5048143975224,16.681433796945207,13.541457314272376,15.174450476127827,11.74071340286802,8.12388708502974,9.925982225610955,5.7905076766496055,7.776735283010642,4.4284166055323,6.559855444692257,3.318327305533052,5.441167651761752,-1.8499999999999996,549060.0615868992,15.664570627922323,6.222183809770509,2.3437597184744776,148.60358531666782,0.0,4.830396419620566,5.156436481820707,0.0,5.559266895052007,0.0,9.361636831863176,4.983978520947208,0.0,17.915721561533232,42.103373330071435,36.45573492063363,17.174757206360663,5.386224214464796,0.0,33.31529146141121,0.0,9.551078168738565,0.0,31.466573333275925,5.752853606746789,58.401131126796635,10.440598685398296,5.559266895052007,0.0,0.0,23.09867082732585,15.303931775485353,19.386399651764595,0.0,18.050640183084617,46.871397730171346,0.0,20.657219319483655,34.89,0.0,4.794537184071822,0.0,5.559266895052007,6.544756405912575,33.96755396850487,21.56750166879229,27.66577047511721,12.999757306524504,30.844403957444936,4.983978520947208,1.795645313681028,3.2324227082808425,19.99789031662047,1.621377970941463,3.928459358018793,0.7558230207576347,8.50510912902993,3.760295393422648,6.402976789247186,0.0,0.2631578947368421,24.0,0.0,3.0,1.0,0.0,1.0,1.0,2.0,3.0,4.0,0.0,5.0,4.0,0.0,0.0,0.0,4.0,4.521600000000004,103.319,0.0,0.0,0.0,0.0,0.0,2.0,0.0,0.0,0.0,0.0,0.0,0.0,0.0,0.0,0.0,2.0,0.0,0.0,0.0,0.0,0.0,0.0,0.0,0.0,0.0,0.0,0.0,0.0,2.0,0.0,1.0,5.0,0.0,0.0,0.0,0.0,0.0,0.0,0.0,0.0,0.0,0.0,0.0,0.0,0.0,0.0,0.0,0.0,0.0,0.0,0.0,0.0,0.0,0.0,0.0,0.0,0.0,0.0,0.0,0.0,0.0,1.0,0.0,0.0,0.0,0.0,0.0,1.0,0.0,0.0,chembl_mpro_simfilter_potent,CHEMBL4523582,0.859375
19964280,CHEMBL518800,CC[C@H](CO)Nc1nc(NCc2ccc(-c3ccccn3)cc2)c2ncn(C(C)C)c2n1,840.0,nM,=,6.08,CHEMBL4495583,SARS-CoV-2 3CL-Pro protease inhibition IC50 determined by FRET kind of response from peptide substrate,0.0008317637711026,9.573829979625032,9.573829979625032,0.020557184084742,-0.1019798209117921,0.3638589512310325,12.28125,431.54400000000015,402.3120000000001,431.2433585480001,166.0,0.226584694111752,-0.3942429776457717,0.3942429776457717,0.226584694111752,1.03125,1.84375,2.5,16.252292722131482,10.087973145354509,2.161534308081688,-2.1593283849181604,2.2450733315707136,-2.239533077202064,5.840451827356053,0.2711004015208099,3.26172345565705,1.5845607148575576,1152.4151325522164,22.501424753254117,18.65545487764528,18.65545487764528,15.584049995768552,10.948399065170952,10.948399065170952,8.011159809245408,8.011159809245408,5.398723626337791,5.398723626337791,3.454281671686839,3.454281671686839,-3.5199999999999996,26256195.37956047,21.702211637973484,9.739196599554884,4.6999502743484225,187.3384749293409,20.307204250644723,0.0,16.98174071621902,5.948339280986494,0.0,0.0,4.983978520947208,4.983978520947208,9.967957041894415,0.0,37.255572541998674,37.96448165092747,24.34689229837061,24.66997086327388,5.106527394840706,22.93007999720551,0.0,24.503013731580182,0.0,45.820471286206384,17.24045917252558,60.55218461730588,11.257379486545457,10.633577208012662,11.766202058821523,0.0,0.0,42.25826392008176,6.544756405912575,0.0,38.79732554284284,54.98873312560889,0.0,22.421257424929447,100.78,0.0,5.106527394840706,0.0,18.69056362280884,18.3109584647341,34.40553053955245,0.0,12.524163646377618,29.689938052866808,68.68243396502916,0.0,2.0227434830681585,0.0,18.291100315625684,16.224245050888424,4.643615205118079,1.145643833505,14.32637949331388,4.36473421042679,6.814871741387319,0.0,0.3333333333333333,32.0,3.0,8.0,0.0,0.0,0.0,1.0,3.0,4.0,7.0,3.0,8.0,9.0,0.0,0.0,0.0,4.0,4.2641000000000036,127.49520000000004,0.0,1.0,1.0,0.0,0.0,5.0,0.0,0.0,0.0,0.0,0.0,0.0,0.0,0.0,0.0,5.0,2.0,0.0,0.0,0.0,0.0,0.0,0.0,0.0,0.0,0.0,0.0,2.0,0.0,0.0,1.0,1.0,0.0,0.0,0.0,0.0,0.0,0.0,0.0,0.0,1.0,0.0,0.0,0.0,0.0,0.0,0.0,0.0,0.0,0.0,0.0,0.0,0.0,0.0,0.0,0.0,0.0,0.0,0.0,1.0,0.0,0.0,0.0,0.0,0.0,0.0,0.0,0.0,0.0,0.0,chembl_mpro_simfilter_potent,CHEMBL4523582,0.859375
25559101,CHEMBL161867,C/N=c1\nc(-c2ccccc2)n(-c2ccccc2)s1,191.0,nM,=,6.72,CHEMBL5347930,Inhibition of full-length recombinant SARS-CoV-2 3CL protease expressed in Escherichia coli BL21 (DE3) cells using fluorogenic MCA-AVLQSGFR-Lys (Dnp)-Lys-NH2 substrate preincubated for 10 mins followed by substrate addition measured after 20 mins by FRET assay,0.0001905460717963,4.590130385487528,4.590130385487528,0.7802834467120182,0.7802834467120182,0.7013101010787974,11.736842105263158,267.357,254.25299999999996,267.083018416,94.0,0.2223680144580891,-0.2595650737438261,0.2595650737438261,0.2223680144580891,0.9473684210526316,1.5789473684210529,2.210526315789474,32.13719833302859,10.18470096281784,2.091730297332906,-2.051123717432384,2.2110462601790055,-1.9606223626516457,7.0368511226173025,1.115804100214071,2.932856115386359,2.228607980845603,666.8420707065351,13.079139501373252,10.523391768859998,11.339888349787724,9.381341395361314,6.023313120362759,6.796709782496732,4.028830420558803,4.941701349734079,2.7808294232570185,3.7843194657183936,1.879533637551768,2.7116036555010887,-2.1999999999999993,48943.50285356756,11.866093254866454,5.1992548524728095,2.347735713616929,115.236576839727,0.0,0.0,5.824404497999927,4.801402653462074,0.0,0.0,4.992404732635668,3.956661108260597,4.983978520947208,0.0,48.53093654769288,23.665220748489897,12.611123474374184,5.687386274683562,0.0,11.532486611566677,0.0,8.940639629207805,4.992404732635668,0.0,7.04767198267719,65.46507333807817,17.075242264380485,4.801402653462074,0.0,0.0,11.532486611566677,15.988311611884996,0.0,0.0,0.0,65.65607541725177,0.0,17.075242264380485,30.18,0.0,0.0,0.0,0.0,0.0,21.87664491784256,0.0,18.580158594243866,36.39820241076966,38.19851263568992,0.0,2.1087962962962963,1.5463208616780042,9.559870559334843,0.0,2.200237150415722,0.9281481481481484,20.389821428571427,0.0,0.0,1.7668055555555555,0.0666666666666666,19.0,0.0,3.0,0.0,0.0,0.0,2.0,1.0,3.0,3.0,0.0,4.0,2.0,0.0,0.0,0.0,3.0,3.1313000000000013,78.36400000000003,0.0,0.0,0.0,0.0,0.0,2.0,0.0,0.0,0.0,0.0,0.0,0.0,0.0,0.0,0.0,3.0,0.0,0.0,0.0,0.0,0.0,0.0,0.0,0.0,0.0,0.0,0.0,0.0,0.0,0.0,2.0,0.0,0.0,0.0,0.0,0.0,0.0,0.0,0.0,0.0,0.0,0.0,0.0,0.0,0.0,0.0,0.0,0.0,0.0,0.0,0.0,0.0,0.0,1.0,0.0,0.0,0.0,0.0,0.0,0.0,0.0,0.0,0.0,0.0,0.0,0.0,0.0,0.0,0.0,0.0,chembl_mpro_simfilter_potent,CHEMBL4523582,0.859375
25951977,CHEMBL379110,COc1cc(O)c(C(=O)[C@@H]2[C@H](CC=C(C)C)C(C)=CC[C@H]2c2ccccc2)c(O)c1,810.0,nM,=,6.09,CHEMBL5537273,Inhibition of SARS-CoV-2 3CL protease,0.000812830516164,13.816668556311416,13.816668556311416,0.0071687085327962,-0.3905602796674232,0.4552051139928353,20.933333333333337,406.5220000000001,376.28200000000015,406.21440943999994,158.0,0.1741463247985089,-0.5069069337333282,0.5069069337333282,0.1741463247985089,1.1333333333333333,1.7666666666666666,2.3333333333333335,16.46635496239678,9.653903810824126,2.4038381702354044,-2.3692754281085286,2.4651583025832178,-2.3312084920567337,6.034574409299092,0.0844114258255446,2.7189168584966565,2.1147303481502213,944.7781587700356,21.83613433532445,18.05334056457625,18.05334056457625,14.328606258093464,10.32212981882608,10.32212981882608,8.25537298556722,8.25537298556722,6.008458057770709,6.008458057770709,4.402452599378619,4.402452599378619,-3.009999999999999,4423079.5670651905,21.69296985995457,9.205492796144831,4.428222539203582,178.07618454315838,14.94991774348146,22.81198699154871,5.783244946364939,0.0,0.0,0.0,4.794537184071822,0.0,0.0,0.0,53.630084616114345,51.012118428943666,18.050640183084617,7.109797541277533,19.744454927553285,5.783244946364939,0.0,0.0,11.835812092322788,39.53076089108528,7.109797541277533,76.88972173643157,17.248535499851716,4.736862953800049,0.0,17.248535499851716,0.0,23.106097277323883,0.0,11.835812092322788,55.4522010585511,65.76281875303756,0.0,0.0,66.76,5.917906046161393,15.007591973753234,0.0,34.68153219695253,5.749511833283905,18.405094737549017,30.388740738339283,0.0,30.33183534230805,32.923251812739636,4.736862953800049,5.101435150914767,0.0,13.816668556311416,21.088207776937935,3.4346483924658537,-0.8601260778262954,12.773288367293148,5.86053259112287,6.168401060786523,1.4502775153271186,0.3461538461538461,30.0,2.0,4.0,1.0,0.0,1.0,2.0,0.0,2.0,4.0,2.0,4.0,6.0,0.0,0.0,0.0,3.0,6.011600000000007,119.2391,0.0,0.0,0.0,0.0,0.0,0.0,0.0,2.0,0.0,0.0,1.0,1.0,0.0,0.0,0.0,0.0,0.0,0.0,0.0,0.0,0.0,0.0,0.0,0.0,4.0,0.0,0.0,0.0,0.0,0.0,2.0,0.0,0.0,0.0,1.0,0.0,0.0,0.0,0.0,0.0,0.0,0.0,1.0,1.0,0.0,1.0,0.0,0.0,0.0,0.0,0.0,0.0,0.0,0.0,2.0,2.0,0.0,0.0,0.0,0.0,0.0,0.0,0.0,0.0,0.0,0.0,0.0,0.0,0.0,0.0,chembl_mpro_simfilter_potent,CHEMBL4523582,0.859375
25559093,CHEMBL5408402,C/N=c1\nc(-c2ccc(OC)cc2)n(-c2cc(F)c(F)c(F)c2)s1,582.0,nM,=,6.24,CHEMBL5347925,Inhibition of full-length recombinant SARS-CoV-2 3CL protease expressed in Escherichia coli BL21 (DE3) cells using fluorogenic MCA-AVLQSGFR-Lys (Dnp)-Lys-NH2 substrate preincubated for 10 mins followed by substrate addition measured for 3.5 mins by FRET assay,0.0005754399373371,13.563174115146518,13.563174115146518,0.1292759773662555,-1.5043840044435284,0.6771196049262017,11.791666666666666,351.353,339.257,351.06531766399996,124.0,0.2223680384685739,-0.4967677869569743,0.4967677869569743,0.2223680384685739,1.0833333333333333,1.7083333333333333,2.25,32.13719878880872,10.16929124540389,2.1591392028249237,-2.079006752851821,2.2571747230724295,-1.9915279084488755,7.03686823411359,0.4146108198431777,3.0348908328746513,2.1945698713254935,924.9417562758488,17.26722023457211,12.756132401593035,13.572628982520763,11.528407103102722,6.857332803951646,7.6307294660856195,4.7791555869085105,5.6920265160837875,3.309444117454906,4.3129341599162805,2.1284063922560708,2.9441695416542957,-2.609999999999999,366809.04562456184,16.254918356525348,6.481992023824693,2.9198991398256338,139.21167039240922,4.736862953800049,5.749511833283905,23.27606702113761,4.801402653462074,0.0,0.0,4.992404732635668,17.127906251285054,4.983978520947208,0.0,0.0,35.79795488541312,24.743857611297404,12.797183815961096,17.908108096824506,11.532486611566677,0.0,8.940639629207805,4.992404732635668,0.0,14.157469523954724,58.65126758736942,22.82475409766439,9.538265607262122,13.17124514302446,5.749511833283905,11.532486611566677,23.09810915316253,0.0,17.45166252313768,0.0,41.390607143405326,0.0,17.075242264380485,39.41,17.45166252313768,13.17124514302446,0.0,5.687386274683562,21.9387704764429,23.665220748489897,3.956661108260597,38.42293779780116,0.0,9.976383253582876,4.736862953800049,46.9299539009556,1.0925072961283275,8.76943738452171,0.0,0.8302864648946005,-2.9241981650838076,8.854625010498026,0.0,0.0,3.1140547747522023,0.125,24.0,0.0,4.0,0.0,0.0,0.0,2.0,1.0,3.0,4.0,0.0,8.0,3.0,0.0,0.0,0.0,3.0,3.5572000000000026,84.79000000000002,0.0,0.0,0.0,0.0,0.0,2.0,0.0,0.0,0.0,0.0,0.0,0.0,0.0,0.0,0.0,3.0,0.0,0.0,0.0,0.0,0.0,0.0,0.0,0.0,0.0,0.0,0.0,0.0,0.0,0.0,2.0,0.0,0.0,0.0,1.0,0.0,0.0,3.0,0.0,0.0,0.0,0.0,0.0,0.0,0.0,1.0,0.0,0.0,0.0,0.0,0.0,0.0,0.0,0.0,0.0,0.0,0.0,0.0,0.0,0.0,0.0,0.0,0.0,0.0,0.0,0.0,0.0,0.0,0.0,0.0,chembl_mpro_simfilter_potent,CHEMBL4523582,0.859375
25739080,CHEMBL5441490,CC(C)[C@@H](Nc1ncnc2n[nH]cc12)c1ccc2c(c1)S(=O)(=O)CCC2,815.0,nM,=,6.09,CHEMBL5441457,"Functional biochemical assay to identify treatments for viral infectious disease that targets SARS-COV-2 nsp3 macrodomain, whereby the mechanism of action displaces an ADP-Ribose modified peptide from the binding site. Utilizing a time-resolved fluorescence method to measure binding by reading the emitted fluorescence intensity in two wavelengths. This assay is characterized the relative potency of inhibitors as IC50, it is modified from https://doi.org/10.1126/sciadv.abf8711, and has been performed by Weizmann Institute of Science.",0.000812830516164,12.462681782436473,12.462681782436473,0.078308767951625,-3.1907519473838915,0.7312707440626223,17.192307692307693,371.4660000000002,350.29800000000006,371.141595912,136.0,0.1855891570998876,-0.3622949409730038,0.3622949409730038,0.1855891570998876,1.2307692307692308,2.076923076923077,2.8846153846153846,32.227873694458445,9.940525442977432,2.2598905145868415,-2.254916469415203,2.325672146297882,-2.20477677397251,7.911054693926572,0.5423525422821993,3.0841752755292617,1.7494528634517486,1058.3836307452673,18.311190308942123,14.72915788577849,15.545654466706216,12.4543269253365,8.721279256052012,10.373544482372168,7.000408979006892,9.077979427305332,4.845679776137857,6.721973207351473,3.4866854286243103,5.116192203486523,-2.4799999999999995,1146819.7344528006,16.96004695508555,6.352052030416042,2.9396665116394955,151.73074400219642,5.316788604006331,12.14518285259957,15.484430357185229,0.0,0.0,0.0,5.098681808301038,18.385754026223353,5.098681808301038,0.0,25.980208536304467,35.95281934386901,6.196843571613076,22.076402125877323,8.417796984328938,26.688517349485053,0.0,20.16532065849649,5.917906046161393,37.62644194989901,11.06964221075312,41.85016783515644,0.0,5.316788604006331,5.817862777835028,0.0,0.0,34.33597124957222,16.25807475934351,5.917906046161393,37.43703983484921,35.61874832728022,0.0,11.033401435232523,100.63,9.837253136417502,8.417796984328938,0.0,17.712600482056143,22.78134509704654,22.933948820784796,6.3273200747645415,6.196843571613076,18.19910120538483,39.32958366188407,0.0,24.925363564872946,0.0,8.94978629065773,11.14681143672779,2.457661319093499,1.142971532736143,5.719507590073066,4.738787999818844,4.193195546737213,-3.1907519473838915,0.3888888888888889,26.0,2.0,7.0,0.0,1.0,1.0,1.0,2.0,3.0,6.0,2.0,8.0,4.0,0.0,0.0,0.0,4.0,2.8820000000000014,99.70120000000004,0.0,0.0,0.0,0.0,0.0,4.0,1.0,0.0,0.0,0.0,0.0,0.0,0.0,0.0,0.0,3.0,2.0,0.0,0.0,0.0,1.0,0.0,0.0,0.0,0.0,0.0,0.0,1.0,1.0,0.0,1.0,2.0,0.0,0.0,0.0,0.0,0.0,0.0,0.0,0.0,0.0,0.0,0.0,0.0,0.0,0.0,0.0,0.0,0.0,0.0,0.0,0.0,0.0,0.0,0.0,0.0,0.0,0.0,0.0,0.0,0.0,0.0,0.0,1.0,0.0,0.0,0.0,0.0,0.0,0.0,chembl_mpro_simfilter_potent,CHEMBL4523582,0.859375
24708034,CHEMBL5173688,COC(=O)c1ccc(-c2cccc([C@@H](C)NC(=O)c3cc(NC4CNC4)ccc3C)c2)s1,810.0,nM,=,6.09,CHEMBL5109230,Inhibition of SARS-CoV-2 PLpro,0.000812830516164,13.036494986376912,13.036494986376912,0.097325357956671,-0.3345395031718128,0.4665614273099618,14.34375,449.57600000000014,422.3600000000002,449.1773127240001,166.0,0.3475409881737643,-0.4648289875383886,0.4648289875383886,0.3475409881737643,1.125,1.9375,2.65625,32.133561575268885,10.022058204890945,2.185468577115252,-2.288629530136906,2.301586008035704,-2.510008408366944,7.1685755379036,0.0605813619826458,3.2681816412529385,1.4783228821946055,1136.9657440737112,22.66456146007064,18.398059685314436,19.214556266242163,15.439892043425118,10.615932730993324,11.432429311921052,8.00530073180642,9.089077688293246,5.645783365113122,6.7601442247786565,3.6051825501338026,4.525756369066709,-3.1599999999999993,17253825.72502408,22.048934117825304,9.544320970733622,4.8416023749903285,191.5507786584953,20.68722876581904,4.877147193701299,0.0,0.0,5.907179729351506,5.969305287951848,4.794537184071822,4.794537184071822,0.0,11.336785877934735,24.26546827384644,60.869664216780286,29.21749777190701,19.193479199573456,14.325937321943693,28.90065716992165,0.0,10.633577208012662,0.0,25.93115605767717,25.516098957109016,76.16480528494678,10.440598685398296,15.950365812018994,5.687386274683562,0.0,11.336785877934735,38.117636199554,4.736862953800049,6.923737199690624,44.12215406577452,54.59730361615449,0.0,10.440598685398296,79.46,0.0,9.589074368143644,0.0,17.918325846451314,16.482439514546257,40.344400755300995,18.446583419212267,6.06636706846161,62.37841094707412,15.950365812018994,4.736862953800049,4.798362460796683,1.3914440914339972,26.333051432266984,9.811224495544163,4.5680659820622305,-0.4318648611284839,17.848803655744653,0.0,5.80122544167947,1.3796873016003075,0.28,32.0,3.0,6.0,0.0,1.0,1.0,2.0,1.0,3.0,6.0,3.0,7.0,7.0,0.0,1.0,1.0,4.0,4.384820000000002,128.43510000000003,0.0,0.0,0.0,0.0,0.0,0.0,0.0,0.0,0.0,0.0,2.0,2.0,0.0,0.0,0.0,0.0,3.0,0.0,0.0,0.0,0.0,0.0,0.0,0.0,0.0,1.0,0.0,1.0,1.0,0.0,2.0,0.0,0.0,1.0,1.0,0.0,0.0,0.0,0.0,0.0,0.0,0.0,0.0,0.0,0.0,1.0,0.0,0.0,0.0,0.0,0.0,0.0,0.0,0.0,0.0,0.0,0.0,0.0,0.0,0.0,0.0,0.0,0.0,0.0,0.0,0.0,0.0,1.0,0.0,0.0,chembl_mpro_simfilter_potent,CHEMBL4523582,0.859375
26014176,CHEMBL5592435,Cc1ccc(NC2CNC2)cc1C(=O)N[C@H](C)c1cccc(-c2ccc(CNC(=O)C3CCOCC3)s2)c1,820.0,nM,=,6.09,CHEMBL5578428,Inhibition of N-terminal his-tagged SARS CoV-2 PL protease (1564 to 1878 residues) expressed in BL21 (DE3) cells using Z-RLRGG-AMC as substrate preincubated for 10 mins followed by substrate addition and measured for 15 mins by fluorescence based analysis,0.000812830516164,13.179669158035786,13.179669158035786,0.0547545367392592,-0.1458416157532671,0.3223537220980181,16.894736842105264,532.7100000000004,496.4220000000004,532.250812012,200.0,0.2515960963969782,-0.3813998832388512,0.3813998832388512,0.2515960963969782,1.0789473684210529,1.894736842105263,2.6578947368421053,32.13356159596545,9.994350274062704,2.215166799460137,-2.288630096946172,2.301709531021535,-2.510008427064033,7.150358936249872,-0.127505555937218,3.396508671441684,1.2015404111813068,1280.007284283182,26.484552416379547,22.010943860436793,22.82744044136452,18.45753013363016,13.39318906119624,14.209685642123969,10.22023147127369,11.388559417123396,7.343800731963134,8.47810798694085,4.808265107602347,5.7520553427411665,-3.199999999999999,441945842.01390886,26.40883196939101,12.10886035484043,6.433972424174241,227.9195202605571,26.004017369825373,0.0,0.0,5.907179729351506,5.907179729351506,0.0,9.589074368143644,0.0,0.0,11.336785877934735,24.26546827384644,73.7113074626323,53.226314940795525,18.628438064208495,14.325937321943693,28.838531611321308,0.0,15.950365812018994,5.917906046161393,45.31755570944176,31.62006534485732,76.1648052849468,10.440598685398296,21.267154416025324,5.687386274683562,0.0,11.336785877934735,44.15947702870195,16.076156543784446,12.841643245852016,52.16926012755472,54.59730361615449,0.0,10.440598685398296,91.49,0.0,9.589074368143644,0.0,23.77410633401237,31.36381265578337,58.06319119485431,0.0,11.336785877934735,44.179309741689295,45.532622689871765,4.736862953800049,5.357556596674627,1.6825289574791806,27.897549347939886,12.993038504258836,4.767852028971973,0.0972377122415391,18.710117560418215,1.5895057874579102,7.737946837891167,0.0,0.4,38.0,4.0,7.0,0.0,2.0,2.0,2.0,1.0,3.0,6.0,4.0,8.0,9.0,0.0,2.0,2.0,5.0,4.641020000000004,152.4852999999998,0.0,0.0,0.0,0.0,0.0,0.0,0.0,0.0,0.0,0.0,2.0,2.0,0.0,0.0,0.0,0.0,4.0,0.0,0.0,0.0,0.0,0.0,0.0,0.0,0.0,2.0,0.0,1.0,1.0,0.0,2.0,0.0,0.0,0.0,1.0,0.0,0.0,0.0,0.0,0.0,0.0,0.0,0.0,0.0,0.0,0.0,0.0,0.0,0.0,0.0,0.0,0.0,0.0,0.0,0.0,0.0,0.0,0.0,0.0,0.0,0.0,0.0,0.0,0.0,0.0,0.0,0.0,1.0,0.0,0.0,chembl_mpro_simfilter_potent,CHEMBL4523582,0.859375
19964297,CHEMBL2107818,COc1cccc2c1C(=O)c1c(O)c3c(c(O)c1C2=O)C[C@@](O)(/C(CO)=N/NC(=O)CCCCCN1C(=O)C=CC1=O)C[C@@H]3O[C@H]1C[C@H](N)[C@H](O)[C@H](C)O1,580.0,nM,=,6.24,CHEMBL4495583,SARS-CoV-2 3CL-Pro protease inhibition IC50 determined by FRET kind of response from peptide substrate,0.0005754399373371,13.952829393530433,13.952829393530433,0.0120469333491637,-2.1612542030897473,0.0434254460200931,26.444444444444443,750.7580000000003,708.4220000000001,750.2748374040001,288.0,0.253112100454278,-0.5068479639086595,0.5068479639086595,0.253112100454278,1.0555555555555556,1.7592592592592593,2.425925925925926,16.693391154229897,9.713450851471617,2.493723385329663,-2.4256433105942325,2.523118834782169,-2.527100715418264,6.311081851535316,-0.2454462668928328,3.4565743929665005,1.29042876534623,1931.4007204366897,39.05938449552652,29.611295483975415,29.611295483975415,25.69863406506691,17.544941975989857,17.544941975989857,13.802340639181404,13.802340639181404,10.331241888409116,10.331241888409116,7.466588884829458,7.466588884829458,-5.040000000000001,626225170651.6927,38.677275680143055,15.367310420888089,7.009486719468301,308.5335825458137,45.47689331276586,22.84958631083541,12.073271675700152,11.690424675716445,11.814359458703011,0.0,28.872595651209583,5.425791397110385,5.101407525739722,0.0,18.553555759849232,25.831747514004253,67.11227841552332,54.43061814689704,63.71591175596278,34.9997140835551,0.0,10.325701127960862,10.835075002901906,88.11430609288445,20.26143591170303,63.73185036923456,17.248535499851716,15.89632182807262,0.0,17.248535499851716,0.0,115.8345478452756,30.27815908274157,0.0,94.5224166433206,35.45254894479231,0.0,0.0,267.84000000000003,107.6072984738229,49.50532289456263,0.0,53.10140245460718,19.26246486877803,4.899909730850477,37.460938960330125,6.923737199690624,0.0,10.527198922850108,19.944256338562333,17.40287052400584,0.0,65.08090443496611,60.478985317634155,4.461862094382993,-4.248113514764386,3.5728065331927388,-1.5583677248145826,0.9101306839127056,1.31558831815109,0.4594594594594595,54.0,8.0,17.0,2.0,2.0,4.0,2.0,0.0,2.0,15.0,7.0,17.0,12.0,0.0,1.0,1.0,6.0,0.3898000000000018,186.65309999999968,0.0,3.0,2.0,0.0,0.0,0.0,0.0,2.0,0.0,0.0,5.0,5.0,0.0,0.0,0.0,2.0,1.0,1.0,0.0,0.0,0.0,0.0,0.0,0.0,0.0,3.0,0.0,0.0,0.0,0.0,2.0,3.0,0.0,0.0,3.0,0.0,0.0,0.0,0.0,1.0,0.0,1.0,2.0,0.0,0.0,1.0,0.0,0.0,0.0,0.0,0.0,0.0,0.0,0.0,2.0,2.0,0.0,0.0,0.0,0.0,0.0,0.0,0.0,0.0,0.0,0.0,0.0,0.0,2.0,0.0,chembl_mpro_simfilter_potent,CHEMBL4523582,0.859375
24819067,CHEMBL5201129,COc1cc(CNC(=O)C2CCN(C(C)c3cccc4ccccc34)CC2)ccn1,810.0,nM,=,6.09,CHEMBL5139888,Inhibition of SARS-CoV-2 papain-like protease (1563 to 1878 residues) expressed in Escherichia coli Rosetta (DE3) using Ub-Rhodamine110Gly as substrate preincubated for 10 mins followed by substrate addition for 12 mins by enzymatic method,0.000812830516164,12.670712317768142,12.670712317768142,0.073796584992021,0.073796584992021,0.6654964633896395,16.333333333333332,403.5260000000002,374.29400000000015,403.225977168,156.0,0.2229741164641921,-0.4809762591519971,0.4809762591519971,0.2229741164641921,1.1666666666666667,1.9333333333333331,2.7333333333333334,16.472673154236826,9.921723675161994,2.2765354895125847,-2.3578678633117556,2.308035619963427,-2.4085805790854806,5.856542106884111,-0.1263316230329397,2.816354759246866,1.3305708058154646,1006.7061865208092,20.924074484064484,17.67466090813589,17.67466090813589,14.652198343190411,10.63798653286292,10.63798653286292,7.978847409751343,7.978847409751343,6.196653321612265,6.196653321612265,4.365957766942274,4.365957766942274,-2.919999999999999,9395021.514276436,20.35673721140788,9.264269687287662,4.463469468833377,177.61816301204158,10.05365155780638,0.0,0.0,11.787168065786876,0.0,0.0,9.6944469149223,4.983978520947208,0.0,0.0,42.46456947923127,60.820611738152984,30.767713921296615,7.109797541277533,9.53140013787187,16.679628158281098,0.0,15.200676855804016,5.917906046161393,32.351977680603184,20.199310353102685,71.92105017116155,5.879988336435371,10.05365155780638,0.0,5.879988336435371,0.0,35.99037833425187,11.339293589984395,5.917906046161393,36.934124258084594,60.79414718776757,0.0,10.772448428929591,54.46,0.0,4.794537184071822,0.0,11.8250857755129,18.46658557149591,31.49460754937417,16.335899920626588,13.30664111289061,12.13273413692322,64.58898353472591,4.736862953800049,5.14605459237925,0.0,19.273056200356464,5.680048762233228,2.360972034522963,0.782800029323037,19.194715548035852,3.480845911051123,4.653214539119259,1.5949590496454915,0.36,30.0,1.0,5.0,0.0,1.0,1.0,2.0,1.0,3.0,4.0,1.0,5.0,6.0,0.0,1.0,1.0,4.0,4.332800000000003,119.29570000000004,0.0,0.0,0.0,0.0,0.0,1.0,0.0,0.0,0.0,0.0,1.0,1.0,0.0,0.0,0.0,2.0,1.0,0.0,0.0,1.0,0.0,0.0,0.0,0.0,0.0,1.0,0.0,0.0,0.0,0.0,2.0,1.0,0.0,0.0,1.0,0.0,0.0,0.0,0.0,0.0,0.0,0.0,0.0,0.0,0.0,1.0,0.0,0.0,0.0,0.0,0.0,0.0,0.0,0.0,0.0,0.0,1.0,0.0,0.0,1.0,0.0,0.0,0.0,0.0,0.0,0.0,0.0,0.0,0.0,0.0,chembl_mpro_simfilter_potent,CHEMBL4523582,0.859375
24708085,CHEMBL5176085,C[C@H](c1cccc2ccccc12)N(C)Cc1ccc(O)cc1Cl,800.0,nM,=,6.1,CHEMBL5109237,Inhibition of C-terminal His-tagged SARS-CoV-2 PLpro BetaCoV/Wuhan/WIV04/2019 strain (1564 to 1876 residues) expressed in Escherichia coli BL21(DE3) using FRET substrate measured after 3 hrs by enzymatic assay,0.0007943282347242,9.479138102984118,9.479138102984118,0.1976897552970788,0.1976897552970788,0.6946402124789962,12.695652173913045,325.83899999999994,305.679,325.12334194,118.0,0.1165839784508564,-0.5079110185597793,0.5079110185597793,0.1165839784508564,1.0434782608695652,1.7826086956521738,2.5652173913043477,35.49569173137599,9.984229476890995,2.1530846629713705,-2.263698191541018,2.295805364570086,-2.218673424380807,6.310374705811455,0.2542170213398963,2.5583737849085777,1.8770852059109489,825.489551101201,16.396976746569035,13.330351406281578,14.086280352300031,11.058550648063802,7.713209156654767,8.091173629663995,5.935176362335347,6.342376489075953,4.391005681075936,4.74285419226814,2.922279405912781,3.15682399769667,-2.0299999999999994,190189.5071701037,15.850120556255447,6.61111683593204,3.3355026332641766,141.4872639641637,5.106527394840706,5.749511833283905,0.0,0.0,0.0,0.0,4.899909730850477,0.0,0.0,0.0,60.1318764379254,48.003494731614616,17.60923054880186,0.0,5.106527394840706,22.373388319162107,0.0,4.899909730850477,0.0,19.51033443475116,7.04767198267719,76.81320698175142,5.749511833283905,0.0,0.0,5.749511833283905,11.600939890232516,17.054109108368372,6.544756405912575,0.0,24.092481012232575,60.6636706846161,5.022633313741326,10.772448428929591,23.47,0.0,5.106527394840706,0.0,11.791352662431866,5.022633313741326,12.10820789760957,16.335899920626588,12.13273413692322,6.06636706846161,61.335888392449554,11.600939890232516,0.0,6.232683667309388,2.2639229024943313,12.618988678617225,2.3190316095574035,0.1976897552970788,20.28909455767444,0.0,2.9301503054925675,2.092882968002016,0.2,23.0,1.0,2.0,0.0,0.0,0.0,3.0,0.0,3.0,2.0,1.0,3.0,4.0,0.0,0.0,0.0,3.0,5.391800000000004,96.94680000000004,0.0,0.0,0.0,0.0,0.0,0.0,0.0,1.0,0.0,0.0,0.0,0.0,0.0,0.0,0.0,1.0,0.0,0.0,0.0,0.0,0.0,0.0,0.0,0.0,0.0,0.0,0.0,0.0,0.0,0.0,3.0,1.0,0.0,0.0,0.0,0.0,0.0,1.0,0.0,0.0,0.0,0.0,0.0,0.0,0.0,0.0,0.0,0.0,0.0,0.0,0.0,0.0,0.0,0.0,1.0,1.0,0.0,0.0,0.0,0.0,0.0,0.0,0.0,0.0,0.0,0.0,0.0,0.0,0.0,0.0,chembl_mpro_simfilter_potent,CHEMBL4523582,0.859375
25516665,CHEMBL5198323,NC(=S)N/N=C/c1ccc(Cc2ccccc2)o1,1550.0,nM,=,5.81,CHEMBL5336388,Inhibition of SARA-CoV-2 Main protease using Dabcyl-KTSAVLQSGFRKM-E(Edans)-NH2 as substrate by FRET assay,0.0015488166189124,5.595988284202569,5.595988284202569,0.1271436555568053,0.1271436555568053,0.5008390405368578,10.666666666666666,259.334,246.22999999999996,259.077933036,92.0,0.183803456303887,-0.4596878495275718,0.4596878495275718,0.183803456303887,1.2777777777777777,2.0555555555555554,2.7777777777777777,32.092046250689656,10.124703029424223,2.0081165745165444,-1.9641250638078993,2.114188407447417,-2.2344176050433213,7.797401485850402,0.514411974172564,2.775389307347921,1.98021546123758,548.3738167293923,12.794682450997078,9.666969380320866,10.483465961248593,8.737183443017882,5.450002378615027,5.858250669078889,3.7007054894219857,4.140531895049432,2.2701503550920137,2.361437448009541,1.515452238188174,1.568156865857647,-2.1399999999999997,17662.577551962167,12.320424203791184,5.973721268757601,3.708881168170071,110.4916445667484,10.150818414215532,11.520494837748885,5.112436884724758,0.0,0.0,0.0,5.425791397110385,0.0,5.101407525739722,0.0,30.33183534230805,29.91405907166691,6.4208216229260096,6.2146005795353165,4.417150937053347,23.54491090730677,0.0,5.425791397110385,10.835075002901906,6.4208216229260096,0.0,59.548515808677145,0.0,11.15945887427257,0.0,0.0,12.217873443046695,11.327037464260076,6.4208216229260096,0.0,17.08394632944588,51.98312794202434,0.0,0.0,63.55,0.0,0.0,0.0,5.112436884724758,5.7602474188744415,12.181069041800452,11.778052071232311,0.0,30.33183534230805,34.87780650282002,10.150818414215532,5.595988284202569,4.625162042448021,0.0,3.953675527564868,8.916752891715221,1.544126039304611,13.900939231939482,2.296689316158562,0.0,0.0,0.0769230769230769,18.0,3.0,4.0,0.0,0.0,0.0,1.0,1.0,2.0,3.0,2.0,5.0,4.0,0.0,0.0,0.0,2.0,2.0375,75.47110000000004,0.0,0.0,0.0,0.0,0.0,0.0,0.0,0.0,0.0,0.0,0.0,0.0,1.0,0.0,0.0,1.0,1.0,1.0,0.0,0.0,0.0,0.0,0.0,0.0,0.0,0.0,0.0,0.0,0.0,0.0,1.0,0.0,0.0,0.0,0.0,1.0,0.0,0.0,0.0,1.0,0.0,0.0,0.0,0.0,0.0,0.0,0.0,0.0,0.0,0.0,0.0,0.0,0.0,0.0,0.0,0.0,0.0,0.0,0.0,0.0,0.0,0.0,0.0,0.0,0.0,0.0,0.0,0.0,0.0,0.0,chembl_mpro_simfilter_potent,CHEMBL4523582,0.859375
26014200,CHEMBL5583810,Cc1ccc(OC2CNC2)cc1C(=O)N[C@H](C)c1cccc(-c2ncc(CNC3CCCC3)o2)c1,1390.0,nM,=,5.86,CHEMBL5578428,Inhibition of N-terminal his-tagged SARS CoV-2 PL protease (1564 to 1878 residues) expressed in BL21 (DE3) cells using Z-RLRGG-AMC as substrate preincubated for 10 mins followed by substrate addition and measured for 15 mins by fluorescence based analysis,0.0013803842646028,13.093073363856332,13.093073363856332,0.116681063671018,-0.1798865764166093,0.4225343734609803,17.2,474.6050000000003,440.33300000000025,474.263090948,184.0,0.2516570134593617,-0.4877528937802643,0.4877528937802643,0.2516570134593617,1.2,2.0285714285714285,2.8,16.49362131763328,10.03112416918991,2.2039711126027295,-2.2770349268930823,2.2516627010723216,-2.4985698099417135,5.958676063980062,0.0937189322084068,3.530437618861145,1.2293028013268723,1164.5140158864083,24.200095366003374,20.472558896283264,20.472558896283264,17.0468465311072,12.622663137376312,12.622663137376312,9.68945557887031,9.68945557887031,6.955310780731913,6.955310780731913,4.653342972327118,4.653342972327118,-3.1599999999999993,119105713.75568372,23.575765106823976,10.6243146236848,5.741587649490141,206.21680783712057,25.104379702872382,17.61372563990665,0.0,5.890723922025908,5.907179729351506,0.0,4.794537184071822,4.983978520947208,0.0,0.0,31.04074445123685,62.0814889024737,30.258256624367103,18.783440806673617,13.948551074925216,5.907179729351506,0.0,20.9343443329662,0.0,64.26316534304209,13.08951281182515,71.11201494480979,17.20368724700681,20.68722876581904,0.0,5.749511833283905,0.0,36.12647827902013,6.544756405912575,6.923737199690624,65.89400359857989,53.0785639878977,0.0,11.454175413722904,88.42,0.0,4.794537184071822,0.0,18.05298694624777,24.04077264878344,41.28962653907448,25.68328649170404,6.196843571613076,56.31204387861251,20.9343443329662,9.154013890853395,11.944082830210686,0.0,17.577968441493738,9.88203573828435,3.4376281168602567,2.047863910500674,14.090411988053177,7.051031865410232,6.302310442520225,0.0,0.4285714285714285,35.0,3.0,7.0,1.0,1.0,2.0,2.0,1.0,3.0,6.0,3.0,7.0,9.0,1.0,1.0,2.0,5.0,4.523820000000003,135.38059999999996,0.0,0.0,0.0,0.0,0.0,1.0,0.0,0.0,0.0,0.0,1.0,1.0,0.0,0.0,0.0,1.0,3.0,0.0,0.0,0.0,0.0,0.0,0.0,0.0,0.0,1.0,0.0,0.0,1.0,0.0,2.0,0.0,0.0,0.0,1.0,0.0,0.0,0.0,0.0,0.0,0.0,0.0,0.0,0.0,0.0,0.0,0.0,0.0,0.0,0.0,0.0,1.0,0.0,0.0,0.0,0.0,0.0,0.0,0.0,0.0,0.0,0.0,0.0,0.0,0.0,0.0,0.0,0.0,0.0,0.0,chembl_mpro_simfilter_potent,CHEMBL4523582,0.859375
26120795,CHEMBL5619680,CC(C)c1cc(=O)oc2ccc(OC(=O)c3ccc(NC(=N)N)cc3)cc12,4.42,nM,=,8.36,CHEMBL5615193,Inhibition of SARS-CoV-2 recombinant RdRp preincubated with enzyme for 15 mins followed by single stranded polyribonucleotide template and NTPs addition and measured after 2 hrs by fluorescence spectrometric analysis,4.365158322401665e-06,12.373573449441505,12.373573449441505,0.1146962408672922,-0.5211058096077943,0.214220109384498,10.77777777777778,365.38900000000007,346.2370000000001,365.1375560880001,138.0,0.3430245384532974,-0.4229125695668424,0.4229125695668424,0.3430245384532974,1.148148148148148,1.851851851851852,2.4814814814814814,16.536070044879732,9.995029088557605,2.129097718976424,-2.1041039141389266,2.275224853201424,-2.199538266176798,5.9362522920572784,0.0734725118635839,2.6086926997518556,1.86340544914454,1068.7721529178782,19.55167728494828,14.906495853751714,14.906495853751714,12.829407595892896,8.343547024908597,8.343547024908597,6.33898826064749,6.33898826064749,3.978102065356283,3.978102065356283,2.7185098172116837,2.7185098172116837,-3.61,984656.2769067374,18.18917524506629,7.327650253527848,4.144910217110327,154.81138256276824,20.20446997202191,11.332531974926148,5.959554568743835,0.0,0.0,11.594891607029837,5.409283605791522,9.589074368143644,0.0,0.0,13.847474399381248,53.94592701708966,17.139977557609967,5.563451491696996,13.948551074925216,28.585490487486283,5.409283605791522,0.0,5.733667477162185,19.76538044554264,5.316788604006331,70.07796303423669,5.749511833283905,21.41290535404655,5.687386274683562,5.749511833283905,0.0,11.928859856695684,0.0,5.409283605791522,35.68682061300845,57.742624668818046,0.0,10.969244356107035,118.40999999999998,11.594891607029837,9.589074368143644,0.0,11.877460614905228,22.583369741306704,10.949675706161791,6.06636706846161,42.46456947923127,13.847474399381248,5.316788604006331,20.296964973807103,10.659789008983148,0.0,24.046122836914112,10.560227821667423,7.093625974756947,-0.2367018583135107,12.758819509122125,0.0,3.9514500402030928,0.0,0.15,27.0,4.0,7.0,0.0,0.0,0.0,2.0,1.0,3.0,5.0,3.0,7.0,4.0,0.0,0.0,0.0,3.0,3.44097,103.51030000000002,0.0,0.0,0.0,0.0,0.0,0.0,0.0,0.0,0.0,0.0,1.0,1.0,0.0,0.0,0.0,0.0,2.0,1.0,0.0,0.0,0.0,0.0,0.0,0.0,0.0,0.0,0.0,1.0,0.0,0.0,2.0,1.0,0.0,1.0,1.0,0.0,1.0,0.0,0.0,0.0,0.0,0.0,0.0,0.0,0.0,0.0,0.0,0.0,0.0,0.0,0.0,0.0,0.0,0.0,0.0,0.0,0.0,0.0,0.0,0.0,0.0,0.0,0.0,0.0,0.0,0.0,0.0,0.0,0.0,0.0,chembl_mpro_simfilter_potent,CHEMBL4523582,0.859375
24708108,CHEMBL5171052,C[C@H](c1cccc2ccccc12)N1CCC(C(=O)NCC2CCN(C)CC2)CC1,2160.0,nM,=,5.67,CHEMBL5109240,Inhibition of full-length SARS-CoV-2 PLpro expressed in Escherichia coli BL21(DE3) using Ub-Rho as substrate incubated for 5 mins by enzymatic assay,0.0021379620895022,12.686366371056126,12.686366371056126,0.17799230494667,0.17799230494667,0.83170110855729,21.310344827586206,393.5750000000003,358.29500000000013,393.27801274,156.0,0.2227176707507714,-0.3555838839479632,0.3555838839479632,0.2227176707507714,1.0,1.6896551724137931,2.4482758620689653,16.14974032628716,9.916097138704757,2.2835339680606745,-2.361541753380711,2.308643953126395,-2.430884572406114,5.856465010988022,-0.1264279530050392,2.775142257761704,1.288296749168339,814.4332035386961,20.21696770287794,17.940139204038967,17.940139204038967,14.114193540729628,11.29531028088416,11.29531028088416,9.046394810255345,9.046394810255345,7.124618351052076,7.124618351052076,5.015863049209121,5.015863049209121,-1.9099999999999997,5484302.733202866,20.366330529846152,9.27080721819274,4.8125671143792825,174.8065886841814,10.216698334856808,0.0,0.0,5.907179729351506,0.0,0.0,9.6944469149223,0.0,0.0,0.0,42.46456947923127,88.08752726451014,18.50450328122193,0.0,4.794537184071822,16.679628158281098,0.0,15.116608065707286,11.835812092322788,38.64886452054263,39.77145401224006,48.02802097092827,0.0,5.316788604006331,0.0,0.0,0.0,55.47845320329252,4.794537184071822,11.835812092322788,44.212316012239626,42.46456947923127,0.0,10.772448428929591,35.580000000000005,0.0,4.794537184071822,0.0,11.8250857755129,11.959746875309351,45.56542527541489,29.177543166478607,0.0,0.0,71.55258672730636,0.0,0.0,0.0,17.61064963569882,5.914133770076977,1.396544459838076,1.1113394659298064,15.629062860543344,4.34546643266361,7.477103584863135,2.182366457052899,0.56,29.0,1.0,4.0,0.0,2.0,2.0,2.0,0.0,2.0,3.0,1.0,4.0,5.0,0.0,2.0,2.0,4.0,4.070800000000003,119.89070000000008,0.0,0.0,0.0,0.0,0.0,0.0,0.0,0.0,0.0,0.0,1.0,1.0,0.0,0.0,0.0,2.0,1.0,0.0,0.0,2.0,0.0,0.0,0.0,0.0,0.0,1.0,0.0,0.0,0.0,0.0,2.0,1.0,0.0,0.0,0.0,0.0,0.0,0.0,0.0,0.0,0.0,0.0,0.0,0.0,0.0,0.0,0.0,0.0,0.0,0.0,0.0,0.0,0.0,0.0,0.0,0.0,2.0,0.0,0.0,0.0,0.0,0.0,0.0,0.0,0.0,0.0,0.0,0.0,0.0,0.0,chembl_mpro_simfilter_potent,CHEMBL4523582,0.859375
26029829,CHEMBL5593349,Cc1cc(C(=O)NCc2cscn2)ccc1C(=O)N[C@H](C)c1cc(-c2cnn(C)c2)cc(-c2ccns2)c1,3.0,nM,=,8.52,CHEMBL5582206,Inhibition of SARS-CoV-2 papain-like protease using Z-RLRGG-AMC as fluorogenic substrate preincubated for 30 mins followed by substrate addition and measured after 60 mins by plate reader assay,3.0199517204020193e-06,13.243330056604318,13.243330056604318,0.1985625560039339,-0.2580750191269543,0.2735313984539436,11.763157894736842,542.6900000000003,516.4820000000003,542.1558660720001,192.0,0.2515191081909023,-0.3463521183955717,0.3463521183955717,0.2515191081909023,1.0526315789473684,1.894736842105263,2.5789473684210527,32.13746683032989,9.968772332473009,2.1748740176745844,-2.1768212720918747,2.3178825653128774,-2.276452170347978,7.090904989847113,0.0931133394593091,3.7005273680757385,1.335497163898976,1574.8934074719589,26.64768912319608,21.134507824506972,22.76750098636242,18.368213736153116,11.989892965120314,13.706098668836349,9.010368666614086,10.562274066803791,6.210241502363523,7.641132318454997,4.160697735677043,5.299337345781665,-4.1499999999999995,593173007.4343134,25.49750309310373,11.076459998221718,5.711637827278343,228.1054892604552,10.633577208012662,0.0,0.0,0.0,11.814359458703011,0.0,14.270877303288827,9.357518502363655,5.098681808301038,11.336785877934735,0.0,90.09833645696716,41.51177637146024,34.865055268840756,9.589074368143644,34.68363194820442,0.0,29.771580453822537,7.04767198267719,26.434071634441786,0.0,99.89343619979024,21.56750166879229,10.633577208012662,0.0,0.0,22.869272489501412,30.95236270451289,13.592428388589765,6.923737199690624,50.502386358618665,71.94570223815379,0.0,21.56750166879229,101.8,0.0,9.589074368143644,0.0,17.85620028785097,17.671659389306566,38.38833264703474,22.869272489501412,34.588286985760476,44.73526336421211,43.28887872406219,0.0,6.014765278621754,2.9159462841576227,31.0412748693934,12.188923409745286,8.325668500902173,-0.4029706856631316,13.114670682945995,5.584200211507267,4.1635000745844355,1.8873547071385328,0.1785714285714285,38.0,2.0,8.0,0.0,0.0,0.0,2.0,3.0,5.0,7.0,2.0,10.0,8.0,0.0,0.0,0.0,5.0,5.396520000000004,150.09639999999973,0.0,0.0,0.0,0.0,0.0,4.0,0.0,0.0,0.0,0.0,2.0,2.0,0.0,0.0,0.0,4.0,2.0,0.0,0.0,0.0,0.0,0.0,0.0,0.0,0.0,2.0,0.0,0.0,2.0,0.0,2.0,0.0,0.0,0.0,0.0,0.0,0.0,0.0,0.0,0.0,0.0,0.0,0.0,0.0,0.0,0.0,0.0,0.0,0.0,0.0,0.0,0.0,0.0,0.0,0.0,0.0,0.0,0.0,0.0,0.0,0.0,0.0,0.0,0.0,0.0,0.0,1.0,0.0,0.0,0.0,chembl_mpro_simfilter_potent,CHEMBL4523582,0.859375
26029830,CHEMBL5595056,Cc1cc(CNCc2cscn2)ccc1C(=O)N[C@H](C)c1cc(-c2cnn(C)c2)cc(-c2ccns2)c1,3.0,nM,=,8.52,CHEMBL5582206,Inhibition of SARS-CoV-2 papain-like protease using Z-RLRGG-AMC as fluorogenic substrate preincubated for 30 mins followed by substrate addition and measured after 60 mins by plate reader assay,3.0199517204020193e-06,13.246731417148537,13.246731417148537,0.0850893889593382,-0.1855120047236618,0.2542499253858778,11.972972972972974,528.7070000000002,500.48300000000035,528.176601516,188.0,0.2515186869906863,-0.3455095778147263,0.3455095778147263,0.2515186869906863,1.0810810810810811,1.945945945945946,2.6486486486486487,32.137466707982284,9.96897542646525,2.165060715030499,-2.1776126076494657,2.3177974897025244,-2.2709599330223114,7.09089711780371,0.0938984602769068,3.6708190197422255,1.3141317348172514,1491.1697223031915,25.777445635193,20.933366315229655,22.566359477085108,17.95753013363016,11.99287560107493,13.709081304790963,9.050817677251205,10.602723077440912,6.217642556986637,7.648533373078111,4.253526542113603,5.392166152218227,-3.659999999999999,391436468.34618413,25.0090387467155,11.1643123152913,6.016811981674938,223.94396716041143,10.633577208012662,0.0,0.0,0.0,5.907179729351506,0.0,9.476340119217006,9.357518502363655,5.098681808301038,11.336785877934735,12.13273413692322,83.52905381174095,49.03783769158839,28.320298862928176,4.794537184071822,28.776452218852917,0.0,29.771580453822537,7.04767198267719,32.97882804035436,0.0,99.89343619979024,21.56750166879229,10.633577208012662,0.0,0.0,22.869272489501412,25.04518297516138,20.13718479450234,6.923737199690624,45.70784917454685,71.94570223815379,0.0,21.56750166879229,84.73,0.0,4.794537184071822,0.0,11.949020558499466,5.563451491696996,57.04129695055688,11.532486611566677,16.01858881307992,68.57538034636579,49.35524579252379,0.0,6.056465958893863,3.053364828169573,18.62501548095423,12.968487610425557,9.833848455256929,-0.0850893889593382,14.202904966084994,5.66026556861658,5.443776489345012,1.9076266978792733,0.2142857142857142,37.0,2.0,7.0,0.0,0.0,0.0,2.0,3.0,5.0,7.0,2.0,9.0,9.0,0.0,0.0,0.0,5.0,5.756320000000005,149.46989999999974,0.0,0.0,0.0,0.0,0.0,4.0,0.0,0.0,0.0,0.0,1.0,1.0,0.0,0.0,0.0,4.0,2.0,0.0,0.0,0.0,0.0,0.0,0.0,0.0,0.0,1.0,0.0,0.0,2.0,0.0,2.0,0.0,0.0,0.0,0.0,0.0,0.0,0.0,0.0,0.0,0.0,0.0,0.0,0.0,0.0,0.0,0.0,0.0,0.0,0.0,0.0,0.0,0.0,0.0,0.0,0.0,0.0,0.0,0.0,0.0,0.0,0.0,0.0,0.0,0.0,0.0,1.0,0.0,0.0,0.0,chembl_mpro_simfilter_potent,CHEMBL4523582,0.859375
25921798,CHEMBL5570100,Cc1ccc(NC2CCNCC2)cc1CN(C)[C@H](C)c1cccc2ccccc12,2500.0,nM,=,5.6,CHEMBL5528733,Inhibition of C-terminal His-tagged SARS-CoV-2 BetaCoV/Wuhan/WIV04/2019 PLpro expressed in Escherichia coli BL21 (DE3) cells preincubated for 30 mins followed by substrate addition and measured after 1 hrs by FRET assay,0.0025118864315095,3.7482878716735137,3.7482878716735137,0.3486427492127347,0.3486427492127347,0.5842781995434674,16.275862068965516,387.5710000000001,354.3070000000002,387.267448056,152.0,0.0345264461752899,-0.382206507950488,0.382206507950488,0.0345264461752899,1.0344827586206895,1.793103448275862,2.6206896551724137,15.1178956672793,9.978753179493886,2.165640133184152,-2.27904237736906,2.2893404473668757,-2.348854208216612,5.855704374742109,0.253800833040656,2.755915906163271,1.5070972836106629,953.8295967576628,20.21696770287794,17.91095073170821,17.91095073170821,14.11419354072963,10.862898619109265,10.862898619109265,8.469338939953218,8.469338939953218,6.413432854599366,6.413432854599366,4.391381491893613,4.391381491893613,-2.359999999999999,5282980.555478744,19.934890917733448,8.977966615636891,4.62848352947804,174.67330988515246,10.633577208012662,0.0,0.0,0.0,0.0,0.0,4.899909730850477,0.0,0.0,0.0,48.53093654769288,86.4218394806794,24.31582433889206,0.0,0.0,16.459834703613154,0.0,10.216698334856808,0.0,45.31755570944176,25.453973398508673,77.3540251597071,0.0,10.633577208012662,5.687386274683562,0.0,0.0,31.07893535450078,6.544756405912575,6.923737199690624,42.49757574978159,60.6636706846161,0.0,10.772448428929591,27.299999999999997,0.0,0.0,0.0,0.0,12.08368165829592,19.634269217737724,45.991832424556165,0.0,0.0,97.0923040055377,0.0,0.0,0.0,2.4567613063744016,9.857862266766688,5.409540658856136,0.0,23.112298693795267,2.391325503865325,7.703970722885975,2.2349075141228822,0.3846153846153846,29.0,2.0,3.0,0.0,1.0,1.0,3.0,0.0,3.0,3.0,2.0,3.0,6.0,0.0,1.0,1.0,4.0,5.505120000000005,124.52340000000004,0.0,0.0,0.0,0.0,0.0,0.0,0.0,0.0,0.0,0.0,0.0,0.0,0.0,0.0,0.0,1.0,2.0,0.0,0.0,0.0,0.0,0.0,0.0,0.0,0.0,0.0,0.0,1.0,1.0,0.0,3.0,1.0,0.0,0.0,0.0,0.0,0.0,0.0,0.0,0.0,0.0,0.0,0.0,0.0,0.0,0.0,0.0,0.0,0.0,0.0,0.0,0.0,0.0,0.0,0.0,0.0,1.0,0.0,0.0,0.0,0.0,0.0,0.0,0.0,0.0,0.0,0.0,0.0,0.0,0.0,chembl_mpro_simfilter_potent,CHEMBL4523582,0.859375
25848668,CHEMBL449782,COc1ccc2cc1Oc1ccc(cc1)C[C@H]1c3c(cc4c(c3Oc3cc5c(cc3OC)CCN(C)[C@@H]5C2)OCO4)CCN1C,100.0,nM,=,7.0,CHEMBL5506269,Inhibition of SARS CoV-2 main protease,0.0001,7.004641072478374,7.004641072478374,0.0723902652582297,0.0723902652582297,0.2450280026801634,20.35555555555555,606.7190000000002,568.4150000000002,606.2729869359999,232.0,0.2310174224695517,-0.4928449571006343,0.4928449571006343,0.2310174224695517,0.6444444444444445,1.3555555555555556,2.155555555555555,16.702259837778836,9.869514497071718,2.3572041206278924,-2.3682275835458393,2.528841467706231,-2.337328898504067,5.641259461245482,0.1709136575107766,3.5269268702188277,1.3365735670293435,1770.4304335749712,30.65576081270385,26.22186763236443,26.22186763236443,21.983029481334903,15.669632811318548,15.669632811318548,12.448502824572044,12.448502824572044,9.842447856322613,9.842447856322613,7.326248978547942,7.326248978547942,-4.399999999999999,33597743038.252483,28.099752842313396,11.194290007513152,4.926703955450581,263.52454732817614,28.421177722800294,5.749511833283905,34.49707099970343,12.542454139383732,0.0,0.0,9.799819461700954,0.0,0.0,0.0,18.19910120538483,110.06045739477467,30.73664596181807,14.219595082555069,28.421177722800294,0.0,0.0,9.799819461700954,0.0,37.76696814999996,48.19739416583442,94.04437963479808,45.99609466627124,28.421177722800294,0.0,45.99609466627124,0.0,57.997213627535366,25.68328649170404,0.0,45.46439060847789,60.6636706846161,0.0,0.0,61.86000000000001,0.0,0.0,0.0,18.876623964395748,28.747559166419524,67.1482377867749,22.253805966787983,14.219595082555069,18.19910120538483,66.3597329062866,28.421177722800294,37.14279082632972,0.0,4.82937976727524,0.0,7.251754765455581,5.705579139803805,21.30381539557863,3.4332076866158405,2.0601559935799045,7.773316425361273,0.3513513513513513,45.0,0.0,8.0,0.0,5.0,5.0,4.0,0.0,4.0,8.0,0.0,8.0,2.0,0.0,0.0,0.0,9.0,6.873900000000009,170.7009999999995,0.0,0.0,0.0,0.0,0.0,0.0,0.0,0.0,0.0,0.0,0.0,0.0,0.0,0.0,0.0,2.0,0.0,0.0,2.0,0.0,0.0,0.0,0.0,0.0,0.0,0.0,0.0,0.0,0.0,0.0,4.0,3.0,0.0,0.0,6.0,0.0,0.0,0.0,0.0,0.0,0.0,0.0,0.0,0.0,0.0,2.0,0.0,0.0,0.0,0.0,0.0,0.0,0.0,0.0,0.0,0.0,0.0,0.0,0.0,0.0,0.0,0.0,0.0,0.0,0.0,0.0,0.0,0.0,0.0,0.0,chembl_mpro_simfilter_potent,CHEMBL4523582,0.859375
25051157,CHEMBL4060715,COC(=O)c1ccc(-n2sc3ccccc3c2=O)cc1,360.0,nM,=,6.44,CHEMBL5247339,Inhibition of SARS CoV-2 Main protease using MCA-AVLQSGFR-Lys(DNP)-Lys-NH2 peptide as substrate by fluorescence based analysis,0.0003630780547701,12.285618228772991,12.285618228772991,0.0449832818930038,-0.3886688502561519,0.6802170402549251,10.65,285.324,274.236,285.045964212,100.0,0.3373440449203173,-0.4654175087633282,0.4654175087633282,0.3373440449203173,1.1,1.8,2.45,32.1372008001175,10.181748479908215,2.096332723516294,-2.018488753818914,2.1967419657479077,-2.105287192130207,7.137592690009394,0.0600519951086261,2.8416301461091433,2.092634151342819,830.1959531126142,14.11251969619286,10.699008910872418,11.515505491800145,9.702708600407234,6.003250126962148,6.776646789096121,4.225432307674254,5.212981270806867,3.014472261131205,4.126379964369824,1.9928494609943437,2.9910559597662996,-2.3999999999999995,61163.2472648532,12.62457309454394,4.9388429752066125,2.0173360188308385,118.5477082425826,4.736862953800049,0.0,0.0,0.0,5.559266895052007,5.969305287951848,4.794537184071822,8.751198292332418,0.0,0.0,23.665220748489897,36.39820241076966,0.0,28.446779438591985,9.53140013787187,27.58793603045242,0.0,3.956661108260597,0.0,0.0,7.109797541277533,64.4481921185137,5.687386274683562,5.559266895052007,0.0,0.0,11.532486611566677,17.03576393748998,4.736862953800049,0.0,10.357988675768818,53.3254737317647,0.0,15.773530405617455,48.3,0.0,9.589074368143644,0.0,11.528572183003856,10.949675706161791,10.387306191152662,18.64228415284421,28.222129382107035,24.26546827384644,4.736862953800049,0.0,7.20490920790569,1.3849895807088264,23.66651637896001,0.7032818930041154,1.1580381550768466,-0.3886688502561519,14.264254370302352,0.0,0.0,1.3400125976316453,0.0666666666666666,20.0,0.0,4.0,0.0,0.0,0.0,2.0,1.0,3.0,4.0,0.0,5.0,2.0,0.0,0.0,0.0,3.0,2.838800000000001,78.76150000000004,0.0,0.0,0.0,0.0,0.0,1.0,0.0,0.0,0.0,0.0,1.0,1.0,0.0,0.0,0.0,1.0,0.0,0.0,0.0,0.0,0.0,0.0,0.0,0.0,0.0,0.0,0.0,0.0,0.0,0.0,2.0,1.0,0.0,1.0,1.0,0.0,0.0,0.0,0.0,0.0,0.0,0.0,0.0,0.0,0.0,1.0,0.0,0.0,0.0,0.0,0.0,0.0,0.0,0.0,0.0,0.0,0.0,0.0,0.0,0.0,0.0,0.0,0.0,0.0,0.0,0.0,0.0,0.0,0.0,0.0,chembl_mpro_simfilter_potent,CHEMBL4523582,0.859375
25871843,CHEMBL5562122,O=c1c(O)c(-c2cc(O)c(O)c(O)c2)oc2cc(OCC3CCCC3)cc(O)c12,2450.0,nM,=,5.61,CHEMBL5512981,Inhibition of SARS-CoV-2 3CLp using fluorescent substrate by FRET assay,0.002454708915685,12.573127875027676,12.573127875027676,0.0312254346182914,-0.8813449021583943,0.4187978891520513,14.482758620689657,400.38300000000027,380.2230000000002,400.1158176,152.0,0.2382886045769477,-0.5068904726576892,0.5068904726576892,0.2382886045769477,0.896551724137931,1.5517241379310345,2.206896551724138,16.478883843532785,10.077629217499869,2.2159823263087635,-2.1304080128275205,2.418162212672444,-2.083280930462017,5.8808691676949705,0.2510815326350875,3.198714687604438,1.7985595895915982,1118.601865112017,20.706377823327532,15.38309810077225,15.38309810077225,13.846244348298509,9.257351652422528,9.257351652422528,7.249043647466823,7.249043647466823,5.216422055293852,5.216422055293852,3.6700724521185646,3.6700724521185646,-3.5500000000000003,4494526.802411746,18.796672391053892,7.121721659354759,3.3722436359232955,164.40503630468638,34.686650865056926,22.46826802267485,23.008782918726155,11.178302225184446,0.0,0.0,4.794537184071822,0.0,0.0,0.0,12.84164324585202,30.892283428936633,17.696185628620217,6.606881964512918,34.686650865056926,10.969244356107035,0.0,0.0,5.917906046161393,25.68328649170404,6.606881964512918,34.4887958498188,45.82076991027486,10.16565334570059,0.0,34.49707099970343,0.0,32.13951893871645,0.0,5.917906046161393,25.68328649170404,33.47715639497161,0.0,22.29294326667848,140.59,34.17634955832006,30.327174158275348,0.0,22.29294326667848,18.274299843958214,24.97437738277524,24.97437738277524,0.0,0.0,0.0,9.154013890853395,11.359696484488602,0.0,12.573127875027676,49.22471447534589,-0.9486195544307912,-2.8208853079085987,4.79004430861213,4.502649453982704,0.4859389315490505,0.0,0.2857142857142857,29.0,5.0,8.0,1.0,0.0,1.0,2.0,1.0,3.0,8.0,5.0,8.0,4.0,1.0,0.0,1.0,4.0,3.5570000000000026,103.697,0.0,0.0,0.0,0.0,0.0,0.0,0.0,5.0,0.0,0.0,0.0,0.0,0.0,0.0,0.0,0.0,0.0,0.0,0.0,0.0,0.0,0.0,0.0,0.0,0.0,0.0,0.0,0.0,0.0,0.0,2.0,1.0,0.0,0.0,1.0,0.0,0.0,0.0,0.0,0.0,0.0,0.0,0.0,0.0,0.0,0.0,0.0,0.0,0.0,0.0,0.0,0.0,0.0,0.0,4.0,4.0,0.0,0.0,0.0,0.0,0.0,0.0,0.0,0.0,0.0,0.0,0.0,0.0,0.0,0.0,chembl_mpro_simfilter_potent,CHEMBL4523582,0.859375
25952159,CHEMBL1062,CC(=O)[C@@]1(O)CC[C@H]2[C@@H]3CCC4=CC(=O)CC[C@]4(C)[C@H]3CC[C@@]21C,2470.0,nM,=,5.61,CHEMBL5537358,Inhibition of SARS-CoV-2 MPro using Dabcyl-KTSAVLQSGFRKME-Edans as substrate preincubated for 30 mins followed by substrate addition measured after 15 mins by FRET assay,0.002454708915685,12.218477422107249,12.218477422107249,0.0446119306946322,-1.1228287456958093,0.7945777931739687,50.583333333333336,330.4680000000001,300.228,330.21949481999997,132.0,0.1613453202483019,-0.3815060503343688,0.3815060503343688,0.1613453202483019,1.0833333333333333,1.7916666666666667,2.5,16.300955906463347,9.460176285270917,2.6490885922951297,-2.5841002613065824,2.670652811160764,-2.566023421234528,5.913225781896214,-0.159629972513751,2.8109978063055294,1.6975828976870395,634.995115124503,17.328062645816686,15.22996550267857,15.22996550267857,11.22181621764166,9.69573411761772,9.69573411761772,9.380149131971743,9.380149131971743,8.695990942706548,8.695990942706548,7.153612794012322,7.153612794012322,-0.96,291351.4896301492,16.50531036972541,5.030468577405891,1.880066273261145,144.4424436217441,5.106527394840706,5.601050810983688,11.566489892729878,0.0,0.0,0.0,9.589074368143644,0.0,0.0,0.0,19.42057892945051,81.11421727488755,11.835812092322788,0.0,14.69560176298435,11.566489892729878,0.0,0.0,28.583699077277736,77.73883539346365,0.0,11.649124636903148,0.0,0.0,0.0,0.0,0.0,22.27406809855427,9.589074368143644,28.583699077277736,72.13778458247995,11.649124636903148,0.0,0.0,54.37,5.601050810983688,14.69560176298435,0.0,16.6132258851585,36.37860633070114,38.524929737556064,5.5731045300692665,6.923737199690624,6.076020106833881,13.847474399381248,0.0,0.0,0.0,24.085457861551163,11.139025707887992,0.155297054778702,1.8998392215331708,0.0,9.366465340765936,6.1039148134830405,0.0,0.8095238095238095,24.0,1.0,3.0,4.0,0.0,4.0,0.0,0.0,0.0,3.0,1.0,3.0,1.0,3.0,0.0,3.0,4.0,3.8384000000000023,92.34080000000006,0.0,1.0,0.0,0.0,0.0,0.0,0.0,0.0,0.0,0.0,2.0,2.0,0.0,0.0,0.0,0.0,0.0,0.0,0.0,0.0,0.0,0.0,0.0,0.0,1.0,0.0,0.0,0.0,0.0,0.0,0.0,5.0,0.0,0.0,0.0,0.0,0.0,0.0,0.0,0.0,0.0,0.0,2.0,1.0,0.0,0.0,0.0,0.0,0.0,0.0,0.0,0.0,0.0,0.0,0.0,0.0,0.0,0.0,0.0,0.0,0.0,0.0,0.0,0.0,0.0,0.0,0.0,0.0,0.0,0.0,chembl_mpro_simfilter_potent,CHEMBL4523582,0.859375
26046163,CHEMBL5590271,N#Cc1ccc(C(=O)Oc2cncc(Cl)c2)c(F)c1,47.0,nM,=,7.33,CHEMBL5587484,Inhibition of full-length SARS CoV-2 MPro expressed in Escherichia coli BL21(DE3) using Boc-Abu-Tle-Leu-Gln-AMC as substrate incubated for 10 mins by fluorescence based assay,4.6773514128719816e-05,13.575918192379834,13.575918192379834,0.1122775205761321,-0.8832810531620054,0.79120625835832,9.736842105263158,276.654,270.606,276.010183332,94.0,0.3460796199019449,-0.42114897578914,0.42114897578914,0.3460796199019449,1.368421052631579,2.1578947368421053,2.789473684210526,35.49569133900476,10.129898383132833,2.1454403853128734,-2.04689252519241,2.177240864786739,-2.105615109970902,6.301113901193063,0.0729081218779623,2.379071799172251,2.2338632819836617,682.5837014459074,13.828062645816686,9.430954333083852,10.186883279102307,9.096555450524583,5.12307589604116,5.501040369050387,3.5348095567203575,3.9712453371923417,2.208436113556324,2.415135065969174,1.3604004869916375,1.5242817231271473,-2.4499999999999993,19865.249523088296,12.992853548266655,5.462021270859173,3.0590498525397716,112.57447817612798,4.736862953800049,5.817220841045894,5.749511833283905,0.0,0.0,5.969305287951848,4.983978520947208,9.184952231746642,5.261891554738487,0.0,11.600939890232516,18.19910120538483,12.263210640074686,28.41560118154067,13.92181518554669,17.570245178184365,5.261891554738487,4.983978520947208,0.0,0.0,0.0,58.625912555253805,11.81873314607618,4.736862953800049,4.39041504767482,5.749511833283905,11.600939890232516,10.953283808899055,0.0,17.148333708576654,15.921440167465814,36.6591554170726,5.022633313741326,0.0,62.98,11.786526128997744,9.184952231746642,0.0,16.876414816677897,5.022633313741326,6.06636706846161,30.592788348610984,6.069221312792274,0.0,4.983978520947208,21.59969439877105,18.502726818608103,5.681237985833043,15.464621031659274,8.898353767828427,-0.1412520996052735,-1.591339416939615,6.637517515147234,2.6592455085799243,0.0,0.0,0.0,19.0,0.0,4.0,0.0,0.0,0.0,1.0,1.0,2.0,4.0,0.0,6.0,2.0,0.0,0.0,0.0,2.0,2.9649800000000015,65.32050000000001,0.0,0.0,0.0,0.0,0.0,1.0,0.0,0.0,0.0,0.0,1.0,1.0,0.0,0.0,0.0,2.0,0.0,0.0,0.0,0.0,0.0,0.0,0.0,0.0,0.0,0.0,0.0,0.0,0.0,0.0,1.0,0.0,0.0,1.0,1.0,0.0,0.0,2.0,0.0,0.0,0.0,0.0,0.0,0.0,0.0,0.0,0.0,1.0,0.0,0.0,0.0,0.0,0.0,0.0,0.0,0.0,0.0,0.0,0.0,1.0,0.0,0.0,0.0,0.0,0.0,0.0,0.0,0.0,0.0,0.0,chembl_mpro_simfilter_potent,CHEMBL4523582,0.859375
24708042,CHEMBL5093083,Cc1ccc(N(C)C2CNC2)cc1C(=O)N[C@H](C)c1cccc2ccccc12,2400.0,nM,=,5.62,CHEMBL5109230,Inhibition of SARS-CoV-2 PLpro,0.0023988329190194,13.07155360292265,13.07155360292265,0.0278531273620556,-0.0738724069874867,0.7092067551592769,15.107142857142858,373.5000000000001,346.28400000000016,373.215412484,144.0,0.2515965556826525,-0.3690286100662164,0.3690286100662164,0.2515965556826525,1.1071428571428572,1.8571428571428572,2.607142857142857,16.149374840781956,9.986549559565022,2.228239746395429,-2.369979276698638,2.255528446228557,-2.557014843246656,5.970343238109021,0.093927973234031,2.6589256630986307,1.571771755604863,1004.4078236950634,19.67299762850792,16.69787867861243,16.69787867861243,13.541713895658196,9.87084840548106,9.87084840548106,7.685726444621545,7.685726444621545,5.818165381028087,5.818165381028087,3.812316170430533,3.812316170430533,-2.8499999999999988,2092563.86115597,18.51038540046503,7.64327431720774,3.4774907784383484,166.10494775640302,15.533486938863138,0.0,0.0,0.0,5.907179729351506,0.0,4.794537184071822,0.0,0.0,0.0,48.53093654769288,47.87955994862805,31.3880225608829,12.08368165829592,4.794537184071822,22.36701443296466,0.0,10.633577208012662,0.0,25.93115605767717,25.037094525352817,77.3540251597071,0.0,15.533486938863138,5.687386274683562,0.0,0.0,32.08620535300181,0.0,6.923737199690624,34.4504696880014,60.6636706846161,0.0,10.772448428929591,44.370000000000005,0.0,4.794537184071822,0.0,11.949020558499466,6.041840829147961,35.4672535615997,10.772448428929591,0.0,44.179309741689295,52.912994263848375,0.0,0.0,0.0,15.32239927143697,8.868347832011807,3.9520421938671406,-0.0278531273620556,21.10547613389445,0.0,6.019082917207154,2.093838112277867,0.2916666666666667,28.0,2.0,4.0,0.0,1.0,1.0,3.0,0.0,3.0,3.0,2.0,4.0,5.0,0.0,1.0,1.0,4.0,4.047220000000003,116.06890000000004,0.0,0.0,0.0,0.0,0.0,0.0,0.0,0.0,0.0,0.0,1.0,1.0,0.0,0.0,0.0,1.0,2.0,0.0,1.0,0.0,0.0,0.0,0.0,0.0,0.0,1.0,0.0,1.0,1.0,0.0,3.0,1.0,0.0,0.0,0.0,0.0,0.0,0.0,0.0,0.0,0.0,0.0,0.0,0.0,0.0,0.0,0.0,0.0,0.0,0.0,0.0,0.0,0.0,0.0,0.0,0.0,0.0,0.0,0.0,0.0,0.0,0.0,0.0,0.0,0.0,0.0,0.0,0.0,0.0,0.0,chembl_mpro_simfilter_potent,CHEMBL4523582,0.859375
25921785,CHEMBL5575331,C[C@H](c1cccc2ccccc12)N(C)Cc1cccc(N)c1,2360.0,nM,=,5.63,CHEMBL5528733,Inhibition of C-terminal His-tagged SARS-CoV-2 BetaCoV/Wuhan/WIV04/2019 PLpro expressed in Escherichia coli BL21 (DE3) cells preincubated for 30 mins followed by substrate addition and measured after 1 hrs by FRET assay,0.0023442288153199,5.877420036706653,5.877420036706653,0.3403061224489794,0.3403061224489794,0.7106432091620999,12.681818181818182,290.41,268.234,290.178298704,112.0,0.0326029153878212,-0.398720046761141,0.398720046761141,0.0326029153878212,0.9545454545454546,1.681818181818182,2.5,15.116509412095231,9.984144262020829,2.140507974978123,-2.260903098070364,2.2783964839085105,-2.2173458519576306,5.855548378034451,0.2542961645556425,2.533747769301798,1.869682695468975,774.0190723046818,15.526733258565956,13.159873876151645,13.159873876151645,10.647867045540842,7.672628590328321,7.672628590328321,5.90449981428824,5.90449981428824,4.317624317684086,4.317624317684086,2.9685833038679523,2.9685833038679523,-2.3199999999999994,128526.889345603,14.610338639179748,6.203412812410227,2.9724356732015904,131.72965468209873,5.733667477162185,0.0,0.0,0.0,0.0,0.0,4.899909730850477,0.0,0.0,0.0,54.59730361615449,48.003494731614616,18.2739835097441,0.0,0.0,16.459834703613154,0.0,4.899909730850477,0.0,19.51033443475116,12.781339459839376,77.85694073647171,0.0,5.733667477162185,5.687386274683562,0.0,0.0,11.947581713527669,6.544756405912575,0.0,24.092481012232575,66.73003775307771,0.0,10.772448428929591,29.26,0.0,0.0,0.0,0.0,6.041840829147961,12.232142680596136,21.899351412323583,0.0,18.19910120538483,67.40225546091116,5.733667477162185,0.0,0.0,2.3576851851851854,2.626047335600908,9.31057161536689,0.0,23.56767125122419,0.0,3.1423594576719576,2.162331821617536,0.2,22.0,2.0,2.0,0.0,0.0,0.0,3.0,0.0,3.0,2.0,1.0,2.0,4.0,0.0,0.0,0.0,3.0,4.615000000000003,94.68440000000004,0.0,0.0,0.0,1.0,0.0,0.0,0.0,0.0,0.0,0.0,0.0,0.0,0.0,0.0,0.0,1.0,0.0,1.0,0.0,0.0,0.0,0.0,0.0,0.0,0.0,0.0,0.0,1.0,0.0,0.0,3.0,1.0,0.0,0.0,0.0,0.0,0.0,0.0,0.0,0.0,0.0,0.0,0.0,0.0,0.0,0.0,0.0,0.0,0.0,0.0,0.0,0.0,0.0,0.0,0.0,0.0,0.0,0.0,0.0,0.0,0.0,0.0,0.0,0.0,0.0,0.0,0.0,0.0,0.0,0.0,chembl_mpro_simfilter_potent,CHEMBL4523582,0.859375
25739147,CHEMBL5441482,CC(C)[C@@H](Nc1ncnc2[nH]ccc12)c1ccc2c(c1)S(=O)(=O)CO2,2350.0,nM,=,5.63,CHEMBL5441457,"Functional biochemical assay to identify treatments for viral infectious disease that targets SARS-COV-2 nsp3 macrodomain, whereby the mechanism of action displaces an ADP-Ribose modified peptide from the binding site. Utilizing a time-resolved fluorescence method to measure binding by reading the emitted fluorescence intensity in two wavelengths. This assay is characterized the relative potency of inhibitors as IC50, it is modified from https://doi.org/10.1126/sciadv.abf8711, and has been performed by Weizmann Institute of Science.",0.0023442288153199,12.12594624524639,12.12594624524639,0.1026851851851853,-3.366515836272781,0.7442349375369391,16.6,358.4230000000001,340.27900000000005,358.10996143599994,130.0,0.2164455230157602,-0.4759845773237456,0.4759845773237456,0.2164455230157602,1.24,2.08,2.88,32.227916675280255,9.955206169496323,2.295050233021707,-2.2377006183724273,2.3598444498873667,-2.1775720174916593,7.91203922882373,0.389077190611254,3.171308253160571,1.7475261910818745,1042.98250811792,17.604083527755577,13.853329287558926,14.669825868486653,11.9543269253365,7.99664488311886,9.648910109439017,6.41136299254677,8.316387410776866,4.344374311158195,5.761683245373051,3.0545452469369985,4.212763164156735,-2.61,740142.1192803861,15.89096462882848,5.731565693273295,2.7184934134354988,144.92630345355886,15.037630078753589,28.437355382168978,5.938913948333699,9.837253136417502,0.0,0.0,0.0,18.385754026223353,0.0,0.0,19.913841467842857,29.680458743243214,6.196843571613076,11.428065043612756,13.154659938128988,26.688517349485053,0.0,14.951935562841625,5.917906046161393,24.784798704046985,11.25570255234003,42.353083411921055,5.749511833283905,10.05365155780638,5.817862777835028,5.749511833283905,0.0,29.30864649550426,9.837253136417502,5.917906046161393,25.452766720226204,41.68511539574183,0.0,11.033401435232523,96.97,9.837253136417502,8.417796984328938,0.0,22.794144299160827,11.567374611118932,16.596852926929518,6.3273200747645415,12.13273413692322,18.329577708536295,34.1161985662292,4.736862953800049,29.493231739550733,0.0,11.849642085950032,4.32939585170488,1.6343150037792902,1.055047750186188,7.125360082304526,3.3132567884055977,4.149599867724867,-3.366515836272781,0.2941176470588235,25.0,2.0,7.0,0.0,1.0,1.0,1.0,2.0,3.0,6.0,2.0,8.0,4.0,0.0,0.0,0.0,4.0,2.8907000000000007,94.21320000000004,0.0,0.0,0.0,0.0,0.0,3.0,1.0,0.0,0.0,0.0,0.0,0.0,0.0,0.0,0.0,2.0,2.0,0.0,0.0,0.0,1.0,0.0,0.0,0.0,0.0,0.0,0.0,1.0,0.0,0.0,1.0,2.0,0.0,0.0,1.0,0.0,0.0,0.0,0.0,0.0,0.0,0.0,0.0,0.0,0.0,0.0,0.0,0.0,0.0,0.0,0.0,0.0,0.0,0.0,0.0,0.0,0.0,0.0,0.0,0.0,0.0,0.0,0.0,1.0,0.0,0.0,0.0,0.0,0.0,0.0,chembl_mpro_simfilter_potent,CHEMBL4523582,0.859375
25559092,CHEMBL5441037,C/N=c1\nc(-c2ccc(OC)cc2)n(-c2ccc(F)cc2)s1,373.0,nM,=,6.43,CHEMBL5347925,Inhibition of full-length recombinant SARS-CoV-2 3CL protease expressed in Escherichia coli BL21 (DE3) cells using fluorogenic MCA-AVLQSGFR-Lys (Dnp)-Lys-NH2 substrate preincubated for 10 mins followed by substrate addition measured for 3.5 mins by FRET assay,0.0003715352290971,13.126781473735562,13.126781473735562,0.263643263702787,-0.263643263702787,0.743900809060493,11.681818181818182,315.373,301.26099999999997,315.08416128799996,112.0,0.2223680146795965,-0.4967677869569743,0.4967677869569743,0.2223680146795965,1.0909090909090908,1.7727272727272727,2.363636363636364,32.137198584568345,10.171523082033916,2.1071946501949235,-2.0673938055419963,2.240483345835172,-1.9654513963277749,7.036858250102028,0.4146108638435809,2.9983025507161427,2.136114247625339,835.0775206752915,15.526733258565956,12.154903993953836,12.971400574881562,10.707039898056804,6.646034997609085,7.419431659743059,4.53217417804299,5.4450451072182675,3.1674914936991203,4.170981536160495,2.0454962390610727,2.8775662570103924,-2.4699999999999993,170831.28612960296,14.46655166135286,6.1092182845931085,2.777178286315354,130.88059958655674,4.736862953800049,11.5667326743298,5.824404497999927,4.801402653462074,0.0,0.0,4.992404732635668,8.347076155935415,4.983978520947208,0.0,0.0,60.06342315925956,12.611123474374184,12.797183815961096,9.127278001474869,11.532486611566677,0.0,8.940639629207805,4.992404732635668,0.0,14.157469523954724,59.14956004220085,22.82475409766439,9.538265607262122,4.39041504767482,5.749511833283905,11.532486611566677,23.09810915316253,0.0,5.817220841045894,0.0,53.523341280328545,0.0,17.075242264380485,39.41,0.0,4.39041504767482,0.0,5.817220841045894,4.801402653462074,22.82475409766439,23.665220748489897,26.290203660877943,28.22212938210704,9.976383253582876,4.736862953800049,20.23557842854442,1.4084332220542537,9.337629939321406,0.0,1.7878639403292187,1.2850377512498732,13.949180104140424,0.0,0.0,3.329609947693739,0.125,22.0,0.0,4.0,0.0,0.0,0.0,2.0,1.0,3.0,4.0,0.0,6.0,3.0,0.0,0.0,0.0,3.0,3.2790000000000017,84.87400000000004,0.0,0.0,0.0,0.0,0.0,2.0,0.0,0.0,0.0,0.0,0.0,0.0,0.0,0.0,0.0,3.0,0.0,0.0,0.0,0.0,0.0,0.0,0.0,0.0,0.0,0.0,0.0,0.0,0.0,0.0,2.0,0.0,0.0,0.0,1.0,0.0,0.0,1.0,0.0,0.0,0.0,0.0,0.0,0.0,0.0,1.0,0.0,0.0,0.0,0.0,0.0,0.0,0.0,0.0,0.0,0.0,0.0,0.0,0.0,0.0,0.0,0.0,0.0,0.0,0.0,0.0,0.0,0.0,0.0,0.0,chembl_mpro_simfilter_potent,CHEMBL4523582,0.859375
25951816,CHEMBL5573352,Cc1cncc(CC(=O)N2CCc3cc(Cl)c(Cl)cc3C2)c1,2300.0,nM,=,5.64,CHEMBL5537019,Inhibition of N-terminal His6-tagged recombinant SARS-CoV-2 MPro transfected in Escherichia coli BL21 (DE3) using MCA-Ala-Val-Leu-Gln-Ser-Gly-Phe-Arg-Lys(Dnp)-LsyNH2-trifluoroacetate salt as substrate in presence of DTT by FRET assay,0.0022908676527677,12.479566466504297,12.479566466504297,0.1149281934996224,0.1149281934996224,0.8357929579938321,13.863636363636363,335.23400000000004,319.10600000000005,334.06396849199996,114.0,0.2268606375095143,-0.3377408542310405,0.3377408542310405,0.2268606375095143,1.181818181818182,1.9090909090909092,2.636363636363636,35.49826180607599,9.98956596036909,2.2152304617201204,-2.2905155482056356,2.2914124214580203,-2.365046058142271,6.416045196513021,-0.1309132787457047,2.4772023461827115,1.7360739922959616,730.5940315863576,15.689869965382488,12.273782898176554,13.785640790213463,10.524877143252588,7.178163366650735,7.934092312669191,5.647637243158763,6.462037496639975,3.894436244911885,4.616586311098155,2.7627442387213916,3.135265478919476,-1.5799999999999992,105456.98107934422,15.320853943170723,6.269060431010173,3.2581099644419353,139.41985506336837,4.899909730850477,0.0,0.0,5.907179729351506,0.0,0.0,9.778515705019029,0.0,0.0,0.0,29.26824684892664,47.73109892632783,25.483199955051305,16.466088250408664,4.794537184071822,29.10905950981654,0.0,9.883888251797686,0.0,26.31013685145522,6.544756405912575,62.89186094288161,0.0,0.0,0.0,0.0,23.20187978046503,22.335824387061766,24.180936835836416,6.923737199690624,22.253805966787983,30.59278834861098,10.045266627482652,0.0,33.2,0.0,4.794537184071822,0.0,5.907179729351506,29.555601062233816,23.111176098017,5.563451491696996,12.393687143226153,30.02274813592593,4.983978520947208,23.20187978046503,0.0,12.12371695248738,18.48630929266496,1.1144705127357553,4.271007781105335,0.1149281934996224,5.775626412895533,4.7278337215869595,3.2749960219133407,0.0,0.2941176470588235,22.0,0.0,3.0,0.0,1.0,1.0,1.0,1.0,2.0,2.0,0.0,5.0,2.0,0.0,0.0,0.0,3.0,3.824220000000003,88.26100000000002,0.0,0.0,0.0,0.0,0.0,1.0,0.0,0.0,0.0,0.0,1.0,1.0,0.0,0.0,0.0,2.0,0.0,0.0,0.0,0.0,0.0,0.0,0.0,0.0,0.0,1.0,0.0,0.0,1.0,0.0,1.0,1.0,0.0,0.0,0.0,0.0,0.0,2.0,0.0,0.0,0.0,0.0,0.0,0.0,0.0,0.0,0.0,0.0,0.0,0.0,0.0,0.0,0.0,0.0,0.0,0.0,0.0,0.0,0.0,1.0,0.0,0.0,0.0,0.0,0.0,0.0,0.0,0.0,0.0,0.0,chembl_mpro_simfilter_potent,CHEMBL4523582,0.859375
24839611,CHEMBL5176486,O=C(Cn1sc2cc(F)ccc2c1=O)Nc1cccc(Cl)c1,140.0,nM,=,6.85,CHEMBL5145098,Inhibition of SARS-CoV-2 main protease using Mca-AVLQSGFRK(Dnp)K as substrate preincubated with enzyme for 10 mins followed by substrate addition and measured every 30 secs for 10 mins by fluorescence based analysis,0.0001412537544622,13.169028234633672,13.169028234633672,0.132626606198035,-0.4127046666156515,0.7955873716714242,10.818181818181818,336.775,326.695,336.01355446,112.0,0.2685029736363877,-0.3244526016772095,0.3244526016772095,0.2685029736363877,1.2727272727272727,2.090909090909091,2.863636363636364,35.49569179950754,10.256687295784037,2.1149324249274684,-2.0469921183967874,2.1832500999658584,-2.2322025019013845,7.134458976334223,-0.116152954051175,2.7421379513709123,1.820816003115867,919.2916013430782,15.689869965382488,11.17644607842393,12.748871605370113,10.524877143252588,6.375700125658671,7.527061260801873,4.6320590071080625,6.1316684546247675,3.00471526669635,4.289581725584254,2.044162401519689,3.253936656958792,-2.1799999999999993,115668.86306472782,14.7446135996458,5.902481952813615,3.025615120312861,133.45282682649164,5.316788604006331,12.36197724695847,0.0,5.907179729351506,5.559266895052007,0.0,13.54573547640424,4.39041504767482,0.0,0.0,29.1997935702608,36.39820241076966,10.710019588424888,10.086144130933896,9.184952231746642,44.814136636768154,0.0,3.956661108260597,0.0,6.544756405912575,5.316788604006331,63.65822771314231,0.0,10.87605549905834,10.077801322358384,0.0,23.133426501799192,9.863840837612102,11.339293589984395,5.817220841045894,0.0,47.25910666330309,5.022633313741326,10.086144130933896,51.1,5.817220841045894,13.979489415818463,0.0,18.01120303031609,20.796163719358784,11.532486611566677,22.155762313645425,24.26546827384644,0.0,5.316788604006331,11.600939890232516,14.97905369234762,6.899376415452999,24.139412372973883,3.5750160018986685,0.2490265005179033,-0.7632651037534695,10.66511783787154,0.0,-0.132626606198035,0.0,0.0666666666666666,22.0,1.0,4.0,0.0,0.0,0.0,2.0,1.0,3.0,3.0,1.0,7.0,3.0,0.0,0.0,0.0,3.0,3.494200000000002,86.1247,0.0,0.0,0.0,0.0,0.0,1.0,0.0,0.0,0.0,0.0,1.0,1.0,0.0,0.0,0.0,1.0,1.0,0.0,0.0,0.0,0.0,0.0,0.0,0.0,0.0,1.0,0.0,1.0,0.0,0.0,2.0,1.0,0.0,0.0,0.0,0.0,0.0,2.0,0.0,0.0,0.0,0.0,0.0,0.0,0.0,0.0,0.0,0.0,0.0,0.0,0.0,0.0,0.0,0.0,0.0,0.0,0.0,0.0,0.0,0.0,0.0,0.0,0.0,0.0,0.0,0.0,0.0,0.0,0.0,0.0,chembl_mpro_simfilter_potent,CHEMBL4523582,0.859375
26184805,CHEMBL5641652,[O-][S+](c1nnc(-c2ccc(Cl)cc2)o1)C1CCOC1,2270.0,nM,=,5.64,CHEMBL5634901,Inhibition of SARS-CoV-2 3CL protease expressed in Escherichia coli BL21 (DE3) Rosetta competent cells using DabcylKNSTLQSGLRKE-Edan as fluorescence substrate preincubated for 60 mins followed by substrate addition and measured after 20 mins by FRET assay,0.0022908676527677,12.159462291089277,12.159462291089277,0.0569279625430421,-1.307411326670587,0.8130447751469554,20.63157894736842,298.7510000000001,287.663,298.01789089199997,100.0,0.4356186006449397,-0.6073444541753977,0.6073444541753977,0.4356186006449397,1.263157894736842,2.0526315789473686,2.736842105263158,35.495691688823705,10.207051565598986,2.333793093547756,-2.093271228075454,2.2518939956481967,-2.2127591178015207,7.913817377542977,0.1979683595295066,3.1037732571966417,1.8018446773960144,554.3570682838756,13.242276208189782,9.913456515372369,11.485882042318549,9.237183443017884,5.81615124992582,7.407101867523275,4.16302324907316,6.210185565505594,2.8603942143833967,4.598848686539554,1.8244984276005107,3.048130043405243,-1.08,46159.31588102845,12.928854695892008,5.50117749443765,2.7632146340833574,117.65571589596414,13.70676376454376,0.0,5.249938029982174,0.0,5.890723922025908,5.222755905846688,0.0,0.0,0.0,5.098681808301038,16.699621698533555,24.26546827384644,17.00690642836433,24.389618402411124,13.70676376454376,22.776794363617803,0.0,10.197363616602075,0.0,16.89351555875487,13.213763929025836,29.288101587587764,11.454175413722904,0.0,0.0,0.0,11.600939890232516,33.21381544930045,15.912717427185337,0.0,6.4208216229260096,33.90537511674648,5.022633313741326,11.454175413722904,71.21000000000001,11.175854473385288,4.552749873690364,0.0,10.47269393582886,24.12712116479307,11.984273114623004,0.0,24.26546827384644,0.0,10.197363616602075,20.754953781085913,22.82896258741993,4.504307135465143,0.0,8.499777272657864,0.7526129062736207,0.3462333081380702,7.035245653817082,0.7552275421187761,1.1109669274428475,0.0,0.3333333333333333,19.0,0.0,5.0,0.0,1.0,1.0,1.0,1.0,2.0,5.0,0.0,7.0,3.0,0.0,1.0,1.0,3.0,2.2865,70.37640000000003,0.0,0.0,0.0,0.0,0.0,2.0,0.0,0.0,0.0,0.0,0.0,0.0,0.0,0.0,0.0,2.0,0.0,0.0,0.0,0.0,0.0,0.0,0.0,0.0,0.0,0.0,0.0,0.0,0.0,0.0,1.0,0.0,0.0,0.0,1.0,0.0,0.0,1.0,0.0,0.0,0.0,0.0,0.0,0.0,0.0,0.0,0.0,0.0,0.0,0.0,0.0,0.0,0.0,0.0,0.0,0.0,0.0,0.0,0.0,0.0,0.0,0.0,0.0,0.0,0.0,0.0,0.0,0.0,0.0,0.0,chembl_mpro_simfilter_potent,CHEMBL4523582,0.859375
25051158,CHEMBL1394251,O=C(NCc1ccco1)c1ccc(-n2sc3ccccc3c2=O)cc1,380.0,nM,=,6.42,CHEMBL5247339,Inhibition of SARS CoV-2 Main protease using MCA-AVLQSGFR-Lys(DNP)-Lys-NH2 peptide as substrate by fluorescence based analysis,0.0003801893963205,12.465240418182477,12.465240418182477,0.0457214081046148,-0.1882984798857812,0.6118194924294813,10.88,350.39900000000006,336.2870000000001,350.072513308,124.0,0.2727116418291137,-0.4674762731203742,0.4674762731203742,0.2727116418291137,1.04,1.84,2.56,32.13720113770249,10.163552713173893,2.1022739430738584,-2.0484104038921407,2.1968898129874184,-2.2212082964559987,7.137602191682531,0.0947803182961876,3.283013128420358,1.555522105791968,1076.0202366975827,17.225403871315223,13.138166499627845,13.954663080555571,12.220346690612278,7.7431526793418275,8.5165493414758,5.495891712511613,6.483440675644225,3.858840701251362,4.970748404489981,2.572911035054342,3.5711175338262975,-3.1199999999999988,1107307.800006132,15.410174419205758,6.410005257211889,2.9914488726431814,146.83544866682462,9.733939541059678,5.7602474188744415,0.0,0.0,11.466446624403511,0.0,9.589074368143644,3.956661108260597,0.0,0.0,23.665220748489897,48.53093654769288,5.563451491696996,28.58144980716909,9.211688121125167,27.525810471852076,0.0,9.273449712266927,0.0,6.544756405912575,0.0,88.60433666995044,5.687386274683562,10.87605549905834,0.0,0.0,11.532486611566677,9.863840837612102,6.544756405912575,0.0,16.118236094643258,76.13852180138034,0.0,15.773530405617455,64.24000000000001,0.0,9.589074368143644,0.0,11.466446624403511,23.25467953094881,10.387306191152662,11.532486611566677,46.61802651466931,24.26546827384644,5.316788604006331,4.417150937053347,7.759174676037293,1.390987756915336,24.64202575657811,3.496479789785546,1.2304367341646392,0.5078107952899832,18.067948108301856,1.568472730972731,0.3366636519545065,0.0,0.0526315789473684,25.0,1.0,5.0,0.0,0.0,0.0,2.0,2.0,4.0,4.0,1.0,6.0,4.0,0.0,0.0,0.0,4.0,3.5752000000000024,97.30020000000005,0.0,0.0,0.0,0.0,0.0,1.0,0.0,0.0,0.0,0.0,1.0,1.0,0.0,0.0,0.0,1.0,1.0,0.0,0.0,0.0,0.0,0.0,0.0,0.0,0.0,1.0,0.0,0.0,0.0,0.0,2.0,1.0,0.0,0.0,0.0,1.0,0.0,0.0,0.0,0.0,0.0,0.0,0.0,0.0,0.0,0.0,0.0,0.0,0.0,0.0,0.0,0.0,0.0,0.0,0.0,0.0,0.0,0.0,0.0,0.0,0.0,0.0,0.0,0.0,0.0,0.0,0.0,0.0,0.0,0.0,chembl_mpro_simfilter_potent,CHEMBL4523582,0.859375
25738669,CHEMBL5441407,CC(C)[C@@H](Nc1ncnc2[nH]ccc12)c1ccc2c(c1)NC(=O)CO2,378.0,nM,=,6.42,CHEMBL5441457,"Functional biochemical assay to identify treatments for viral infectious disease that targets SARS-COV-2 nsp3 macrodomain, whereby the mechanism of action displaces an ADP-Ribose modified peptide from the binding site. Utilizing a time-resolved fluorescence method to measure binding by reading the emitted fluorescence intensity in two wavelengths. This assay is characterized the relative potency of inhibitors as IC50, it is modified from https://doi.org/10.1126/sciadv.abf8711, and has been performed by Weizmann Institute of Science.",0.0003801893963205,11.576544897586112,11.576544897586112,0.0251190476190477,-0.1356131810442775,0.6802487540970459,14.76,337.3830000000001,318.23100000000005,337.153874848,128.0,0.2619095544305855,-0.4815841596924128,0.4815841596924128,0.2619095544305855,1.24,2.12,2.96,16.486163171311198,9.947803449955586,2.216416207941527,-2.2570490886115233,2.3436606631686465,-2.256792708793768,5.951108744848878,-0.1181793152115056,3.0782006112218014,1.6901697066016863,934.1160541836527,17.388540578131753,14.0368327066312,14.0368327066312,12.114193540729628,8.228189805783986,8.228189805783986,6.420702253236543,6.420702253236543,4.308439747657447,4.308439747657447,3.063791117478909,3.063791117478909,-3.09,847056.1659954041,15.43842485053781,6.084269777305816,2.8849008817367174,144.37723146982066,20.354418682759917,23.541871906651203,6.606881964512918,0.0,5.907179729351506,0.0,4.794537184071822,9.967957041894415,0.0,0.0,19.913841467842857,29.680458743243214,6.196843571613076,17.11545131829632,9.53140013787187,28.445830217102618,0.0,14.951935562841625,5.917906046161393,19.88931522852921,17.24045917252558,42.353083411921055,5.749511833283905,15.370440161812713,11.50524905251859,5.749511833283905,0.0,27.465997256706046,4.794537184071822,5.917906046161393,25.452766720226204,36.78963192022406,0.0,11.033401435232523,91.93,0.0,4.794537184071822,0.0,18.555902523012385,17.35480415412886,22.414715704764543,0.0,6.3273200747645415,30.462311845459514,39.432987170235535,4.736862953800049,5.439255915724621,0.0,23.28114727377534,7.325312736205593,2.558923427829453,1.6478045039309472,7.850566646590275,3.3890365982889428,4.34128623098816,0.0,0.2777777777777778,25.0,3.0,7.0,0.0,1.0,1.0,1.0,2.0,3.0,5.0,3.0,7.0,4.0,0.0,0.0,0.0,4.0,3.0980000000000008,95.65710000000006,0.0,0.0,0.0,0.0,0.0,3.0,1.0,0.0,0.0,0.0,1.0,1.0,0.0,0.0,0.0,2.0,3.0,0.0,0.0,0.0,1.0,0.0,0.0,0.0,0.0,1.0,0.0,2.0,0.0,0.0,1.0,2.0,0.0,0.0,1.0,0.0,0.0,0.0,0.0,0.0,0.0,0.0,0.0,0.0,0.0,0.0,0.0,0.0,0.0,0.0,0.0,0.0,0.0,0.0,0.0,0.0,0.0,0.0,0.0,0.0,0.0,0.0,0.0,0.0,0.0,0.0,0.0,0.0,0.0,0.0,chembl_mpro_simfilter_potent,CHEMBL4523582,0.859375
25738543,CHEMBL5441784,CC(C)[C@@H](Nc1ncnc2[nH]ccc12)c1ccc2c(c1)C(=O)NCC2,2248.0,nM,=,5.65,CHEMBL5441457,"Functional biochemical assay to identify treatments for viral infectious disease that targets SARS-COV-2 nsp3 macrodomain, whereby the mechanism of action displaces an ADP-Ribose modified peptide from the binding site. Utilizing a time-resolved fluorescence method to measure binding by reading the emitted fluorescence intensity in two wavelengths. This assay is characterized the relative potency of inhibitors as IC50, it is modified from https://doi.org/10.1126/sciadv.abf8711, and has been performed by Weizmann Institute of Science.",0.0022387211385683,12.172335134135276,12.172335134135276,0.0145066977408252,0.0145066977408252,0.6842028446845065,15.08,335.4110000000001,314.24300000000005,335.174610292,128.0,0.2510821591268393,-0.3623436676362823,0.3623436676362823,0.2510821591268393,1.2,2.08,2.92,16.149286244301088,9.905143869169938,2.220562379604414,-2.2553056325323415,2.3004468594024283,-2.3180466283477954,5.965614551767244,0.0945573006065851,3.0889738966169515,1.7143029040442126,930.4640814541862,17.388540578131753,14.335691197353883,14.335691197353883,12.131030293135236,8.588943916550516,8.588943916550516,6.750739261675133,6.750739261675133,4.730409981635316,4.730409981635316,3.3924302886803863,3.3924302886803863,-2.8899999999999997,876613.7241731314,15.626862245784023,6.199126030450812,2.8390135222786657,145.6286283547104,15.617555728959868,17.7923600733673,0.0,0.0,5.907179729351506,0.0,4.794537184071822,9.967957041894415,0.0,0.0,25.980208536304467,35.59836478940461,18.305051469222647,11.428065043612756,4.794537184071822,22.758443942419056,0.0,20.268724166847953,5.917906046161393,26.31013685145522,11.861545009918906,53.479986395315045,0.0,10.633577208012662,5.817862777835028,0.0,0.0,27.403871698105704,6.4208216229260096,5.917906046161393,41.37420688769202,36.78963192022406,0.0,11.033401435232523,82.7,0.0,4.794537184071822,0.0,11.949020558499466,12.462662452073968,39.96244031108455,0.0,6.3273200747645415,18.329577708536295,51.56572130715875,0.0,0.0,0.0,23.919709176906142,7.424473550222558,3.799693474548273,1.1402299855127245,8.219030767980083,4.299611047906051,5.030585330257499,0.0,0.3157894736842105,25.0,3.0,6.0,0.0,1.0,1.0,1.0,2.0,3.0,4.0,3.0,6.0,4.0,0.0,0.0,0.0,4.0,3.053000000000001,97.56960000000004,0.0,0.0,0.0,0.0,0.0,3.0,1.0,0.0,0.0,0.0,1.0,1.0,0.0,0.0,0.0,2.0,3.0,0.0,0.0,0.0,1.0,0.0,0.0,0.0,0.0,1.0,0.0,1.0,0.0,0.0,1.0,2.0,0.0,0.0,0.0,0.0,0.0,0.0,0.0,0.0,0.0,0.0,0.0,0.0,0.0,0.0,0.0,0.0,0.0,0.0,0.0,0.0,0.0,0.0,0.0,0.0,0.0,0.0,0.0,0.0,0.0,0.0,0.0,0.0,0.0,0.0,0.0,0.0,0.0,0.0,chembl_mpro_simfilter_potent,CHEMBL4523582,0.859375
25739501,CHEMBL5442069,CC(C)[C@@H](Nc1cc(NCC(F)(F)F)ncn1)c1ccc2c(c1)S(=O)(=O)CCC2,2245.0,nM,=,5.65,CHEMBL5441457,"Functional biochemical assay to identify treatments for viral infectious disease that targets SARS-COV-2 nsp3 macrodomain, whereby the mechanism of action displaces an ADP-Ribose modified peptide from the binding site. Utilizing a time-resolved fluorescence method to measure binding by reading the emitted fluorescence intensity in two wavelengths. This assay is characterized the relative potency of inhibitors as IC50, it is modified from https://doi.org/10.1126/sciadv.abf8711, and has been performed by Weizmann Institute of Science.",0.0022387211385683,12.432420695493873,12.432420695493873,0.0512498594479122,-4.353539379944173,0.7241871669385188,16.896551724137932,428.4800000000002,405.2960000000002,428.149381636,158.0,0.4052273533124002,-0.3628440391068597,0.4052273533124002,0.3628440391068597,1.137931034482759,1.862068965517241,2.5517241379310347,32.22787404280231,9.941456344023305,2.27518489558125,-2.2552811445121432,2.3192307591294203,-2.2235572379675332,7.911055748191581,-0.1146323819199831,2.637565824405005,1.850136969730204,977.6598096839884,21.233840039752497,16.12294449049276,16.939441071420482,13.549461939726967,9.29811915125244,10.9503843775726,7.412829195003129,9.490399643301568,4.751659319460479,6.627952750674094,3.3411465348216542,4.970653309683868,-2.36,1926554.5675543237,21.351295683655316,8.173911740168919,5.373292693682834,167.42817012127566,10.633577208012662,24.507802036347172,9.837253136417502,0.0,0.0,6.176298517443475,0.0,18.385754026223353,13.17124514302446,0.0,25.980208536304467,35.95281934386901,6.06636706846161,16.690177911412526,21.5890421273534,21.47297869208756,0.0,9.967957041894415,5.917906046161393,43.802740467342474,22.931187220672022,41.71969133200497,0.0,10.633577208012662,24.80697069869452,0.0,0.0,36.85966255632619,16.25807475934351,5.917906046161393,37.43703983484921,35.48827182412876,0.0,0.0,83.97999999999999,22.55830805977355,21.5890421273534,0.0,23.53046325989117,17.134167876278813,17.547724606320003,12.393687143226153,6.06636706846161,25.980208536304467,20.601534249907075,0.0,62.09253779601755,0.0,8.253139323841209,5.4227619238058455,1.6072380708165412,0.6146384603659631,6.55599919325704,-1.8260739661384329,2.741053722912489,-3.294627858211531,0.4736842105263157,29.0,2.0,6.0,0.0,1.0,1.0,1.0,1.0,2.0,6.0,2.0,10.0,6.0,0.0,0.0,0.0,3.0,3.9799000000000024,104.59420000000004,0.0,0.0,0.0,0.0,0.0,2.0,0.0,0.0,0.0,0.0,0.0,0.0,0.0,0.0,0.0,2.0,2.0,0.0,0.0,0.0,0.0,0.0,0.0,3.0,0.0,0.0,0.0,2.0,1.0,0.0,1.0,1.0,0.0,0.0,0.0,0.0,0.0,3.0,0.0,0.0,0.0,0.0,0.0,0.0,0.0,0.0,0.0,0.0,0.0,0.0,0.0,0.0,0.0,0.0,0.0,0.0,0.0,0.0,0.0,0.0,0.0,0.0,0.0,1.0,0.0,0.0,0.0,0.0,0.0,0.0,chembl_mpro_simfilter_potent,CHEMBL4523582,0.859375
19964287,CHEMBL128251,O=C(O)CCCCCCCCCCCCCCc1ccc(I)cc1,2250.0,nM,=,5.65,CHEMBL4495583,SARS-CoV-2 3CL-Pro protease inhibition IC50 determined by FRET kind of response from peptide substrate,0.0022387211385683,10.384768940517958,10.384768940517958,0.336883169053298,-0.6587577043361976,0.2338742804794036,10.875,444.39699999999993,411.133,444.152528296,136.0,0.3028395565321837,-0.481230389785217,0.481230389785217,0.3028395565321837,0.7083333333333334,1.125,1.5833333333333333,126.91270441774134,10.029339081541352,1.9733713595539943,-2.036223470806416,2.1401837441358387,-1.9295727522598003,14.111917415756007,-0.1366537104940932,2.5626347744668885,1.774054401930007,427.96981441011656,17.459972868926734,14.942322372343222,17.099820663519544,11.681540550352056,9.645187165718992,10.723936311307153,6.762845411042495,8.008477630229303,4.519351260870718,5.238517357929493,3.024189899891496,3.383772948420883,-0.5800000000000001,200305.78451142987,21.46269854824936,14.736994271194776,12.795737303593445,161.12312880872952,5.106527394840706,0.0,0.0,0.0,0.0,5.969305287951848,4.794537184071822,0.0,0.0,0.0,76.34095036618335,59.5495211244663,9.991003893991406,0.0,9.901064578912528,28.560175915019904,0.0,0.0,0.0,89.89150272096417,0.0,33.39910203660883,0.0,0.0,0.0,0.0,22.590870627068057,11.075832682792557,11.21535880699783,3.5701822710653963,89.03413258973515,24.26546827384644,0.0,0.0,37.3,5.969305287951848,4.794537184071822,0.0,0.0,6.4208216229260096,12.84164324585202,79.76267161494852,0.0,0.0,46.856338900914494,5.106527394840706,1.316306267542496,2.3550350434256213,10.384768940517958,8.558259397830989,1.471083966246342,-0.6587577043361976,8.8998043450494,16.79349974372339,0.0,0.0,0.6666666666666666,24.0,1.0,2.0,0.0,0.0,0.0,1.0,0.0,1.0,1.0,1.0,3.0,15.0,0.0,0.0,0.0,1.0,6.989600000000007,110.51980000000006,1.0,0.0,0.0,0.0,0.0,0.0,0.0,0.0,1.0,1.0,1.0,0.0,0.0,0.0,0.0,0.0,0.0,0.0,0.0,0.0,0.0,0.0,0.0,0.0,0.0,0.0,0.0,0.0,1.0,0.0,1.0,0.0,0.0,0.0,0.0,0.0,0.0,1.0,0.0,0.0,0.0,0.0,0.0,0.0,0.0,0.0,0.0,0.0,0.0,0.0,0.0,0.0,0.0,0.0,0.0,0.0,0.0,0.0,0.0,0.0,0.0,0.0,0.0,0.0,0.0,0.0,0.0,0.0,11.0,0.0,chembl_mpro_simfilter_potent,CHEMBL4523582,0.859375
25542302,CHEMBL5402316,O=C(COC(=O)c1cc(-c2ccoc2)n[nH]1)Nc1ccc(Br)cc1,2200.0,nM,=,5.66,CHEMBL5344217,Inhibition of N-terminal 6His/SUMO-tagged SARS-CoV-2 NSP14 expressed in Escherichia coli Rosetta 2 (DE3) PlysS cells using 5'GpppACCCCCCCCC-Biotin 3' and 3H-SAM as substrates incubated for 30 mins by TopCount scintillation proximity assay,0.0021877616239495,11.926031390096597,11.926031390096597,0.1552237866884334,-0.6637027588813293,0.6523768664881844,10.375,390.193,378.097,389.00111796400006,122.0,0.3563667110753024,-0.4719030550943163,0.4719030550943163,0.3563667110753024,1.25,2.0416666666666665,2.75,79.91873118830922,10.215677278712617,2.1434015387927117,-2.054107483061488,2.1789425912897764,-2.2056790123766135,9.10299745346797,-0.1187464883118975,3.2537809876220662,1.5329618211201288,840.6019001557697,16.94094682093905,12.284080165068197,13.8700767041829,11.614193540729628,6.921602390437989,7.714600659995341,4.810087008990881,5.725762537782571,3.077051542444258,3.6057170554824927,1.9235244596824217,2.18785721620154,-2.8699999999999997,462173.5590438136,16.004266748087698,7.1359576481282385,3.904561419468461,144.68600832810102,14.470802494859726,5.693927994848461,6.606881964512918,0.0,5.907179729351506,5.969305287951848,9.89321899237286,4.794537184071822,5.098681808301038,0.0,15.929943897949348,36.39820241076966,15.723557282212973,18.220253986126576,18.743088258997037,33.493815189936264,0.0,10.197363616602075,0.0,0.0,11.923670568519247,59.09117591272865,11.257379486545457,5.316788604006331,5.687386274683562,0.0,15.929943897949348,28.680730598418343,9.53140013787187,0.0,10.488465178920285,57.814398854933536,0.0,11.257379486545457,97.22,18.48336698181627,9.589074368143644,0.0,5.693927994848461,11.381314269532025,10.03617100752941,18.592693059739723,30.33183534230805,0.0,31.444096118557752,9.154013890853395,10.819590469568292,3.306234184956088,23.712870654185817,9.190667399477062,2.0546022539402777,-1.0940307172251609,10.30136141123664,3.0192589939617696,-0.3938879834341147,0.0,0.0625,24.0,2.0,7.0,0.0,0.0,0.0,1.0,2.0,3.0,5.0,2.0,8.0,5.0,0.0,0.0,0.0,3.0,3.2277000000000005,89.3439,0.0,0.0,0.0,0.0,0.0,2.0,1.0,0.0,0.0,0.0,2.0,2.0,0.0,0.0,0.0,1.0,2.0,0.0,0.0,0.0,1.0,0.0,0.0,0.0,0.0,1.0,0.0,1.0,0.0,0.0,1.0,0.0,0.0,1.0,1.0,1.0,0.0,1.0,0.0,0.0,0.0,0.0,0.0,0.0,0.0,0.0,0.0,0.0,0.0,0.0,0.0,0.0,0.0,0.0,0.0,0.0,0.0,0.0,0.0,0.0,0.0,0.0,0.0,0.0,0.0,0.0,0.0,0.0,0.0,0.0,chembl_mpro_simfilter_potent,CHEMBL4523582,0.859375
25554590,CHEMBL5393918,NCCc1ccc(C(F)F)cc1,50.0,nM,=,7.3,CHEMBL5346746,Inhibition of SARS-Cov-2 main protease using fluorogenic substrate [5-FAM]-AVLQSGFR-[Lys(Dabcyl)]-K-amide by fluorogenic assay,5.011872336272725e-05,12.059894573570167,12.059894573570167,0.0655291005291007,-2.377845804988662,0.7402425430925702,10.666666666666666,171.18999999999997,160.10199999999998,171.085955792,66.0,0.2633489196988724,-0.3301426071840544,0.3301426071840544,0.2633489196988724,1.1666666666666667,1.75,2.1666666666666665,19.279709422144023,10.102520012478196,2.0436343941461503,-2.006954944529458,2.1798893857569857,-2.0193774453558344,5.2288190625494995,0.1511365276591545,2.057933877254582,2.7137289615469484,230.78878061771368,8.974691494688164,6.634244123529305,6.634244123529305,5.736382105218448,3.8082798011698538,3.8082798011698538,2.580953258512234,2.580953258512234,1.6647082134835136,1.6647082134835136,0.9964493027276774,0.9964493027276774,-0.9600000000000002,535.0628080861914,9.130579710144929,4.162328552527982,2.271285875087841,70.19719096555198,5.733667477162185,0.0,0.0,0.0,6.425444744859191,0.0,0.0,8.78083009534964,0.0,0.0,24.26546827384644,18.52902952053558,5.563451491696996,0.0,8.78083009534964,0.0,0.0,0.0,5.733667477162185,12.8462663677852,6.544756405912575,35.392371257240434,0.0,5.733667477162185,8.78083009534964,0.0,0.0,6.544756405912575,6.4208216229260096,0.0,17.55234772825318,24.26546827384644,0.0,0.0,26.02,6.425444744859191,8.78083009534964,0.0,5.563451491696996,6.544756405912575,11.984273114623004,12.13273413692322,12.13273413692322,0.0,0.0,5.733667477162185,24.119789147140335,0.0,0.0,0.0,6.3775308641975315,0.0,6.257962962962964,-1.6382445200302342,0.5496282123960695,0.0,0.3333333333333333,12.0,2.0,1.0,0.0,0.0,0.0,1.0,0.0,1.0,1.0,1.0,3.0,3.0,0.0,0.0,0.0,1.0,2.1254,44.15740000000002,0.0,0.0,0.0,0.0,0.0,0.0,0.0,0.0,0.0,0.0,0.0,0.0,0.0,0.0,0.0,0.0,0.0,1.0,0.0,0.0,0.0,0.0,0.0,2.0,0.0,0.0,0.0,0.0,0.0,0.0,1.0,0.0,0.0,0.0,0.0,0.0,0.0,2.0,0.0,0.0,0.0,0.0,0.0,0.0,0.0,0.0,0.0,0.0,0.0,0.0,0.0,0.0,0.0,0.0,0.0,0.0,0.0,0.0,0.0,0.0,0.0,0.0,0.0,0.0,0.0,0.0,0.0,0.0,0.0,0.0,chembl_mpro_simfilter_potent,CHEMBL4523582,0.859375
23150137,CHEMBL213543,CCOC(=O)/C=C/[C@H](C[C@@H]1CCNC1=O)NC(=O)[C@H](CC(C)C)NC(=O)[C@@H](NC(=O)OCc1ccccc1)C(C)C,286.0,nM,=,6.54,CHEMBL4810314,Inhibition of SARS-CoV-2 3CLpro preincubated for 30 mins followed by addition of (Dabcyl)KTSAVLQSGFRKM(Glu) peptide substrate and measured after 1.5 hrs by FRET assay,0.0002884031503126,13.43586140268739,13.43586140268739,0.0527876985930326,-0.9421970715058527,0.1862322458978127,17.048780487804876,572.7030000000002,528.3510000000003,572.320999748,226.0,0.407630829881023,-0.4628323197298202,0.4628323197298202,0.407630829881023,1.0,1.7073170731707317,2.292682926829268,16.548347884440815,9.962625697326605,2.3178044032733105,-2.2707070641299367,2.175143872100958,-2.561966304468852,5.915188486906796,-0.1369033680652359,3.324211388130948,2.1014024261422533,1058.1792845137356,30.36323207281991,24.605932219831463,24.605932219831463,19.493310056039913,14.202484921950717,14.202484921950717,10.857054629457712,10.857054629457712,6.55546875474917,6.55546875474917,4.421591074685171,4.421591074685171,-3.89,606489762.3549076,33.31716454137338,17.040305848396855,12.024554872634086,241.7287293729668,30.74088032362542,18.69056362280884,0.0,17.721539188054518,0.0,12.062545358890263,14.383611552215466,9.589074368143644,0.0,0.0,64.10280424790442,43.58546565248843,24.580523388055813,6.606881964512918,33.4464118279592,29.78408454694478,0.0,21.267154416025324,17.75371813848418,78.61355531918794,13.151638370425491,48.04732704767281,0.0,21.267154416025324,4.794537184071822,0.0,0.0,61.06124540481415,35.2587566084003,17.75371813848418,59.44460235892814,42.483875555975814,0.0,0.0,151.92999999999998,42.00242730503715,23.97268592035911,0.0,36.87466179686152,25.807221274690605,5.563451491696996,12.152040213667762,20.771211599071872,44.179309741689295,21.267154416025324,9.473725907600098,10.221095488064163,0.0,63.28897823213045,11.052198517864662,0.8088078981659352,-2.193328144877941,6.674577498465893,3.241316685924594,9.90635382426225,0.0,0.5666666666666667,41.0,4.0,11.0,0.0,1.0,1.0,1.0,0.0,1.0,7.0,4.0,11.0,15.0,0.0,1.0,1.0,2.0,2.598600000000004,153.21179999999976,0.0,0.0,0.0,0.0,0.0,0.0,0.0,0.0,0.0,0.0,5.0,5.0,0.0,0.0,0.0,0.0,4.0,0.0,0.0,0.0,0.0,0.0,1.0,0.0,0.0,4.0,0.0,0.0,0.0,0.0,1.0,0.0,0.0,1.0,2.0,0.0,0.0,0.0,0.0,0.0,0.0,0.0,0.0,0.0,0.0,0.0,0.0,0.0,0.0,0.0,0.0,0.0,0.0,0.0,0.0,0.0,0.0,0.0,0.0,0.0,0.0,0.0,0.0,0.0,0.0,0.0,0.0,0.0,0.0,0.0,chembl_mpro_simfilter_potent,CHEMBL4523582,0.859375
19964238,CHEMBL4303503,C=C1C(=O)[C@]23[C@H](O)[C@H]1CC[C@@H]2[C@@]12CO[C@]3(O)C[C@@H]1C(C)(C)CC[C@@H]2O,2570.0,nM,=,5.59,CHEMBL4495583,SARS-CoV-2 3CL-Pro protease inhibition IC50 determined by FRET kind of response from peptide substrate,0.0025703957827688,13.306469907407408,13.306469907407408,0.0425974348072559,-1.6596990740740738,0.5762715251489836,58.84,348.4390000000001,320.2150000000001,348.193673996,138.0,0.181134466917028,-0.3924364590033215,0.3924364590033215,0.181134466917028,1.16,1.88,2.6,16.63214574286674,9.362329755924955,2.8343859578257367,-2.7293337502822066,2.7589770495822075,-2.8025721334117137,6.045794449169993,-0.4257427512301155,2.6780130469663312,1.7731080580096314,685.5739978069821,17.991199352633217,14.994636181681566,14.994636181681566,11.627333743150745,9.58819400202855,9.58819400202855,9.88983838763768,9.88983838763768,8.890125877298784,8.890125877298784,7.738443429031037,7.738443429031037,-0.7500000000000002,496048.3566895736,16.425581486412405,4.382230814991077,1.444614769394828,147.61216098767338,20.056445138322168,5.414990469396779,11.570356098935536,0.0,0.0,0.0,4.794537184071822,0.0,0.0,0.0,20.426410082979743,48.507193583492864,17.75371813848418,18.814814740009524,24.85098232239399,5.783244946364939,0.0,0.0,33.99868954667451,63.9466264420785,6.606881964512918,12.152040213667764,0.0,0.0,0.0,0.0,0.0,45.70475302346718,9.53140013787187,33.99868954667451,45.95158251401131,12.152040213667764,0.0,0.0,86.99000000000001,28.82502486686076,20.11411936859394,0.0,35.55883551875882,24.835569398847294,12.84164324585202,0.0,0.0,0.0,20.426410082979743,4.736862953800049,5.941527777777777,0.0,13.306469907407408,33.819514125094486,-1.5367553618669678,-2.3717004440665157,0.0,1.7474388227513222,8.593505172902494,0.0,0.85,25.0,3.0,5.0,4.0,2.0,6.0,0.0,0.0,0.0,5.0,3.0,5.0,0.0,4.0,2.0,6.0,6.0,1.4048,89.26440000000005,0.0,3.0,2.0,0.0,0.0,0.0,0.0,0.0,0.0,0.0,1.0,1.0,0.0,0.0,0.0,0.0,0.0,0.0,0.0,0.0,0.0,0.0,0.0,0.0,0.0,0.0,0.0,0.0,0.0,0.0,0.0,2.0,0.0,0.0,1.0,0.0,0.0,0.0,0.0,0.0,0.0,0.0,1.0,1.0,0.0,0.0,0.0,0.0,0.0,0.0,0.0,0.0,0.0,0.0,0.0,0.0,0.0,0.0,0.0,0.0,0.0,0.0,0.0,0.0,0.0,0.0,0.0,0.0,0.0,0.0,chembl_mpro_simfilter_potent,CHEMBL4523582,0.859375
25921781,CHEMBL5573491,C[C@H](c1cccc2ccccc12)N(C)Cc1ccc(O)cc1F,2810.0,nM,=,5.55,CHEMBL5528733,Inhibition of C-terminal His-tagged SARS-CoV-2 BetaCoV/Wuhan/WIV04/2019 PLpro expressed in Escherichia coli BL21 (DE3) cells preincubated for 30 mins followed by substrate addition and measured after 1 hrs by FRET assay,0.0028183829312644,13.942972127913508,13.942972127913508,0.0453658002584766,-0.3731761778785587,0.7423952040740583,12.695652173913045,309.38399999999996,289.224,309.15289248,118.0,0.1308801309373383,-0.5078563925737093,0.5078563925737093,0.1308801309373383,1.0434782608695652,1.7826086956521738,2.5652173913043477,19.14219378882642,9.983918720323429,2.157042298482094,-2.261631804244962,2.284079841242708,-2.222611538696818,5.85551877029565,0.2505409207180876,2.5583737849085777,1.8770852059109489,825.489551101201,16.396976746569035,13.330351406281578,13.330351406281578,11.058550648063802,7.713209156654767,7.713209156654767,5.935176362335347,5.935176362335347,4.391005681075936,4.391005681075936,2.922279405912781,2.922279405912781,-2.3899999999999992,190189.5071701037,15.503582135477622,6.386585671725946,3.197599977937064,135.34953314020825,5.106527394840706,11.5667326743298,0.0,0.0,0.0,0.0,4.899909730850477,4.39041504767482,0.0,0.0,48.53093654769288,36.37367617145601,24.21641579521914,0.0,9.496942442515524,10.772448428929591,0.0,4.899909730850477,0.0,19.51033443475116,7.04767198267719,77.60779450905599,5.749511833283905,0.0,4.39041504767482,5.749511833283905,0.0,17.054109108368372,6.544756405912575,5.817220841045894,24.092481012232575,60.6636706846161,0.0,10.772448428929591,23.47,0.0,9.496942442515524,0.0,17.60857350347776,12.10820789760957,6.06636706846161,22.402266989088197,6.06636706846161,19.18040611960041,42.15548227284915,0.0,13.942972127913508,0.0,2.1083673469387754,11.755612215892214,1.8075677647602253,-0.4185419781370354,19.044767908749723,0.0,2.6077296705719326,1.9848582766439908,0.2,23.0,1.0,2.0,0.0,0.0,0.0,3.0,0.0,3.0,2.0,1.0,3.0,4.0,0.0,0.0,0.0,3.0,4.877500000000004,91.89480000000005,0.0,0.0,0.0,0.0,0.0,0.0,0.0,1.0,0.0,0.0,0.0,0.0,0.0,0.0,0.0,1.0,0.0,0.0,0.0,0.0,0.0,0.0,0.0,0.0,0.0,0.0,0.0,0.0,0.0,0.0,3.0,1.0,0.0,0.0,0.0,0.0,0.0,1.0,0.0,0.0,0.0,0.0,0.0,0.0,0.0,0.0,0.0,0.0,0.0,0.0,0.0,0.0,0.0,0.0,1.0,1.0,0.0,0.0,0.0,0.0,0.0,0.0,0.0,0.0,0.0,0.0,0.0,0.0,0.0,0.0,chembl_mpro_simfilter_potent,CHEMBL4523582,0.859375
19964230,CHEMBL566136,CCOC(=O)c1c(N)sc(-c2ccccc2)c1C,3190.0,nM,=,5.5,CHEMBL4495583,SARS-CoV-2 3CL-Pro protease inhibition IC50 determined by FRET kind of response from peptide substrate,0.0031622776601683,11.83543965734442,11.83543965734442,0.3417304421768705,-0.3417304421768705,0.8604771353565335,10.333333333333334,261.346,246.2259999999999,261.08234972,94.0,0.3409150571262148,-0.4623058073177031,0.4623058073177031,0.3409150571262148,1.3333333333333333,2.0,2.611111111111111,32.133569971398984,10.0715881374193,2.2046242268627125,-2.026788402716987,2.37760260111565,-2.0680152431388668,7.194723356933329,0.0527170919668082,2.6611900580855767,2.4738551879462065,560.6730103519731,13.12095586463014,10.395953267715894,11.21244984864362,8.647065707741406,5.761637233826859,6.578133814754584,3.881932572200951,4.934131413524193,2.6895452499808723,3.859595221501873,1.8577729151805844,2.925263708093184,-1.8099999999999996,14977.177646905626,12.64185029514772,5.22697987596814,2.241080628927953,110.20358708012228,10.470530430962237,5.001081976687867,0.0,0.0,0.0,5.969305287951848,0.0,4.794537184071822,0.0,11.336785877934735,30.33183534230805,24.97437738277524,4.877147193701299,12.170333456209914,9.53140013787187,22.30717314257445,0.0,0.0,0.0,13.847474399381248,12.340549441675105,41.45873832570204,10.440598685398296,5.733667477162185,5.001081976687867,0.0,11.336785877934735,12.576187252464766,4.736862953800049,6.923737199690624,22.845177367156435,30.33183534230805,0.0,10.440598685398296,52.32,0.0,4.794537184071822,0.0,5.969305287951848,17.17141543289778,16.00405017709529,11.336785877934735,6.923737199690624,37.255572541998674,0.0,10.470530430962237,5.026525415721844,1.425209750566893,12.859655454774504,0.5183361678004534,8.391478174603174,-0.3417304421768705,9.908644022423786,0.0,4.045214789619552,0.0,0.2142857142857142,18.0,2.0,3.0,0.0,0.0,0.0,1.0,1.0,2.0,4.0,1.0,4.0,3.0,0.0,0.0,0.0,2.0,3.482420000000001,74.86090000000002,0.0,0.0,0.0,1.0,0.0,0.0,0.0,0.0,0.0,0.0,1.0,1.0,0.0,0.0,0.0,0.0,0.0,1.0,0.0,0.0,0.0,0.0,0.0,0.0,0.0,0.0,0.0,1.0,0.0,0.0,1.0,0.0,0.0,1.0,1.0,0.0,0.0,0.0,0.0,0.0,0.0,0.0,0.0,0.0,0.0,0.0,0.0,0.0,0.0,0.0,0.0,0.0,0.0,0.0,0.0,0.0,0.0,0.0,0.0,0.0,0.0,0.0,0.0,0.0,0.0,0.0,0.0,1.0,0.0,0.0,chembl_mpro_simfilter_potent,CHEMBL4523582,0.859375
25847337,CHEMBL5542652,CCOC(=O)/C=C/[C@H](C[C@@H]1CCNC1=O)NC(=O)[C@H](Cc1ccccc1)NC(=O)[C@@H](Cc1ccc(F)cc1)NC(=O)OC(C)(C)C,60.0,nM,=,7.22,CHEMBL5505507,Inhibition of C-terminal His-tagged SARS-CoV-2 PLpro BetaCoV/Wuhan/WIV04/2019 expressed in Escherichia coli BL21(DE3) using ISG-AMC substrate incubated for 3 hrs by FRET analysis,6.0255958607435806e-05,13.81726971646479,13.81726971646479,0.0072155635670245,-1.1730776459578565,0.1833714280014682,16.543478260869566,638.7370000000001,595.3930000000003,638.311577936,248.0,0.4078194269991204,-0.4628323197298202,0.4628323197298202,0.4078194269991204,0.9347826086956522,1.5434782608695652,2.130434782608696,19.14215170475671,9.967584824851787,2.314884221029027,-2.264360261486846,2.175477575655266,-2.561160769996787,5.918140131534755,-0.1369042307326128,3.3933746650043313,1.8622778485713871,1376.115813935919,33.691659197566096,26.638597231219947,26.638597231219947,21.82272075805029,15.3391023546398,15.3391023546398,12.018877385099742,12.018877385099742,7.056308934256743,7.056308934256743,4.877129407138873,4.877129407138873,-4.739999999999999,7295738590.032985,35.735818567600475,17.088978618926348,12.33410549742204,268.22147475316376,30.74088032362542,23.501953310325504,0.0,17.721539188054518,0.0,12.062545358890263,14.383611552215466,13.979489415818463,0.0,0.0,48.54058958606515,63.79622916493172,37.422166633907835,6.606881964512918,37.836826875634024,29.78408454694478,0.0,21.267154416025324,5.917906046161393,77.1048085888941,13.151638370425491,83.69346765426215,0.0,21.267154416025324,9.184952231746642,0.0,0.0,66.66229621579784,41.4935178897394,11.735126887207286,51.6634950280085,66.74934382982225,0.0,0.0,151.92999999999998,53.42069895706673,28.36310096803393,0.0,37.69443260880384,18.52902952053558,5.563451491696996,36.417508487514205,39.827682935685715,18.19910120538483,21.267154416025324,9.473725907600098,23.90631410019718,0.0,64.64030966887437,10.987855484109804,0.4921725769204808,-2.797333826185252,11.532059590862591,2.743852623112123,7.411436448775383,0.0,0.4411764705882353,46.0,4.0,11.0,0.0,1.0,1.0,2.0,0.0,2.0,7.0,4.0,12.0,14.0,0.0,1.0,1.0,3.0,3.1193000000000035,168.7757999999996,0.0,0.0,0.0,0.0,0.0,0.0,0.0,0.0,0.0,0.0,5.0,5.0,0.0,0.0,0.0,0.0,4.0,0.0,0.0,0.0,0.0,0.0,1.0,0.0,0.0,4.0,0.0,0.0,0.0,0.0,2.0,0.0,0.0,1.0,2.0,0.0,0.0,1.0,0.0,0.0,0.0,0.0,0.0,0.0,0.0,0.0,0.0,0.0,0.0,0.0,0.0,0.0,0.0,0.0,0.0,0.0,0.0,0.0,0.0,0.0,0.0,0.0,0.0,0.0,0.0,0.0,0.0,0.0,0.0,0.0,chembl_mpro_simfilter_potent,CHEMBL4523582,0.859375
24819104,CHEMBL5206451,CN(Cc1cn(C2C3=C(OC2(C)C)c2ccccc2C(=O)C3=O)nn1)C1=C(Br)C(=O)c2ccccc2C1=O,3100.0,nM,=,5.51,CHEMBL5139911,Inhibition of recombinant SARS-CoV-2 papain-like protease using Z-Arg-Leu-Arg-Gly-Gly-AMC as substrate by enzymatic assay,0.0030902954325135,13.213831412600076,13.213831412600076,0.1678979294248055,-0.8929058075919207,0.4322758141954632,19.842105263157897,573.4030000000002,552.2350000000001,572.069531872,190.0,0.2351049846164984,-0.4840731638568941,0.4840731638568941,0.2351049846164984,0.8947368421052632,1.4736842105263157,2.1315789473684212,79.91873198783544,9.830825094958431,2.5183038501863626,-2.2715732473010948,2.4900878355739016,-2.3497964976076062,9.117736047199072,-0.1120353992169327,3.462235016812886,1.3302009329816882,1664.5188872138287,26.92999246245913,20.688669780411185,22.27466631952589,18.097061335428332,11.915059177164244,12.708057446721597,9.967053951533254,10.760052221090604,7.050668513020246,7.78635754541971,5.3546540309689945,6.051001925724855,-4.179999999999999,473097148.881452,24.173508882991047,8.42060049376229,3.4337967627247044,225.4404315200601,9.636772684650529,28.793023819692117,0.0,23.132979785459757,0.0,0.0,19.178148736287287,4.681802935145184,0.0,5.098681808301038,53.744321643347746,29.7774182973306,29.30147794946517,22.7970770617996,23.915011690087333,44.82208855506528,0.0,19.893779569951565,0.0,32.03512244542547,7.04767198267719,98.4280304782722,0.0,0.0,0.0,0.0,15.929943897949348,55.675482149072195,16.076156543784446,0.0,62.22066074238111,70.48029651663575,0.0,5.759164871656176,111.46,23.209381532861524,19.178148736287287,0.0,33.863762695972234,33.70689883329262,0.0,4.681802935145184,66.67536183283362,13.847474399381248,26.242010801905252,4.736862953800049,7.942123306049189,3.3163027650819377,53.80374069650851,8.533462337484478,1.6819878237606185,-1.3591973062788698,12.898528832236478,1.6647009637188208,3.8256550963666767,1.6926954850721534,0.2142857142857142,38.0,0.0,9.0,2.0,1.0,3.0,2.0,1.0,3.0,8.0,0.0,10.0,4.0,0.0,0.0,0.0,6.0,3.922200000000003,139.4454999999999,0.0,0.0,0.0,0.0,0.0,3.0,0.0,0.0,0.0,0.0,4.0,4.0,0.0,0.0,0.0,4.0,0.0,0.0,1.0,0.0,0.0,0.0,0.0,0.0,2.0,0.0,0.0,0.0,0.0,0.0,2.0,3.0,0.0,0.0,1.0,0.0,0.0,1.0,0.0,0.0,0.0,0.0,4.0,4.0,0.0,0.0,0.0,0.0,0.0,0.0,0.0,0.0,0.0,0.0,0.0,0.0,0.0,0.0,0.0,0.0,0.0,0.0,0.0,0.0,0.0,0.0,0.0,0.0,0.0,0.0,chembl_mpro_simfilter_potent,CHEMBL4523582,0.859375
25872015,CHEMBL1716371,O=c1c2cc(Br)ccc2sn1-c1ccccc1,30.0,nM,=,7.52,CHEMBL5513032,Inhibition of recombinant SARS-CoV2 6xHis-tag-Main protease containing modified HRV-3C expressed in Escherichia coli using Mca-AVLQSGFR-K(Dnp)K peptide substrate assessed as fluorescent intensity,3.0199517204020195e-05,12.2336611866969,12.2336611866969,0.039351851851852,0.039351851851852,0.6698039231848304,10.882352941176473,306.184,298.12000000000006,304.950996976,84.0,0.272752358630089,-0.2673543187983883,0.272752358630089,0.2673543187983883,1.0588235294117647,1.8235294117647056,2.588235294117647,79.91873108178319,10.257979525657202,2.082687331925496,-1.9692181100074235,2.226951332773003,-2.0973342432053204,9.103022692417277,1.1440054483124833,2.6807079869784025,2.326444709573277,730.0093188940273,11.828062645816686,8.760476802953919,11.16296992299635,8.25402019542349,5.125735782539035,6.69213071423036,3.6668477632121856,5.570072255136488,2.5368134463905045,4.141972788346164,1.731489786575863,3.0711396907723407,-1.3899999999999997,13950.404364235606,10.744460732103002,4.126171826793669,1.832046285853935,110.41030428988007,0.0,0.0,0.0,0.0,5.559266895052007,0.0,4.794537184071822,3.956661108260597,0.0,0.0,45.66153171490085,30.33183534230805,4.472719515832414,15.773530405617455,0.0,37.548574640449914,0.0,3.956661108260597,0.0,0.0,0.0,63.35746014264912,5.687386274683562,5.559266895052007,0.0,0.0,27.462430509516025,3.956661108260597,0.0,0.0,0.0,57.79819324759711,0.0,15.773530405617455,22.0,0.0,4.794537184071822,0.0,5.559266895052007,0.0,20.24624992144987,11.532486611566677,3.956661108260597,48.53093654769288,15.929943897949348,0.0,3.6519117955824303,4.857583380574452,12.2336611866969,0.7576185752078611,0.9512244897959188,0.0,15.464667238809104,0.0,0.0,0.0,0.0,17.0,0.0,2.0,0.0,0.0,0.0,2.0,1.0,3.0,2.0,0.0,4.0,1.0,0.0,0.0,0.0,3.0,3.814700000000002,75.12200000000001,0.0,0.0,0.0,0.0,0.0,1.0,0.0,0.0,0.0,0.0,0.0,0.0,0.0,0.0,0.0,1.0,0.0,0.0,0.0,0.0,0.0,0.0,0.0,0.0,0.0,0.0,0.0,0.0,0.0,0.0,2.0,1.0,0.0,0.0,0.0,0.0,0.0,1.0,0.0,0.0,0.0,0.0,0.0,0.0,0.0,0.0,0.0,0.0,0.0,0.0,0.0,0.0,0.0,1.0,0.0,0.0,0.0,0.0,0.0,0.0,0.0,0.0,0.0,0.0,0.0,0.0,0.0,0.0,0.0,0.0,chembl_mpro_simfilter_potent,CHEMBL4523582,0.859375
25559087,CHEMBL5433491,FC1(F)CC(/N=c2\nc(-c3ccccc3)n(-c3ccccc3)s2)C1,323.0,nM,=,6.49,CHEMBL5347925,Inhibition of full-length recombinant SARS-CoV-2 3CL protease expressed in Escherichia coli BL21 (DE3) cells using fluorogenic MCA-AVLQSGFR-Lys (Dnp)-Lys-NH2 substrate preincubated for 10 mins followed by substrate addition measured for 3.5 mins by FRET assay,0.0003235936569296,13.02319556842735,13.02319556842735,0.1819570420760894,-2.5663798291355087,0.6972871357268752,17.666666666666668,343.4020000000001,328.28200000000004,343.0954749200001,122.0,0.2517820036457984,-0.2523186947889427,0.2523186947889427,0.2517820036457984,1.0,1.625,2.25,32.13719876188147,9.888841547766695,2.4492569744051083,-2.3081616163651164,2.3872635279551377,-2.388851154176611,7.036917612799368,-0.0841471926387055,2.986817589580913,1.785175008396031,832.7731253895481,16.570703332935974,12.770884546441174,13.5873811273689,11.606086266752904,7.735866249733463,8.509262911867436,5.85234591966461,6.765216848839887,3.9510873257118466,4.877412437677114,2.7182869125401594,3.6649189229757946,-2.339999999999999,422981.15976609057,15.203127655333953,5.941723295025519,3.013690966348042,141.65664283524012,0.0,0.0,5.824404497999927,4.801402653462074,5.922529168094576,0.0,4.992404732635668,12.737491203610237,4.983978520947208,0.0,48.53093654769288,23.665220748489897,18.405094737549017,11.729227103831525,8.78083009534964,11.532486611566677,0.0,8.940639629207805,4.992404732635668,24.80601324309456,0.0,65.46507333807817,17.075242264380485,4.801402653462074,8.78083009534964,0.0,11.532486611566677,20.905009626450344,0.0,0.0,12.84164324585202,65.65607541725177,0.0,17.075242264380485,30.18,5.922529168094576,8.78083009534964,0.0,18.88348407499998,4.801402653462074,17.075242264380485,11.532486611566677,0.0,64.6203317928767,9.976383253582876,0.0,28.03743800004442,1.3791572184429324,9.535163926681784,0.0,1.9511432613168729,-1.7917190203675568,19.336064031367066,-0.3639140841521788,0.0,0.0,0.2222222222222222,24.0,0.0,3.0,1.0,0.0,1.0,2.0,1.0,3.0,3.0,0.0,6.0,3.0,1.0,0.0,1.0,4.0,4.299200000000003,90.40900000000003,0.0,0.0,0.0,0.0,0.0,2.0,0.0,0.0,0.0,0.0,0.0,0.0,0.0,0.0,0.0,3.0,0.0,0.0,0.0,0.0,0.0,0.0,0.0,2.0,0.0,0.0,0.0,0.0,0.0,0.0,2.0,0.0,0.0,0.0,0.0,0.0,0.0,2.0,0.0,0.0,0.0,0.0,0.0,0.0,0.0,0.0,0.0,0.0,0.0,0.0,0.0,0.0,0.0,1.0,0.0,0.0,0.0,0.0,0.0,0.0,0.0,0.0,0.0,0.0,0.0,0.0,0.0,0.0,0.0,0.0,chembl_mpro_simfilter_potent,CHEMBL4523582,0.859375
19964252,CHEMBL28,O=c1cc(-c2ccc(O)cc2)oc2cc(O)cc(O)c12,3020.0,nM,=,5.52,CHEMBL4495583,SARS-CoV-2 3CL-Pro protease inhibition IC50 determined by FRET kind of response from peptide substrate,0.003019951720402,12.020909549004788,12.020909549004788,0.0188225413622242,-0.410347222222222,0.6318329361180623,10.8,270.24,260.15999999999997,270.05282342000004,100.0,0.1965791544919625,-0.5079662131563947,0.5079662131563947,0.1965791544919625,0.85,1.55,2.25,16.34087279996992,10.107132531499676,2.1149612945712937,-2.0489111854048945,2.3020736557633477,-2.0013561274752663,5.85487750377117,0.4520706539426404,2.3753605883995608,2.289397285517239,846.5071386809373,14.27565640300939,10.199589251754984,10.199589251754984,9.541713895658196,5.836610841560529,5.836610841560529,4.359807076643354,4.359807076643354,2.9464436208388474,2.9464436208388474,2.021882175737375,2.021882175737375,-2.9499999999999997,38062.77806851456,12.102762105524212,4.307802293511395,1.9482607084715255,112.51920203793703,19.736733121575465,33.978027274833195,5.428790391900541,0.0,0.0,0.0,4.794537184071822,0.0,0.0,0.0,0.0,24.26546827384644,23.762552697081823,0.0,19.736733121575465,10.969244356107035,0.0,0.0,0.0,0.0,0.0,52.68789705520363,28.57223441042315,5.428790391900541,0.0,17.248535499851716,0.0,15.319582184522115,0.0,0.0,0.0,51.67625760035644,0.0,22.29294326667848,90.9,5.428790391900541,20.11411936859394,0.0,33.978027274833195,5.563451491696996,6.06636706846161,24.26546827384644,12.13273413692322,0.0,0.0,4.417150937053347,5.528562925170068,0.0,12.020909549004788,28.385463054061535,0.2866043083900236,-0.1326969954648515,9.744490492171767,0.0,0.0,0.0,0.0,20.0,3.0,5.0,0.0,0.0,0.0,2.0,1.0,3.0,5.0,3.0,5.0,1.0,0.0,0.0,0.0,3.0,2.576800000000001,72.91440000000001,0.0,0.0,0.0,0.0,0.0,0.0,0.0,3.0,0.0,0.0,0.0,0.0,0.0,0.0,0.0,0.0,0.0,0.0,0.0,0.0,0.0,0.0,0.0,0.0,0.0,0.0,0.0,0.0,0.0,0.0,2.0,1.0,0.0,0.0,0.0,0.0,0.0,0.0,0.0,0.0,0.0,0.0,0.0,0.0,0.0,0.0,0.0,0.0,0.0,0.0,0.0,0.0,0.0,0.0,3.0,3.0,0.0,0.0,0.0,0.0,0.0,0.0,0.0,0.0,0.0,0.0,0.0,0.0,0.0,0.0,chembl_mpro_simfilter_potent,CHEMBL4523582,0.859375
25455353,CHEMBL5409319,C#C[C@H](C[C@@H]1CCNC1=O)NC(=O)[C@@H]1[C@@H]2[C@H](CN1C(=O)COc1ccc(C(F)(F)F)cc1)C2(C)C,3000.0,nM,=,5.52,CHEMBL5319883,Inhibition of C-terminal recombinant SARS-CoV-2 main protease using ALNDFSNSGSDVLYQPPQTSITSAVLQ/SGFRKMAFPS-NH2 and AcSGFRXMAFPS-NH2 as substrate preincubated for 15 mins followed by substrate addition and measured for 30 mins by SPE-MS analysis,0.003019951720402,13.266905934103942,13.266905934103942,0.0363678318868621,-4.4621799141127765,0.5729973134260599,27.428571428571427,491.5100000000003,463.28600000000023,491.203191036,188.0,0.4159140545582208,-0.4837790072955159,0.4837790072955159,0.4159140545582208,1.3142857142857145,2.0,2.5714285714285716,19.413190106031468,9.968973822066824,2.689202627252643,-2.306294828327949,2.644028064046693,-2.526922386759717,5.903140800633035,-0.1416823732652764,3.157802668221054,1.3936599714317015,1047.5221429806145,25.543241116511,19.523136774212087,19.523136774212087,16.42890734949781,11.569011635468636,11.569011635468636,9.995561999139955,9.995561999139955,7.542127691277072,7.542127691277072,5.3914333598466575,5.3914333598466575,-3.219999999999999,47043592.61161526,24.890405304549656,9.096492096035242,4.948154901345952,201.3013110001405,20.270349892663187,11.791352662431866,6.606881964512918,11.814359458703011,5.907179729351506,6.176298517443475,14.383611552215466,0.0,13.17124514302446,6.423349895620259,19.767908718236892,54.357914081418016,19.007418857986544,11.605292320844956,32.291719649039976,17.721539188054518,0.0,15.533486938863138,23.16870860788096,44.94909782097267,19.696394776338067,29.828919765543436,18.093296047759807,15.370440161812713,13.17124514302446,5.749511833283905,0.0,54.40152535353898,20.55991006965894,35.512492822356855,32.25256913693026,24.26546827384644,0.0,0.0,87.74000000000001,36.337493361300815,27.554856695239927,0.0,40.73257989986787,25.93115605767717,24.26546827384644,4.899909730850477,0.0,13.847474399381248,16.554011526868305,11.160212849420308,43.62552825786321,0.0,39.591110891408825,5.582788050725311,-0.919200836090076,1.632986840950155,2.7041079780313804,2.131509925535977,4.651168891575216,0.0,0.56,35.0,2.0,7.0,1.0,2.0,3.0,1.0,0.0,1.0,4.0,2.0,10.0,7.0,1.0,2.0,3.0,4.0,2.2114000000000003,119.69840000000003,0.0,0.0,0.0,0.0,0.0,0.0,0.0,0.0,0.0,0.0,3.0,3.0,0.0,0.0,0.0,1.0,2.0,0.0,0.0,1.0,0.0,0.0,0.0,3.0,0.0,3.0,0.0,0.0,0.0,0.0,1.0,1.0,0.0,0.0,1.0,0.0,0.0,3.0,0.0,0.0,0.0,0.0,0.0,0.0,0.0,0.0,0.0,0.0,0.0,0.0,0.0,0.0,0.0,0.0,0.0,0.0,1.0,0.0,0.0,0.0,0.0,0.0,0.0,0.0,1.0,0.0,0.0,0.0,0.0,0.0,chembl_mpro_simfilter_potent,CHEMBL4523582,0.859375
24977676,CHEMBL5271977,C=CC(=O)N(c1ccc(C(C)(C)C)cc1)[C@H](C(=O)NCCc1cccc(F)c1)c1cccnc1,2860.0,nM,=,5.54,CHEMBL5225084,Inhibition of SARS-CoV-2 Main protease,0.0028840315031266,13.478152508313633,13.478152508313633,0.052733393434984,-0.9516701835055013,0.4747913870408446,12.0,459.56500000000017,429.3250000000002,459.23220542,176.0,0.2508941533941499,-0.3536578186744577,0.3536578186744577,0.2508941533941499,1.1176470588235294,1.8529411764705883,2.4411764705882355,19.142147343109,9.867672023550488,2.316600931371607,-2.308082728758031,2.304083735915825,-2.4361820732165063,6.0592506015588095,-0.1248196741386593,2.8180222700390933,1.915485109844556,1138.3177469474529,24.71696770287793,19.793112357151276,19.793112357151276,16.201727166047124,11.1871726130929,11.1871726130929,9.069081151301154,9.069081151301154,5.532189250987676,5.532189250987676,3.698530935123818,3.698530935123818,-3.7999999999999985,29197731.63747849,24.83481347170248,10.87920391297015,6.15943600099196,199.88827519557512,5.316788604006331,11.859061670193856,0.0,5.907179729351506,5.907179729351506,0.0,19.472962619941327,4.39041504767482,0.0,0.0,57.68198262497842,59.370570524858714,30.189281315519285,0.0,13.979489415818463,17.501745733386574,0.0,10.300767124953538,0.0,38.64886452054262,11.444666136763052,108.21988893441151,0.0,10.216698334856808,10.077801322358384,0.0,0.0,23.343094385562793,21.424886460466432,5.817220841045894,43.50340690331082,85.71231361827464,0.0,0.0,62.3,11.949020558499466,13.979489415818463,0.0,23.684147445706756,17.671659389306566,11.126902983393991,23.108663974607577,36.6591554170726,24.26546827384644,37.650914407623915,0.0,13.478152508313633,0.0,32.00536661982031,2.896681390148652,2.977481896520202,-1.0873475221317472,16.38654691295922,4.837222865788484,10.255895328581254,0.0,0.25,34.0,1.0,5.0,0.0,0.0,0.0,2.0,1.0,3.0,3.0,1.0,6.0,8.0,0.0,0.0,0.0,3.0,5.137400000000004,132.91669999999996,0.0,0.0,0.0,0.0,0.0,1.0,0.0,0.0,0.0,0.0,2.0,2.0,0.0,0.0,0.0,2.0,1.0,0.0,0.0,0.0,0.0,0.0,0.0,0.0,0.0,2.0,0.0,1.0,0.0,0.0,2.0,0.0,0.0,0.0,0.0,0.0,0.0,1.0,0.0,0.0,0.0,0.0,0.0,0.0,0.0,0.0,0.0,0.0,0.0,0.0,0.0,0.0,0.0,0.0,0.0,0.0,0.0,0.0,0.0,1.0,0.0,0.0,0.0,0.0,0.0,0.0,0.0,0.0,0.0,0.0,chembl_mpro_simfilter_potent,CHEMBL4523582,0.859375
19964215,CHEMBL286080,Oc1cc2c(cc1O)C(c1ccccc1)CNCC2,2800.0,nM,=,5.55,CHEMBL4495583,SARS-CoV-2 3CL-Pro protease inhibition IC50 determined by FRET kind of response from peptide substrate,0.0028183829312644,9.761376291257244,9.761376291257244,0.0347577055513559,-0.0402026643990931,0.6857078628944854,18.63157894736842,255.317,238.18099999999995,255.125928784,98.0,0.1572066943255106,-0.5042530567270994,0.5042530567270994,0.1572066943255106,1.0,1.736842105263158,2.526315789473684,16.30294153645877,9.876164690868938,2.2133610041079677,-2.1845091537993095,2.3560035197688807,-2.203265564777476,5.4965417917896024,0.4021001128192126,2.6278592436370745,2.1083178885481204,580.802846497346,13.242276208189782,10.634549688076568,10.634549688076568,9.254020195423491,6.55885646783548,6.55885646783548,4.95712977129038,4.95712977129038,3.733326288916377,3.733326288916377,2.7393018898209234,2.7393018898209234,-1.9999999999999996,34288.30741097655,12.055401662049862,4.938271604938271,2.2907231555880205,112.08076431761828,15.529843393687742,0.0,11.49902366656781,0.0,0.0,0.0,0.0,0.0,0.0,0.0,30.33183534230805,41.7886666408528,12.462662452073968,0.0,10.213054789681411,0.0,0.0,5.316788604006331,0.0,12.338727669087405,13.08951281182515,59.15492395432226,11.49902366656781,5.316788604006331,0.0,11.49902366656781,0.0,23.302567601506563,6.4208216229260096,0.0,22.60826052125238,42.46456947923127,0.0,0.0,52.49,0.0,10.213054789681411,0.0,17.416929712729203,0.0,30.63723741814515,5.563451491696996,12.13273413692322,18.19910120538483,17.449522740929552,0.0,0.0,0.0,0.0,22.833309712773996,3.434160052910053,0.138187778197699,13.65556836314773,0.867566373771731,1.7378743858654573,0.0,0.25,19.0,3.0,3.0,0.0,1.0,1.0,2.0,0.0,2.0,3.0,3.0,3.0,1.0,0.0,0.0,0.0,3.0,2.3754,74.63030000000003,0.0,0.0,0.0,0.0,0.0,0.0,0.0,2.0,0.0,0.0,0.0,0.0,0.0,0.0,0.0,0.0,1.0,0.0,0.0,0.0,0.0,0.0,0.0,0.0,0.0,0.0,0.0,0.0,0.0,0.0,2.0,1.0,0.0,0.0,0.0,0.0,0.0,0.0,0.0,0.0,0.0,0.0,0.0,0.0,0.0,0.0,0.0,0.0,0.0,0.0,0.0,0.0,0.0,0.0,2.0,2.0,0.0,0.0,0.0,0.0,0.0,0.0,0.0,0.0,0.0,0.0,0.0,0.0,0.0,0.0,chembl_mpro_simfilter_potent,CHEMBL4523582,0.859375
25554592,CHEMBL12722,NCc1cccc(F)c1,71.0,nM,=,7.15,CHEMBL5346746,Inhibition of SARS-Cov-2 main protease using fluorogenic substrate [5-FAM]-AVLQSGFR-[Lys(Dabcyl)]-K-amide by fluorogenic assay,7.079457843841373e-05,12.29861111111111,12.29861111111111,0.22412037037037,-0.22412037037037,0.6008283997611804,9.555555555555555,125.14599999999996,117.08199999999998,125.064077476,48.0,0.1230309783049682,-0.3264958172128254,0.3264958172128254,0.1230309783049682,1.4444444444444444,2.2222222222222223,2.6666666666666665,19.142139579002684,10.204228551544505,1.886172047058012,-1.9244331919840267,2.0038273639436275,-1.9502773404897376,5.149307752411286,0.6252505990808227,1.8814083105156787,2.9368661023365914,197.86256853719752,6.69023444431199,4.971822600143904,4.971822600143904,4.325698502695489,2.7721511226076694,2.7721511226076694,1.8340446496257357,1.8340446496257357,1.1247308607295263,1.1247308607295263,0.6639376198073228,0.6639376198073228,-0.89,126.05435680455048,6.233304562268803,2.5968670147663526,1.5041227606108942,53.30177133383253,5.733667477162185,5.817220841045894,0.0,0.0,0.0,0.0,0.0,4.39041504767482,0.0,0.0,12.13273413692322,17.696185628620217,6.544756405912575,0.0,4.39041504767482,0.0,0.0,0.0,5.733667477162185,6.544756405912575,0.0,35.646140606589334,0.0,5.733667477162185,4.39041504767482,0.0,0.0,0.0,6.544756405912575,5.817220841045894,5.563451491696996,24.26546827384644,0.0,0.0,26.02,0.0,4.39041504767482,0.0,5.817220841045894,6.544756405912575,5.563451491696996,12.13273413692322,12.13273413692322,0.0,0.0,5.733667477162185,12.29861111111111,0.0,0.0,0.0,6.080740740740741,-0.22412037037037,6.277546296296296,0.0,0.4005555555555553,0.0,0.1428571428571428,9.0,2.0,1.0,0.0,0.0,0.0,1.0,0.0,1.0,1.0,1.0,2.0,1.0,0.0,0.0,0.0,1.0,1.2844,34.29140000000001,0.0,0.0,0.0,0.0,0.0,0.0,0.0,0.0,0.0,0.0,0.0,0.0,0.0,0.0,0.0,0.0,0.0,1.0,0.0,0.0,0.0,0.0,0.0,0.0,0.0,0.0,0.0,0.0,0.0,0.0,1.0,0.0,0.0,0.0,0.0,0.0,0.0,1.0,0.0,0.0,0.0,0.0,0.0,0.0,0.0,0.0,0.0,0.0,0.0,0.0,0.0,0.0,0.0,0.0,0.0,0.0,0.0,0.0,0.0,0.0,0.0,0.0,0.0,0.0,0.0,0.0,0.0,0.0,0.0,0.0,chembl_mpro_simfilter_potent,CHEMBL4523582,0.859375
19964248,CHEMBL52,CC(Cc1ccc(O)c(O)c1)C(C)Cc1ccc(O)c(O)c1,2590.0,nM,=,5.59,CHEMBL4495583,SARS-CoV-2 3CL-Pro protease inhibition IC50 determined by FRET kind of response from peptide substrate,0.0025703957827688,9.541866528916945,9.541866528916945,0.0964722631732009,-0.1073889021332199,0.636536149264244,13.727272727272728,302.37,280.19399999999996,302.151809184,118.0,0.15716236137209,-0.5042598931275362,0.5042598931275362,0.15716236137209,0.6363636363636364,1.0,1.318181818181818,16.30638484725471,9.851099769238289,2.1496231302373965,-2.202461213111892,2.2967746817674373,-2.132395676636083,5.411758622810225,0.3766985107918637,2.4647686701849887,2.000803251459526,594.0305701374937,16.27565640300939,12.821870097889937,12.821870097889937,10.363081100704113,7.382132168251947,7.382132168251947,6.0089494185557335,6.0089494185557335,4.166409854883566,4.166409854883566,2.5379048190276685,2.5379048190276685,-2.36,69045.56475789209,16.018207439456763,6.602169515973054,3.8452965116938183,129.85508502072472,20.426109579362823,0.0,22.99804733313562,0.0,0.0,0.0,0.0,0.0,0.0,0.0,25.980208536304467,60.06982659541523,0.0,0.0,20.426109579362823,0.0,0.0,0.0,11.835812092322788,26.689117645233267,0.0,47.52510539416365,22.99804733313562,0.0,0.0,22.99804733313562,0.0,20.426109579362823,12.84164324585202,11.835812092322788,24.97437738277524,36.39820241076966,0.0,0.0,80.92,0.0,20.426109579362823,0.0,22.99804733313562,11.835812092322788,23.96854622924601,12.13273413692322,12.13273413692322,12.13273413692322,13.847474399381248,0.0,0.0,0.0,0.0,37.75602517368661,1.95037656420593,0.3142939203319804,9.796936931848547,1.581492819349962,4.267541257243638,0.0,0.3333333333333333,22.0,4.0,4.0,0.0,0.0,0.0,2.0,0.0,2.0,4.0,4.0,4.0,5.0,0.0,0.0,0.0,2.0,3.5664000000000033,85.27920000000002,0.0,0.0,0.0,0.0,0.0,0.0,0.0,4.0,0.0,0.0,0.0,0.0,0.0,0.0,0.0,0.0,0.0,0.0,0.0,0.0,0.0,0.0,0.0,0.0,0.0,0.0,0.0,0.0,0.0,0.0,2.0,0.0,0.0,0.0,0.0,0.0,0.0,0.0,0.0,0.0,0.0,0.0,0.0,0.0,0.0,0.0,0.0,0.0,0.0,0.0,0.0,0.0,0.0,0.0,4.0,4.0,0.0,0.0,0.0,0.0,0.0,0.0,0.0,0.0,0.0,0.0,0.0,0.0,0.0,0.0,chembl_mpro_simfilter_potent,CHEMBL4523582,0.859375
25872028,CHEMBL4094994,COC(=O)Cn1sc2ccccc2c1=O,2830.0,nM,=,5.55,CHEMBL5513032,Inhibition of recombinant SARS-CoV2 6xHis-tag-Main protease containing modified HRV-3C expressed in Escherichia coli using Mca-AVLQSGFR-K(Dnp)K peptide substrate assessed as fluorescent intensity,0.0028183829312644,11.745466742252455,11.745466742252455,0.0191666666666667,-0.4132813681027965,0.719481672734886,10.466666666666669,223.253,214.181,223.030314148,78.0,0.32633216816967,-0.4676543825959117,0.4676543825959117,0.32633216816967,1.4666666666666666,2.2,2.8666666666666667,32.137200240343084,10.27044323827364,2.093380062433643,-1.9632694373652144,2.149713993964699,-2.1892306757302884,7.134326459455854,-0.1406565630724675,2.5653534405675393,2.491331901412402,555.0379971878009,10.836498814253964,8.096714615300462,8.913211196228188,7.21954535281284,4.378057280776361,5.151453942910335,3.0053459917930625,4.068519658837781,2.05290578674888,3.120906776139242,1.3033299406985186,2.285107185575774,-1.62,3704.370368179527,9.916984414685054,3.86008447928996,1.779297072129876,89.85555615091515,4.736862953800049,6.544756405912575,0.0,0.0,5.559266895052007,5.969305287951848,13.54573547640424,0.0,0.0,0.0,23.665220748489897,12.13273413692322,0.0,17.19594167221143,9.53140013787187,27.58793603045242,0.0,3.956661108260597,0.0,6.544756405912575,7.109797541277533,34.61927235297027,0.0,5.559266895052007,0.0,0.0,11.532486611566677,17.03576393748998,16.076156543784446,0.0,0.0,29.060005457918265,0.0,10.086144130933896,48.3,5.969305287951848,9.589074368143644,0.0,12.10402330096458,5.386224214464796,4.6999199164691,22.59894526110481,12.13273413692322,12.13273413692322,4.736862953800049,0.0,6.793380102040816,1.2709259259259258,22.780428004535143,0.6448176492819353,-0.1379629629629626,-0.4132813681027965,7.274618764172335,0.0,-0.0191666666666667,1.306240551776266,0.2,15.0,0.0,4.0,0.0,0.0,0.0,1.0,1.0,2.0,4.0,0.0,5.0,2.0,0.0,0.0,0.0,2.0,1.236,58.10100000000001,0.0,0.0,0.0,0.0,0.0,1.0,0.0,0.0,0.0,0.0,1.0,1.0,0.0,0.0,0.0,1.0,0.0,0.0,0.0,0.0,0.0,0.0,0.0,0.0,0.0,0.0,0.0,0.0,0.0,0.0,1.0,1.0,0.0,1.0,1.0,0.0,0.0,0.0,0.0,0.0,0.0,0.0,0.0,0.0,0.0,1.0,0.0,0.0,0.0,0.0,0.0,0.0,0.0,0.0,0.0,0.0,0.0,0.0,0.0,0.0,0.0,0.0,0.0,0.0,0.0,0.0,0.0,0.0,0.0,0.0,chembl_mpro_simfilter_potent,CHEMBL4523582,0.859375
26184821,CHEMBL5646656,[O-][S+](Cc1cccnc1)c1nnc(-c2ccc(C(F)(F)F)cc2)o1,86.0,nM,=,7.07,CHEMBL5634901,Inhibition of SARS-CoV-2 3CL protease expressed in Escherichia coli BL21 (DE3) Rosetta competent cells using DabcylKNSTLQSGLRKE-Edan as fluorescence substrate preincubated for 60 mins followed by substrate addition and measured after 20 mins by FRET assay,8.51138038202376e-05,12.542274288922815,12.542274288922815,0.0122788590744944,-4.4129475811318395,0.6716599973090154,13.0,353.325,343.245,353.04458221999994,124.0,0.435596139687399,-0.6073608273987547,0.6073608273987547,0.435596139687399,1.0833333333333333,1.8333333333333333,2.4583333333333335,32.22789432568552,10.126831627218552,2.3003055226831712,-2.05750295299749,2.305907518782443,-2.0520470074468244,7.899341609035774,-0.1371251271218425,3.051430362717531,1.7521506953373749,806.8365286060425,17.156489770562874,12.0261880116227,12.842684592550428,11.431671556017465,6.71720985296088,8.036141745947702,4.799364647951627,6.1283246967051594,3.0809537708732395,4.2309863491931505,1.9168357171864192,2.8175949905528515,-2.39,350792.43449800735,16.46716269299884,6.616525346493109,3.740651695921171,137.2881997601008,8.969900810743711,5.752853606746789,0.0,0.0,5.890723922025908,11.399054423290163,4.983978520947208,0.0,13.17124514302446,5.098681808301038,11.165048876762649,30.33183534230805,23.520590126620142,16.739305965082284,22.14114595376817,11.175854473385288,0.0,15.181342137549285,0.0,17.15190803003695,0.0,59.918792537389805,11.454175413722904,0.0,13.17124514302446,0.0,0.0,19.73409201123965,23.10500659757555,0.0,11.126902983393991,58.43179639689585,0.0,11.454175413722904,74.87,22.91560448252576,17.723995016714824,0.0,16.866333434619385,5.563451491696996,17.696185628620217,12.13273413692322,24.526421280149375,0.0,15.181342137549285,4.417150937053347,55.11460369938513,-1.5660704487556336,3.9192490555667656,7.345653265936004,0.288318514590576,0.1675217985878168,7.775741718575759,-1.2394620483308652,0.0,0.0,0.1333333333333333,24.0,0.0,5.0,0.0,0.0,0.0,1.0,2.0,3.0,5.0,0.0,9.0,4.0,0.0,0.0,0.0,3.0,3.4582000000000024,79.0854,0.0,0.0,0.0,0.0,0.0,3.0,0.0,0.0,0.0,0.0,0.0,0.0,0.0,0.0,0.0,3.0,0.0,0.0,0.0,0.0,0.0,0.0,0.0,3.0,0.0,0.0,0.0,0.0,0.0,0.0,1.0,0.0,0.0,0.0,0.0,0.0,0.0,3.0,0.0,0.0,0.0,0.0,0.0,0.0,0.0,0.0,0.0,0.0,0.0,0.0,0.0,0.0,0.0,0.0,0.0,0.0,0.0,0.0,0.0,1.0,0.0,0.0,0.0,0.0,0.0,0.0,0.0,0.0,0.0,0.0,chembl_mpro_simfilter_potent,CHEMBL4523582,0.859375
25081266,CHEMBL5283942,C[C@H](NC(=O)[C@@H](c1ccccc1)N(C(=O)c1ccco1)c1ccc(-c2ccccc2)cc1)c1ccccc1,0.2,nM,=,9.7,CHEMBL5255870,Inhibition of SARS-CoV-2 main protease by FRET analysis,1.995262314968883e-07,13.969036718886104,13.969036718886104,0.1546063613181214,-0.9282059922734532,0.2448027942153614,12.342105263157896,500.5980000000002,472.3740000000003,500.209992756,188.0,0.2944725181299926,-0.4591823538958332,0.4591823538958332,0.2944725181299926,0.6578947368421053,1.2105263157894737,1.7894736842105263,16.34140995554741,10.00004622927363,2.347302601034627,-2.3168482221541633,2.321302497580046,-2.4422441196946507,6.08411034546811,-0.1226956547333705,3.5223558362317995,1.56420091681432,1466.3499076548003,26.321415709563013,21.028364927442578,21.028364927442578,18.614193540729627,12.544297802783587,12.544297802783587,9.019535537336491,9.019535537336491,6.4835540476428335,6.4835540476428335,4.518031261667859,4.518031261667859,-4.899999999999999,791267425.3896759,24.779368792728913,11.438007154409243,5.420294089923652,221.91155983371183,9.733939541059678,6.041840829147961,5.7602474188744415,5.907179729351506,5.907179729351506,0.0,14.48898409899412,0.0,0.0,0.0,103.1282401638474,53.44301144032504,5.687386274683562,12.305003824787018,14.006225305196992,17.501745733386574,0.0,5.316788604006331,0.0,19.007418857986547,4.899909730850477,150.54402183560134,11.126902983393991,10.216698334856808,5.687386274683562,0.0,0.0,11.814359458703011,4.794537184071822,0.0,40.6891064443268,138.07402237038627,0.0,11.126902983393991,62.55,11.949020558499466,9.589074368143644,0.0,17.70926797737391,11.250837766380558,16.690354475090988,11.163072726489537,12.13273413692322,122.18471150046128,5.316788604006331,4.417150937053347,5.484083763925936,0.0,29.367444133581397,3.118949117844771,4.332128113717498,-0.5412978675298306,38.84819848378714,1.457328436004031,1.9331658186690657,0.0,0.0909090909090909,38.0,1.0,5.0,0.0,0.0,0.0,4.0,1.0,5.0,3.0,1.0,5.0,8.0,0.0,0.0,0.0,5.0,7.212100000000007,149.5781999999997,0.0,0.0,0.0,0.0,0.0,0.0,0.0,0.0,0.0,0.0,2.0,2.0,0.0,0.0,0.0,1.0,1.0,0.0,0.0,0.0,0.0,0.0,0.0,0.0,0.0,2.0,0.0,1.0,0.0,0.0,4.0,0.0,0.0,0.0,0.0,1.0,0.0,0.0,0.0,0.0,0.0,0.0,0.0,0.0,0.0,0.0,0.0,0.0,0.0,0.0,0.0,0.0,0.0,0.0,0.0,0.0,0.0,0.0,0.0,0.0,0.0,0.0,0.0,0.0,0.0,0.0,0.0,0.0,0.0,0.0,chembl_mpro_simfilter_potent,CHEMBL4523582,0.859375
24720791,CHEMBL5172924,CC(=O)N(C[C@@H]1CCNC1=O)NC(=O)[C@H](CC(C)C)NC(=O)c1cc2c(F)cccc2[nH]1,332.0,nM,=,6.48,CHEMBL5112747,Inhibition of recombinant full length SARS-CoV-2 3CLpro expressed in Escherichia coli using Ac-Abu-Tle-Leu-Gln-MCA as fluorogenic substrate preincubated for 30 mins followed by substrate addition and measured for 6 hrs by multimode plate reader analysis,0.0003311311214825,13.957721424147358,13.957721424147358,0.0521292470156102,-0.9323946523053668,0.4820100271158824,16.65625,445.4950000000001,417.2710000000002,445.212532596,172.0,0.2678819358613861,-0.3557776368709561,0.3557776368709561,0.2678819358613861,1.28125,2.03125,2.625,19.142180224005227,10.028178605366485,2.3017483499737796,-2.271468071839277,2.1880281695486774,-2.5504659467753727,6.000473933696994,-0.1420510018755142,3.333160913648527,1.7238656597209894,1034.4977019986898,23.41348460451408,18.32805023943821,18.32805023943821,15.15077480093882,10.597559878607475,10.597559878607475,8.421984286289936,8.421984286289936,5.3755211779385315,5.3755211779385315,3.6829283103397272,3.6829283103397272,-3.4299999999999993,12471154.88485251,23.237686864202335,9.7979361902021,5.428510134899611,184.61676656463348,15.61755572895987,17.552989665042315,0.0,11.814359458703011,11.814359458703011,0.0,29.6128526573522,4.39041504767482,0.0,0.0,19.913841467842857,36.95865049739824,24.371418537684256,12.462662452073968,23.568563783962105,34.53164384948708,0.0,26.052259650024784,11.835812092322788,39.654695674071846,13.08951281182515,35.7766171097408,0.0,16.059368605123048,4.39041504767482,0.0,0.0,52.752963603280875,14.383611552215466,17.65303293336868,44.10132002384417,24.26546827384644,0.0,10.902924932081056,123.4,35.498506904409766,23.568563783962105,0.0,29.449994390738738,24.90310036938086,5.008912523954531,25.122838405075452,6.06636706846161,13.847474399381248,21.043347126070255,0.0,13.957721424147358,0.0,52.48374751803483,6.752794843260663,3.134709420831632,-2.504871739633816,4.944563856143352,0.892269564985495,5.672398445563822,0.0,0.4545454545454545,32.0,4.0,9.0,0.0,1.0,1.0,1.0,1.0,2.0,4.0,4.0,10.0,7.0,0.0,1.0,1.0,3.0,1.4673000000000005,115.61230000000003,0.0,0.0,0.0,0.0,0.0,1.0,1.0,0.0,0.0,0.0,4.0,4.0,0.0,0.0,0.0,1.0,4.0,0.0,0.0,0.0,1.0,0.0,0.0,0.0,0.0,4.0,0.0,0.0,0.0,0.0,1.0,1.0,0.0,0.0,0.0,0.0,0.0,1.0,1.0,0.0,0.0,0.0,0.0,0.0,0.0,0.0,0.0,0.0,0.0,0.0,0.0,0.0,0.0,0.0,0.0,0.0,0.0,0.0,0.0,0.0,0.0,0.0,0.0,0.0,0.0,0.0,0.0,0.0,0.0,0.0,chembl_mpro_simfilter_potent,CHEMBL4523582,0.859375
24839618,CHEMBL5177146,O=C(Cn1sc2cc(F)ccc2c1=O)Nc1ccccc1C(F)(F)F,334.8,nM,=,6.47,CHEMBL5145098,Inhibition of SARS-CoV-2 main protease using Mca-AVLQSGFRK(Dnp)K as substrate preincubated with enzyme for 10 mins followed by substrate addition and measured every 30 secs for 10 mins by fluorescence based analysis,0.0003388441561392,13.193332063898165,13.193332063898165,0.2452700617283953,-4.615228345521455,0.7121142840593959,11.68,370.327,360.247,370.03991144,130.0,0.4179032739665688,-0.3239111153298924,0.4179032739665688,0.3239111153298924,1.16,1.88,2.6,32.13720104236076,10.145446298183394,2.33112718270798,-2.1288431404058783,2.3406948818906925,-2.244766073755138,7.134457102109464,-0.1365173559713387,2.817248273881377,1.849224179505002,1007.272741880011,18.189869965382485,12.432375024442385,13.24887160537011,11.75303876106338,7.009647662811605,7.783044324945579,5.1650545096086535,6.2282281766533725,3.4028944984058387,4.452663854506002,2.306454705449987,3.325941112749889,-2.679999999999999,379331.21108503186,17.153053800207758,6.320498570343795,3.553955393718707,142.0111089227853,5.316788604006331,12.36197724695847,0.0,5.907179729351506,5.559266895052007,6.176298517443475,13.54573547640424,4.39041504767482,13.17124514302446,0.0,23.665220748489897,30.33183534230805,0.0,21.336981897314452,22.3561973747711,33.21319674653564,0.0,3.956661108260597,0.0,12.72105492335605,5.316788604006331,64.19904589109798,0.0,10.87605549905834,23.24904646538284,0.0,11.532486611566677,9.863840837612102,17.51559210742787,5.817220841045894,5.563451491696996,47.25910666330309,0.0,10.086144130933896,51.1,35.56817388050246,27.150734558842927,0.0,11.073610489148358,4.6999199164691,39.75461599367371,18.19910120538483,0.0,0.0,5.316788604006331,0.0,53.39528850862788,0.8678054269547323,24.196219135802473,2.4077075459813555,-1.8670650141688647,-1.3099220775316551,8.141474109349115,-4.615228345521455,-0.4662792894935754,0.0,0.125,25.0,1.0,4.0,0.0,0.0,0.0,2.0,1.0,3.0,3.0,1.0,9.0,3.0,0.0,0.0,0.0,3.0,3.8596000000000017,86.11670000000002,0.0,0.0,0.0,0.0,0.0,1.0,0.0,0.0,0.0,0.0,1.0,1.0,0.0,0.0,0.0,1.0,1.0,0.0,0.0,0.0,0.0,0.0,0.0,3.0,0.0,1.0,0.0,1.0,0.0,0.0,2.0,1.0,0.0,0.0,0.0,0.0,0.0,4.0,0.0,0.0,0.0,0.0,0.0,0.0,0.0,0.0,0.0,0.0,0.0,0.0,0.0,0.0,0.0,1.0,0.0,0.0,0.0,0.0,0.0,0.0,0.0,0.0,0.0,0.0,0.0,0.0,0.0,0.0,0.0,0.0,chembl_mpro_simfilter_potent,CHEMBL4523582,0.859375
24860708,CHEMBL5172081,Nc1ncnc2c1ncn2[C@@H]1O[C@H](CNC(=O)c2ccc3ccccc3c2)[C@@H](O)[C@H]1O,2700.0,nM,=,5.57,CHEMBL5149851,Inhibition of MTase activity of SARS-CoV-2 NSP14 expressed in Escherichia coli BL21(DE3) using GpppA and SAM as substrate preincubated for 15 mins followed by SAM addition incubated for 15 mins by LC-MS/MS analysis,0.0026915348039269,12.598915815458923,12.598915815458923,0.0179955593348455,-1.239665983167065,0.3752743745434374,23.419354838709676,420.4290000000001,400.26900000000023,420.15460311999993,158.0,0.2508928424496938,-0.3874416759235125,0.3874416759235125,0.2508928424496938,1.096774193548387,1.903225806451613,2.7419354838709675,16.555734040281138,10.0647043712376,2.4394491392965563,-2.1625687777044247,2.3135410598050847,-2.39365213339809,5.981134879864462,-0.0337439160092585,3.3381782900140373,1.3037422996237826,1275.198082607177,21.534804948073727,16.289788703768785,16.289788703768785,15.024877143252592,9.743209041807168,9.743209041807168,7.401199984883111,7.401199984883111,5.473896222264897,5.473896222264897,3.8098291923695418,3.8098291923695418,-3.599999999999999,20373472.93244326,19.36863970140777,7.580793676227102,3.3594747101672313,175.86701148689437,26.000373824649976,30.155919955625706,17.692941169337626,0.0,5.907179729351506,0.0,9.361636831863176,14.951935562841625,0.0,0.0,30.33183534230805,22.90518256585281,12.10820789760957,6.3273200747645415,19.74445492755328,33.66136887450011,0.0,24.83582381463931,0.0,24.539800333979777,12.27842388307476,60.68266112045735,0.0,11.050456081168516,5.817862777835028,0.0,0.0,60.495925298823366,4.736862953800049,0.0,16.585889846503687,55.11920962876035,0.0,21.936326367313583,148.41,24.539800333979777,15.007591973753234,0.0,18.26979891309911,16.727329430080985,10.772448428929591,17.22173979732044,12.13273413692322,30.33183534230805,20.268724166847953,10.470530430962237,7.334330989410356,0.0,24.77551464117778,25.73507844185344,7.052627531634003,-0.0934521440287015,13.169639359297076,-1.4917343786787909,0.0179955593348455,0.0,0.238095238095238,31.0,5.0,10.0,0.0,1.0,1.0,2.0,2.0,4.0,8.0,4.0,10.0,4.0,0.0,1.0,1.0,5.0,0.6108999999999993,111.9402,0.0,2.0,2.0,1.0,0.0,4.0,0.0,0.0,0.0,0.0,1.0,1.0,0.0,0.0,0.0,4.0,1.0,1.0,0.0,0.0,0.0,0.0,0.0,0.0,0.0,1.0,0.0,1.0,0.0,0.0,2.0,2.0,0.0,0.0,1.0,0.0,0.0,0.0,0.0,0.0,1.0,0.0,0.0,0.0,0.0,0.0,0.0,0.0,0.0,0.0,0.0,0.0,0.0,0.0,0.0,0.0,0.0,0.0,0.0,0.0,0.0,0.0,0.0,0.0,0.0,0.0,0.0,0.0,0.0,0.0,chembl_mpro_simfilter_potent,CHEMBL4523582,0.859375
26112868,CHEMBL5614078,CSc1nc2ccccc2n1C(=O)c1ccc(C(F)(F)F)cc1,2691.53,nM,=,5.57,CHEMBL5610438,Inhibition of SARS-CoV-2 3CLpro using Dabcyl-KTSAVLQSGFRKM-Glu(Edans) as substrate preincubated for 1 hrs in presence of 2 mM GSH followed by substrate addition and measured after 30 mins by FRET assay,0.0026915348039269,12.690475718065002,12.690475718065002,0.1772713529856389,-4.422906192282545,0.647949183122001,11.826086956521738,336.33799999999997,325.25,336.054418632,118.0,0.4159102665309895,-0.2682293953051906,0.4159102665309895,0.2682293953051906,1.0869565217391304,1.7391304347826086,2.347826086956522,32.166427404556565,10.114378611646682,2.3006428538666177,-2.0882207217085176,2.2954422198054427,-2.1347637483674857,7.980379902576045,-0.1371426917111138,2.9170211323257065,2.067940925176048,869.1578874349387,16.61251969619286,11.963619344472333,12.78011592540006,10.91403346581242,6.650194753427007,7.874939624818595,4.802888164092726,5.576284826226702,3.3748590167263517,4.013868667149045,2.2679593350731855,2.8214283081660003,-2.2799999999999994,191998.330929678,15.609425461218011,5.732699356537619,2.8367997337680615,133.68500642322988,0.0,0.0,5.156436481820707,0.0,5.907179729351506,6.176298517443475,9.361636831863176,4.983978520947208,13.17124514302446,0.0,23.894619086314336,42.65397159428106,5.563451491696996,16.596852926929518,17.96578232709628,28.70246611397514,0.0,9.551078168738565,0.0,11.332734999264185,6.255769183511404,59.65783953108687,0.0,0.0,13.17124514302446,0.0,11.761884949391115,21.714027081601472,6.176298517443475,0.0,15.921440167465814,53.68737302951359,0.0,11.033401435232523,34.89,17.646929738491977,17.96578232709628,0.0,5.563451491696996,16.189837917053232,12.13273413692322,28.461718734105688,24.454870388896232,6.06636706846161,4.983978520947208,0.0,39.27192709276855,1.3025864250020995,17.05011920508944,0.4963869598765433,0.685131317187369,-0.4057643613000754,11.316423917158945,-2.6334772224495344,0.0,0.0,0.125,23.0,0.0,3.0,0.0,0.0,0.0,2.0,1.0,3.0,3.0,0.0,7.0,2.0,0.0,0.0,0.0,3.0,4.465500000000002,82.68650000000001,0.0,0.0,0.0,0.0,0.0,2.0,0.0,0.0,0.0,0.0,1.0,1.0,0.0,0.0,0.0,2.0,0.0,0.0,0.0,0.0,0.0,0.0,0.0,3.0,0.0,0.0,0.0,0.0,0.0,0.0,2.0,1.0,0.0,0.0,0.0,0.0,0.0,3.0,0.0,0.0,1.0,0.0,0.0,0.0,0.0,0.0,0.0,0.0,0.0,0.0,0.0,0.0,0.0,2.0,0.0,0.0,0.0,0.0,0.0,0.0,0.0,1.0,0.0,0.0,0.0,0.0,0.0,0.0,0.0,0.0,chembl_mpro_simfilter_potent,CHEMBL4523582,0.859375
25716432,CHEMBL403516,CC(=O)O[C@H](CC=C(C)C)C1=CC(=O)c2c(O)ccc(O)c2C1=O,350.0,nM,=,6.46,CHEMBL5389693,Inhibition of SARS-CoV-2 Main protease,0.0003467368504525,12.69935657596372,12.69935657596372,0.0267592592592589,-0.9409731670445958,0.4999303118532798,14.541666666666666,330.33600000000007,312.19200000000006,330.11033829599995,126.0,0.3027524104215053,-0.5071545925426915,0.5071545925426915,0.3027524104215053,1.125,1.7083333333333333,2.25,16.542636980681255,9.847249425105728,2.348403918175074,-2.226787911125764,2.3584712752513353,-2.281240743220682,6.265668227395289,-0.1438229872277864,2.48757326840832,2.514703516394053,780.9438787125599,18.016143379015546,13.621278479990046,13.621278479990046,11.218121810561248,7.381293158653138,7.381293158653138,5.762119810235618,5.762119810235618,3.578878303042235,3.578878303042235,2.504043503760451,2.504043503760451,-2.89,145806.61955448525,17.4636447935889,6.699078751525283,3.3724191129907197,138.61225030838875,14.94991774348146,17.602990054316113,11.566489892729878,0.0,0.0,5.969305287951848,14.383611552215466,0.0,0.0,0.0,11.649124636903148,32.05622864313835,18.9176633526859,11.126902983393991,29.33352929569692,17.535795180681728,0.0,0.0,0.0,33.29599960974618,0.0,46.55788639412351,11.49902366656781,0.0,0.0,11.49902366656781,0.0,33.85281635811144,9.53140013787187,0.0,47.90801057353551,35.43098341072952,0.0,0.0,100.9,29.389273401713933,24.59666634189688,0.0,28.87034096967317,0.0,23.781858773826368,6.923737199690624,6.076020106833881,13.847474399381248,0.0,4.736862953800049,5.175131802721088,0.0,36.32720621273201,19.7446173191754,0.4201111216091386,-2.6497083648274113,2.2818752624506593,2.11655360292265,4.9175463765498035,0.0,0.2777777777777778,24.0,2.0,6.0,1.0,0.0,1.0,1.0,0.0,1.0,6.0,2.0,6.0,4.0,0.0,0.0,0.0,2.0,2.6912000000000016,86.11760000000002,0.0,0.0,0.0,0.0,0.0,0.0,0.0,2.0,0.0,0.0,3.0,3.0,0.0,0.0,0.0,0.0,0.0,0.0,0.0,0.0,0.0,0.0,0.0,0.0,2.0,0.0,0.0,0.0,0.0,0.0,1.0,1.0,0.0,1.0,1.0,0.0,0.0,0.0,0.0,0.0,0.0,0.0,2.0,1.0,0.0,0.0,0.0,0.0,0.0,0.0,0.0,0.0,0.0,0.0,2.0,2.0,0.0,0.0,0.0,0.0,0.0,0.0,0.0,0.0,0.0,0.0,0.0,0.0,0.0,0.0,chembl_mpro_simfilter_potent,CHEMBL4523582,0.859375
24810198,CHEMBL5207081,Cc1ccnc(SC(=O)c2cc3ccccc3[nH]2)n1,87.6,nM,=,7.06,CHEMBL5136648,Inhibition of recombinant his tagged SARS CoV-2 main protease expressed in Escherichia coli BL21 using Boc-Abu-Tle-Leu-Gln-AMC37 as fluorogenic substrate pre-incubated for 5 mins followed by substrate addition measured after 60 mins by FRET based assay,8.709635899560814e-05,12.146728080120935,12.146728080120935,0.0816666666666665,-0.0816666666666665,0.5730563582650405,10.789473684210526,269.329,258.24099999999993,269.06228297200005,94.0,0.2427881430418974,-0.351360789190808,0.351360789190808,0.2427881430418974,1.263157894736842,2.1052631578947367,2.8947368421052633,32.16663525468111,10.241573824419424,2.12434070601009,-1.975645457823806,2.2176168194599857,-1.9635811440575777,8.13547966027237,0.108046551782636,2.8227060944716023,1.873260575345262,718.0407082773908,13.242276208189782,10.252375656255024,11.06887223718275,9.220346690612276,5.818100725000292,6.6345973059280166,4.140378973691478,5.080442302492117,2.706575516728374,3.4911546595829255,1.796297576898558,2.485231428540059,-2.1399999999999997,37127.05326058499,11.922863157563292,4.854324283715956,2.5071185948613732,113.83313459440572,4.983978520947208,0.0,5.156436481820707,5.11527693018572,0.0,0.0,4.794537184071822,9.967957041894415,0.0,0.0,18.19910120538483,36.884723354466566,22.79369649854259,5.693927994848461,4.794537184071822,27.780086811657895,0.0,14.951935562841625,0.0,12.080173681511331,0.0,53.98290197207966,0.0,0.0,0.0,0.0,11.761884949391115,20.06721249302734,0.0,6.923737199690624,16.182393173768745,47.75148246420344,0.0,10.902924932081056,58.64,0.0,4.794537184071822,0.0,5.11527693018572,10.850364476669167,28.35873787632063,0.0,12.263210640074686,37.255572541998674,14.951935562841625,0.0,0.0,1.0337065381708237,23.5368179957168,1.4185802994037129,2.3702440266229954,0.0,11.443916105022254,1.655907029478458,1.8741613389182832,0.0,0.0714285714285714,19.0,1.0,4.0,0.0,0.0,0.0,1.0,2.0,3.0,4.0,1.0,5.0,2.0,0.0,0.0,0.0,3.0,3.1988200000000004,75.25520000000003,0.0,0.0,0.0,0.0,0.0,3.0,1.0,0.0,0.0,0.0,1.0,1.0,0.0,0.0,0.0,2.0,1.0,0.0,0.0,0.0,1.0,0.0,0.0,0.0,0.0,0.0,0.0,0.0,1.0,0.0,1.0,1.0,0.0,0.0,0.0,0.0,0.0,0.0,0.0,0.0,0.0,0.0,0.0,0.0,0.0,0.0,0.0,0.0,0.0,0.0,0.0,0.0,0.0,1.0,0.0,0.0,0.0,0.0,0.0,0.0,0.0,1.0,0.0,0.0,0.0,0.0,0.0,0.0,0.0,0.0,chembl_mpro_simfilter_potent,CHEMBL4523582,0.859375
24819103,CHEMBL5188555,CN(Cc1cn(C2C3=C(OC2(C)C)c2ccccc2C(=O)C3=O)nn1)C1=CC(=O)c2ccccc2C1=O,2200.0,nM,=,5.66,CHEMBL5139911,Inhibition of recombinant SARS-CoV-2 papain-like protease using Z-Arg-Leu-Arg-Gly-Gly-AMC as substrate by enzymatic assay,0.0021877616239495,13.165617113654806,13.165617113654806,0.1970645960914723,-0.8820210339293695,0.5086509361093692,19.75675675675676,494.5070000000003,472.3310000000003,494.159019804,184.0,0.2351049846164984,-0.4840731638568941,0.4840731638568941,0.2351049846164984,0.8918918918918919,1.5135135135135136,2.216216216216216,16.512216833900204,9.830825287981789,2.517894601976593,-2.2699409010910387,2.489502728596152,-2.3496757913578925,6.522200465025655,-0.1120353681848763,3.4489629283008783,1.3117212872619974,1609.6693501167565,26.05974897445605,20.388055576591583,20.388055576591583,17.669540980499765,11.803427209849255,11.803427209849255,9.869169520501243,9.869169520501243,6.9791468068134295,6.9791468068134295,5.2726967835713126,5.2726967835713126,-4.659999999999999,315834958.70822835,22.781870172582813,7.923545084099177,3.380082611639149,211.57288391441872,9.636772684650529,23.095984506636285,5.783244946364939,17.34973483909482,0.0,0.0,19.178148736287287,4.681802935145184,0.0,5.098681808301038,53.744321643347746,13.847474399381248,35.37749805629905,24.01174382065075,23.915011690087333,28.89214465711593,0.0,19.893779569951565,0.0,32.03512244542547,7.04767198267719,100.0216780309014,0.0,0.0,0.0,0.0,0.0,55.675482149072195,16.076156543784446,0.0,62.22066074238111,72.07394406926494,0.0,5.759164871656176,111.46,23.209381532861524,19.178148736287287,0.0,29.38139014176755,33.70689883329262,0.0,10.757823041979066,66.67536183283362,13.847474399381248,10.312066903955904,4.736862953800049,7.755845185844596,0.0,53.26035183546669,8.508392066320457,1.815422065818597,-1.2754809763125396,12.94848773681153,3.0079014770636343,3.860551790581553,1.7018621517388202,0.2142857142857142,37.0,0.0,9.0,2.0,1.0,3.0,2.0,1.0,3.0,8.0,0.0,9.0,4.0,0.0,0.0,0.0,6.0,3.199600000000002,131.5755,0.0,0.0,0.0,0.0,0.0,3.0,0.0,0.0,0.0,0.0,4.0,4.0,0.0,0.0,0.0,4.0,0.0,0.0,1.0,0.0,0.0,0.0,0.0,0.0,2.0,0.0,0.0,0.0,0.0,0.0,2.0,3.0,0.0,0.0,1.0,0.0,0.0,0.0,0.0,0.0,0.0,0.0,4.0,3.0,0.0,0.0,0.0,0.0,0.0,0.0,0.0,0.0,0.0,0.0,0.0,0.0,0.0,0.0,0.0,0.0,0.0,0.0,0.0,0.0,0.0,0.0,0.0,0.0,0.0,0.0,chembl_mpro_simfilter_potent,CHEMBL4523582,0.859375
25921834,CHEMBL5574064,Cc1ccc(OCCN)cc1C(=O)N[C@H](C)c1cccc(-c2ccoc2)c1,630.0,nM,=,6.2,CHEMBL5528733,Inhibition of C-terminal His-tagged SARS-CoV-2 BetaCoV/Wuhan/WIV04/2019 PLpro expressed in Escherichia coli BL21 (DE3) cells preincubated for 30 mins followed by substrate addition and measured after 1 hrs by FRET assay,0.0006309573444801,12.78250039367599,12.78250039367599,0.1324882947005961,-0.1413265568573116,0.6620321955794216,11.814814814814817,364.4450000000001,340.2530000000001,364.178692628,140.0,0.251657010936952,-0.4922565201426836,0.4922565201426836,0.251657010936952,1.1851851851851851,2.037037037037037,2.7777777777777777,16.47733031733087,10.009421852245593,2.148943096499536,-2.1665282361217333,2.242199402200377,-2.2697167499932434,5.958660071957866,0.0938525852894761,3.2191085675723294,1.751150858938112,903.6811761754788,19.22540387131522,15.567161664040198,15.567161664040198,13.07971869811898,8.951361453974284,8.951361453974284,6.446501977044387,6.446501977044387,4.428978047481936,4.428978047481936,2.8863238967536855,2.8863238967536855,-3.049999999999999,1824436.2188887529,18.732518627418223,8.555668512711792,4.569614367810226,158.6943936922529,20.20446997202191,12.356393797796825,0.0,0.0,5.907179729351506,0.0,4.794537184071822,0.0,0.0,0.0,24.26546827384644,54.80329714831867,17.671659389306566,18.568166820426075,13.948551074925216,5.907179729351506,0.0,5.316788604006331,5.733667477162185,19.88931522852921,13.151638370425491,77.74761701406199,16.876414816677897,15.787319034968563,0.0,5.749511833283905,0.0,19.058818099777,0.0,6.923737199690624,34.4504696880014,65.47441347602435,0.0,11.126902983393991,77.49,0.0,4.794537184071822,0.0,11.949020558499466,24.46460169540639,22.253805966787983,0.0,18.592693059739723,50.245676810150904,11.38315567246794,14.88768136801558,10.688324200040444,0.0,12.78250039367599,3.066499196900983,10.0513923185292,0.5117785604446867,15.31880041169179,3.355431274417011,4.725273644299896,0.0,0.2272727272727272,27.0,3.0,5.0,0.0,0.0,0.0,2.0,1.0,3.0,4.0,2.0,5.0,7.0,0.0,0.0,0.0,3.0,4.083520000000003,105.75360000000002,0.0,0.0,0.0,0.0,0.0,0.0,0.0,0.0,0.0,0.0,1.0,1.0,0.0,0.0,0.0,0.0,1.0,1.0,0.0,0.0,0.0,0.0,0.0,0.0,0.0,1.0,0.0,0.0,1.0,0.0,2.0,0.0,0.0,0.0,1.0,1.0,0.0,0.0,0.0,0.0,0.0,0.0,0.0,0.0,0.0,0.0,0.0,0.0,0.0,0.0,0.0,0.0,0.0,0.0,0.0,0.0,0.0,0.0,0.0,0.0,0.0,0.0,0.0,0.0,0.0,0.0,0.0,0.0,0.0,0.0,chembl_mpro_simfilter_potent,CHEMBL4523582,0.859375
25962305,CHEMBL1779118,COc1ccc2c(O[C@@H]3C[C@H]4C(=O)N[C@]5(P(=O)(O)Cc6ccccc6)C[C@H]5CCCCCCC[C@H](NC(=O)OC5CCCC5)C(=O)N4C3)cc(-c3csc(NC(C)C)n3)nc2c1,6.0,nM,=,8.22,CHEMBL5539893,Inhibition of SARS-CoV-2 3CL protease by FRET assay,6.025595860743569e-06,14.87046814489651,14.87046814489651,0.0401429510177706,-4.008413469980536,0.10593070494518,25.79032258064516,887.0529999999998,827.5809999999997,886.3852704779999,332.0,0.4075595630765589,-0.4966855211526831,0.4966855211526831,0.4075595630765589,0.967741935483871,1.7096774193548387,2.467741935483871,32.13349497860859,10.035153861544284,2.659071847691593,-2.312550165974645,2.7128178916283217,-2.550009580138046,7.588961863298859,-0.139992761305392,3.6596381689139985,1.1224659998258284,2287.396471840168,43.43393540575583,35.84626032604291,37.55718409797055,29.906968642613982,22.24500567666044,24.969475987119072,17.721259535357955,21.096766477006007,12.787086205873395,16.26088741222817,9.446590974056589,12.77624293128087,-4.72,58927560970868.6,43.90959694460568,18.944653245267297,9.897597983208115,366.907096004749,39.954276007022095,46.76457975213405,5.131558479839333,19.18318698914661,0.0,6.093240070938415,14.154122653074973,14.762494225966236,0.0,11.336785877934735,62.435943456938105,82.40731743464494,35.361683573927905,31.027092687122753,38.05266030129942,52.64769634994015,0.0,25.501443980757553,5.917906046161393,139.0935344447531,18.97134255119644,65.5408178783174,22.886879656264732,25.42409171961909,9.926095663911155,11.49902366656781,18.705613408378333,86.93690077219463,25.052895634342946,5.917906046161393,102.8816069891164,59.9773663866204,0.0,22.29078092177798,181.31,48.7440887630545,23.842071439899268,0.0,37.19120131936416,59.47309108004983,62.06158295494442,16.23669560878521,7.109797541277533,73.82484078600166,15.950365812018994,24.17854590329456,32.68230729353678,1.477508462990576,66.17458232649659,11.43773210094412,2.5840256078066473,0.0253708923808837,14.776289245702314,7.846700875654775,4.132898030843663,-2.4151926141341216,0.5434782608695652,62.0,4.0,14.0,2.0,2.0,4.0,2.0,2.0,4.0,11.0,4.0,16.0,11.0,2.0,2.0,4.0,8.0,8.620200000000004,239.62739999999937,0.0,0.0,0.0,0.0,0.0,2.0,0.0,0.0,0.0,0.0,3.0,3.0,0.0,0.0,0.0,3.0,3.0,0.0,0.0,0.0,0.0,0.0,1.0,0.0,0.0,3.0,0.0,1.0,0.0,0.0,2.0,3.0,0.0,0.0,3.0,0.0,0.0,0.0,0.0,0.0,0.0,0.0,0.0,0.0,0.0,1.0,0.0,0.0,0.0,0.0,0.0,0.0,0.0,0.0,0.0,0.0,0.0,0.0,0.0,1.0,0.0,0.0,0.0,0.0,0.0,0.0,1.0,0.0,0.0,0.0,chembl_mpro_simfilter_potent,CHEMBL4523582,0.859375
24839616,CHEMBL5200414,COc1cc(NC(=O)Cn2sc3cc(F)ccc3c2=O)cc(OC)c1,120.0,nM,=,6.92,CHEMBL5145098,Inhibition of SARS-CoV-2 main protease using Mca-AVLQSGFRK(Dnp)K as substrate preincubated with enzyme for 10 mins followed by substrate addition and measured every 30 secs for 10 mins by fluorescence based analysis,0.0001202264434617,13.262810800256895,13.262810800256895,0.1673370181405895,-0.4223822731755418,0.7577446344533444,10.68,362.3820000000001,347.2620000000001,362.07365618,130.0,0.2685029736365927,-0.4965439114151076,0.4965439114151076,0.2685029736365927,1.16,1.84,2.48,32.137200970778764,10.243872603619648,2.124119255385683,-2.09416756894173,2.255445179367757,-2.2329423083510367,7.134457187844247,-0.1161531186716533,2.8877963132151887,1.8124092250569728,973.7167973950508,17.974327015758657,13.537627917152804,14.35412449808053,11.99473359829151,7.322146363068607,8.09554302520258,5.223052306325238,6.286225973369957,3.5315421006779815,4.581311456778145,2.3575335634969745,3.377019970796877,-2.8699999999999997,499863.1028359831,16.969371761846016,6.937943315580555,3.633812611875626,146.10653528741696,14.790514511606428,23.86100091352628,0.0,5.907179729351506,5.559266895052007,0.0,13.54573547640424,4.39041504767482,0.0,0.0,11.532486611566677,18.19910120538483,23.886487480068393,24.30573921348896,18.65867813934674,33.21319674653564,0.0,3.956661108260597,0.0,6.544756405912575,19.536383686561397,52.56922733093938,11.49902366656781,20.349781406658437,10.077801322358384,11.49902366656781,11.532486611566677,24.08343592016717,11.339293589984395,5.817220841045894,0.0,41.19273959484149,0.0,10.086144130933896,69.56,5.817220841045894,13.979489415818463,0.0,18.01120303031609,27.27255407218527,11.532486611566677,36.37535739620049,18.19910120538483,0.0,5.316788604006331,9.473725907600098,25.347017536174008,1.0462142542202062,24.51669282453824,3.087691731268571,0.1664604854287397,0.2560831626365758,8.893472013040743,0.0,-0.1673370181405895,3.020371677500174,0.1764705882352941,25.0,1.0,6.0,0.0,0.0,0.0,2.0,1.0,3.0,5.0,1.0,8.0,5.0,0.0,0.0,0.0,3.0,2.8580000000000014,94.2187,0.0,0.0,0.0,0.0,0.0,1.0,0.0,0.0,0.0,0.0,1.0,1.0,0.0,0.0,0.0,1.0,1.0,0.0,0.0,0.0,0.0,0.0,0.0,0.0,0.0,1.0,0.0,1.0,0.0,0.0,2.0,1.0,0.0,0.0,2.0,0.0,0.0,1.0,0.0,0.0,0.0,0.0,0.0,0.0,0.0,2.0,0.0,0.0,0.0,0.0,0.0,0.0,0.0,0.0,0.0,0.0,0.0,0.0,0.0,0.0,0.0,0.0,0.0,0.0,0.0,0.0,0.0,0.0,0.0,0.0,chembl_mpro_simfilter_potent,CHEMBL4523582,0.859375
25739210,CHEMBL5442154,CC(C)[C@@H](Nc1ncnc2[nH]ccc12)c1ccc2c(c1)SCCO2,1865.0,nM,=,5.73,CHEMBL5441457,"Functional biochemical assay to identify treatments for viral infectious disease that targets SARS-COV-2 nsp3 macrodomain, whereby the mechanism of action displaces an ADP-Ribose modified peptide from the binding site. Utilizing a time-resolved fluorescence method to measure binding by reading the emitted fluorescence intensity in two wavelengths. This assay is characterized the relative potency of inhibitors as IC50, it is modified from https://doi.org/10.1126/sciadv.abf8711, and has been performed by Weizmann Institute of Science.",0.0018620871366628,5.718191100909806,5.718191100909806,0.1720616024187453,0.1720616024187453,0.7431869595889822,15.125,340.4520000000001,320.29200000000003,340.13578226,124.0,0.142336144192067,-0.4915462872689637,0.4915462872689637,0.142336144192067,1.25,2.1666666666666665,3.0416666666666665,32.166536790579244,9.954901301621767,2.202825554897927,-2.2547850811092993,2.3706005270719843,-2.1808204160965605,7.990575497149302,0.3293457663972907,3.0816182281567808,1.6859674954686696,861.1009751446679,16.518297090128677,13.743939487817748,14.560436068745474,11.720346690612276,8.163311549785526,9.148910109439012,6.231349844006715,7.368099674692838,4.2381972364624945,5.239027876054015,3.0230037955223654,3.898225607099112,-2.2099999999999995,603183.6255064956,15.325447171325864,6.356567761509053,2.818480937471019,144.7889572115341,15.037630078753589,23.541871906651203,0.0,0.0,0.0,0.0,0.0,9.967957041894415,0.0,11.761884949391115,19.913841467842857,29.680458743243214,16.84518065387764,18.034947008125673,4.736862953800049,28.61314916245867,0.0,14.951935562841625,5.917906046161393,24.784798704046985,17.67652417526604,42.353083411921055,5.749511833283905,10.05365155780638,5.817862777835028,5.749511833283905,11.761884949391115,27.31167113410133,0.0,5.917906046161393,25.452766720226204,41.68511539574183,0.0,11.033401435232523,62.83,0.0,0.0,0.0,6.041840829147961,5.917906046161393,34.96051161761116,10.45893496721477,6.3273200747645415,24.0250955894658,52.31529977161403,4.736862953800049,5.718191100909806,1.8588234336944651,13.055043432113688,4.622262350928026,2.105046838115922,3.279817712183333,8.653778710366913,3.483022331037302,5.224014090650544,0.0,0.3333333333333333,24.0,2.0,5.0,0.0,1.0,1.0,1.0,2.0,3.0,5.0,2.0,6.0,4.0,0.0,0.0,0.0,4.0,4.2516000000000025,97.75140000000005,0.0,0.0,0.0,0.0,0.0,3.0,1.0,0.0,0.0,0.0,0.0,0.0,0.0,0.0,0.0,2.0,2.0,0.0,0.0,0.0,1.0,0.0,0.0,0.0,0.0,0.0,0.0,1.0,0.0,0.0,1.0,2.0,0.0,0.0,1.0,0.0,0.0,0.0,0.0,0.0,0.0,0.0,0.0,0.0,0.0,0.0,0.0,0.0,0.0,0.0,0.0,0.0,0.0,0.0,0.0,0.0,0.0,0.0,0.0,0.0,0.0,1.0,0.0,0.0,0.0,0.0,0.0,0.0,0.0,0.0,chembl_mpro_simfilter_potent,CHEMBL4523582,0.859375
19964199,CHEMBL480,Cc1c(OCC(F)(F)F)ccnc1C[S+]([O-])c1nc2ccccc2[nH]1,390.0,nM,=,6.41,CHEMBL4495583,SARS-CoV-2 3CL-Pro protease inhibition IC50 determined by FRET kind of response from peptide substrate,0.0003890451449942,12.520911359914336,12.520911359914336,0.0226915627362058,-4.423642518722942,0.6986390031308142,13.16,369.3680000000001,355.25600000000014,369.0758823480001,132.0,0.4220666871121063,-0.6086940396422965,0.6086940396422965,0.4220666871121063,1.24,2.0,2.72,32.22788276740322,10.192365047516128,2.2883855448774044,-2.1358482061763353,2.252793758458623,-2.196721980796748,7.90023735331338,-0.1530928026156139,2.988021819464695,1.7731962752944586,849.4325983042299,18.02673325856595,13.13138065893004,13.947877239857766,11.832318457408352,7.304696737135415,8.623628630122237,5.333599388923824,6.700016916242618,3.5012010016891044,4.661481821643061,2.250194648732407,3.350261551780102,-2.26,462333.6281039528,17.559419292901637,6.927854211900839,4.232158038627393,143.9829291516583,9.289612827490412,5.749511833283905,12.359735571259709,0.0,0.0,11.332734999264185,9.967957041894415,0.0,18.155223663971668,0.0,12.13273413692322,25.122838405075452,22.93614953669536,16.727329430080985,22.46085797051487,22.209255908617813,0.0,14.951935562841625,0.0,24.009325805701593,6.606881964512918,47.78605840046659,5.749511833283905,4.736862953800049,13.17124514302446,5.749511833283905,0.0,32.28786591848838,16.928708080132076,6.923737199690624,11.257379486545457,41.68511539574183,0.0,11.033401435232523,73.86,23.95903495534168,17.723995016714824,0.0,11.502365440030694,21.930516685982425,5.516700717616262,12.263210640074686,12.990104268152232,18.19910120538483,14.951935562841625,4.736862953800049,54.224850193478126,-1.5135515216889226,11.348480677471477,0.2953823643654996,2.282647949292972,0.0957758303938867,8.622884192931332,-3.0864628135075227,0.2022153494853711,0.0,0.25,25.0,1.0,5.0,0.0,0.0,0.0,1.0,2.0,3.0,4.0,1.0,9.0,5.0,0.0,0.0,0.0,3.0,3.515220000000001,86.73010000000004,0.0,0.0,0.0,0.0,0.0,3.0,1.0,0.0,0.0,0.0,0.0,0.0,0.0,0.0,0.0,2.0,1.0,0.0,0.0,0.0,1.0,0.0,0.0,3.0,0.0,0.0,0.0,0.0,0.0,0.0,1.0,1.0,0.0,0.0,1.0,0.0,0.0,3.0,0.0,0.0,1.0,0.0,0.0,0.0,0.0,0.0,0.0,0.0,0.0,0.0,0.0,0.0,0.0,2.0,0.0,0.0,0.0,0.0,0.0,1.0,0.0,0.0,0.0,0.0,0.0,0.0,0.0,0.0,0.0,0.0,chembl_mpro_simfilter_potent,CHEMBL4523582,0.859375
26112866,CHEMBL5612084,CSc1nc2ccccc2n1C(=O)c1cccc(C)c1,2089.3,nM,=,5.68,CHEMBL5610438,Inhibition of SARS-CoV-2 3CLpro using Dabcyl-KTSAVLQSGFRKM-Glu(Edans) as substrate preincubated for 1 hrs in presence of 2 mM GSH followed by substrate addition and measured after 30 mins by FRET assay,0.002089296130854,12.762966742252456,12.762966742252456,0.0354166666666664,-0.0354166666666664,0.6713144461094019,10.9,282.368,268.256,282.082684068,100.0,0.2640116041893453,-0.2682292115293364,0.2682292115293364,0.2640116041893453,1.15,1.95,2.7,32.166427094291166,10.12373229631073,2.169851609790405,-2.0651516414980833,2.233016841725868,-2.1264842810887883,7.980378358440655,0.0954741107929685,2.8458873199953305,2.2031630785320195,792.0261381765571,14.11251969619286,11.32972592544465,12.14622250637238,9.702708600407233,6.333248043913167,7.557992915304755,4.597258553338853,5.370655215472828,3.1807051989851387,3.819714849407832,2.2442659361188646,2.797734909211681,-2.0699999999999994,59265.603438902755,12.93837124617546,5.133240858508129,2.119590195556536,121.1884002144512,0.0,0.0,5.156436481820707,0.0,5.907179729351506,0.0,9.361636831863176,4.983978520947208,0.0,0.0,41.59080471493455,37.44497465704847,5.563451491696996,11.033401435232523,4.794537184071822,28.70246611397514,0.0,9.551078168738565,0.0,12.080173681511331,6.255769183511404,59.65783953108687,0.0,0.0,0.0,0.0,11.761884949391115,21.714027081601472,0.0,6.923737199690624,15.921440167465814,53.68737302951359,0.0,11.033401435232523,34.89,0.0,4.794537184071822,0.0,5.907179729351506,5.563451491696996,21.753289408750227,11.761884949391115,4.567099647791355,61.71044293089491,4.983978520947208,0.0,1.6892592592592592,1.4793749999999997,17.26822467876039,0.7200982615268332,3.4542913307298235,-0.0354166666666664,15.3413150090283,1.9317824074074077,1.984404053287982,0.0,0.125,20.0,0.0,3.0,0.0,0.0,0.0,2.0,1.0,3.0,3.0,0.0,4.0,2.0,0.0,0.0,0.0,3.0,3.7551200000000025,82.42150000000004,0.0,0.0,0.0,0.0,0.0,2.0,0.0,0.0,0.0,0.0,1.0,1.0,0.0,0.0,0.0,2.0,0.0,0.0,0.0,0.0,0.0,0.0,0.0,0.0,0.0,0.0,0.0,0.0,1.0,0.0,2.0,1.0,0.0,0.0,0.0,0.0,0.0,0.0,0.0,0.0,1.0,0.0,0.0,0.0,0.0,0.0,0.0,0.0,0.0,0.0,0.0,0.0,0.0,2.0,0.0,0.0,0.0,0.0,0.0,0.0,0.0,1.0,0.0,0.0,0.0,0.0,0.0,0.0,0.0,0.0,chembl_mpro_simfilter_potent,CHEMBL4523582,0.859375
24839642,CHEMBL5187129,O=C(Cn1sc2ccc(C(F)(F)F)cc2c1=O)Nc1ccccc1,392.7,nM,=,6.41,CHEMBL5145098,Inhibition of SARS-CoV-2 main protease using Mca-AVLQSGFRK(Dnp)K as substrate preincubated with enzyme for 10 mins followed by substrate addition and measured every 30 secs for 10 mins by fluorescence based analysis,0.0003890451449942,12.737141265480808,12.737141265480808,0.0395036008230451,-4.5157927005327,0.7810433043034676,11.625,352.337,341.2490000000001,352.04933325200005,124.0,0.4159359301251728,-0.324506400411685,0.4159359301251728,0.324506400411685,1.125,1.8333333333333333,2.5,32.13720092957538,10.151593478570833,2.306433274434234,-2.044739556073244,2.311663695459527,-2.233268733672628,7.134485576577271,-0.1370731483284564,2.8294000994883732,1.862761437052641,945.3511940800108,17.319626477379405,12.131760820622784,12.94825740155051,11.342355158540425,6.9039987596403245,7.677395421774299,5.055953375769203,6.119127042813921,3.3171184884452902,4.385119477835653,2.204075683383216,3.178056167994827,-2.609999999999999,269211.76066611975,16.254918356525348,6.120849746668955,3.327905439006216,137.84557351985904,5.316788604006331,6.544756405912575,0.0,5.907179729351506,5.559266895052007,6.176298517443475,13.54573547640424,0.0,13.17124514302446,0.0,29.731587816951503,30.33183534230805,5.687386274683562,15.64959562263089,17.96578232709628,33.21319674653564,0.0,3.956661108260597,0.0,12.72105492335605,5.316788604006331,64.4481921185137,0.0,10.87605549905834,18.858631417708025,0.0,11.532486611566677,9.863840837612102,17.51559210742787,0.0,5.563451491696996,53.3254737317647,0.0,10.086144130933896,51.1,23.206196633543986,22.760319511168102,0.0,11.93098062037737,10.387306191152662,27.62188185675049,6.06636706846161,30.33183534230805,0.0,5.316788604006331,0.0,39.756633442029056,0.9581025342235658,24.21450538548753,2.5861051797262116,-0.9110032193802936,-0.4250916871378176,11.675404680474855,-4.5157927005327,-0.2555302815570675,0.0,0.125,24.0,1.0,4.0,0.0,0.0,0.0,2.0,1.0,3.0,3.0,1.0,8.0,3.0,0.0,0.0,0.0,3.0,3.7205000000000017,86.15869999999998,0.0,0.0,0.0,0.0,0.0,1.0,0.0,0.0,0.0,0.0,1.0,1.0,0.0,0.0,0.0,1.0,1.0,0.0,0.0,0.0,0.0,0.0,0.0,3.0,0.0,1.0,0.0,1.0,0.0,0.0,2.0,1.0,0.0,0.0,0.0,0.0,0.0,3.0,0.0,0.0,0.0,0.0,0.0,0.0,0.0,0.0,0.0,0.0,0.0,0.0,0.0,0.0,0.0,1.0,0.0,0.0,0.0,0.0,0.0,0.0,0.0,0.0,0.0,0.0,0.0,0.0,0.0,0.0,0.0,0.0,chembl_mpro_simfilter_potent,CHEMBL4523582,0.859375
25559091,CHEMBL5423593,C/N=c1\nc(-c2ccc(F)cc2)n(-c2ccccc2)s1,118.0,nM,=,6.93,CHEMBL5347925,Inhibition of full-length recombinant SARS-CoV-2 3CL protease expressed in Escherichia coli BL21 (DE3) cells using fluorogenic MCA-AVLQSGFR-Lys (Dnp)-Lys-NH2 substrate preincubated for 10 mins followed by substrate addition measured for 3.5 mins by FRET assay,0.0001174897554939,13.054149875247006,13.054149875247006,0.2540340765936002,-0.2540340765936002,0.7104698495323949,11.8,285.347,273.2509999999999,285.073596604,100.0,0.2223680145579739,-0.259565073743671,0.259565073743671,0.2223680145579739,1.05,1.75,2.4,32.1371984344139,10.177680011165023,2.0999307320675946,-2.054102434014137,2.2181828513462625,-1.9635299849444297,7.036852632957622,0.6277425486925015,2.931290860475501,2.201829937051305,772.8832417275096,13.94938298937633,10.8240059726796,11.640502553607323,9.775188245478668,6.122978959390331,6.896375621524305,4.1696980416051685,5.082568970780445,2.8512620253712053,3.854752067832581,1.8912693980082849,2.723339415957606,-2.2699999999999996,69178.46430722182,12.74812892703294,5.3833627742349375,2.39751098606873,119.40211224265325,0.0,5.817220841045894,5.824404497999927,4.801402653462074,0.0,0.0,4.992404732635668,8.347076155935415,4.983978520947208,0.0,18.19910120538483,47.93068902233634,12.611123474374184,5.687386274683562,4.39041504767482,11.532486611566677,0.0,8.940639629207805,4.992404732635668,0.0,7.04767198267719,65.21592711066246,17.075242264380485,4.801402653462074,4.39041504767482,0.0,11.532486611566677,15.988311611884996,0.0,5.817220841045894,0.0,59.589708348790154,0.0,17.075242264380485,30.18,0.0,4.39041504767482,0.0,5.817220841045894,4.801402653462074,17.075242264380485,23.665220748489897,19.18040611960041,34.288496450568644,9.976383253582876,0.0,15.049756451210724,1.4567694160997728,9.31841332829428,0.0,1.8755815381708247,0.5115214789619554,16.2437036720361,0.0,0.0,1.710920781893004,0.0666666666666666,20.0,0.0,3.0,0.0,0.0,0.0,2.0,1.0,3.0,3.0,0.0,5.0,2.0,0.0,0.0,0.0,3.0,3.270400000000002,78.32200000000003,0.0,0.0,0.0,0.0,0.0,2.0,0.0,0.0,0.0,0.0,0.0,0.0,0.0,0.0,0.0,3.0,0.0,0.0,0.0,0.0,0.0,0.0,0.0,0.0,0.0,0.0,0.0,0.0,0.0,0.0,2.0,0.0,0.0,0.0,0.0,0.0,0.0,1.0,0.0,0.0,0.0,0.0,0.0,0.0,0.0,0.0,0.0,0.0,0.0,0.0,0.0,0.0,0.0,1.0,0.0,0.0,0.0,0.0,0.0,0.0,0.0,0.0,0.0,0.0,0.0,0.0,0.0,0.0,0.0,0.0,chembl_mpro_simfilter_potent,CHEMBL4523582,0.859375
25871849,CHEMBL5562077,O=C1c2c(O)cc(OP(=O)(Oc3ccccc3)Oc3ccccc3)cc2O[C@H](c2cc(O)c(O)c(O)c2)[C@H]1O,1840.0,nM,=,5.74,CHEMBL5512981,Inhibition of SARS-CoV-2 3CLp using fluorescent substrate by FRET assay,0.0018197008586099,13.734566359189028,13.734566359189028,0.0503659607391808,-4.454981786249599,0.1569978199285396,16.58974358974359,552.4280000000003,531.2600000000004,552.0821481219999,200.0,0.6465828606372449,-0.5069047818657685,0.6465828606372449,0.5069047818657685,0.6923076923076923,1.205128205128205,1.7435897435897436,31.20492873250179,9.922613396485032,2.407916383050177,-2.3039226305591973,2.5198111969090218,-2.358284845884833,7.49375429009655,0.0209151529397292,2.8934707379556475,1.5058317489797362,1505.4221162334843,27.733475560822992,19.87037562281694,20.764802813816853,18.631649391469917,11.430697694969854,12.891291181650296,8.418017701375176,9.860167449880256,5.669194135588032,6.972470060871649,3.9019404825835142,5.137182053819016,-4.8599999999999985,483606458.5372452,25.775502903909615,10.127312098751233,5.263115572457645,220.82816338087608,43.84074141313902,34.31101065811652,29.45646827534832,5.783244946364939,0.0,7.822697123132171,4.794537184071822,0.0,4.565048284931329,0.0,36.39820241076966,36.39820241076966,17.696185628620217,0.0,53.20032688214218,13.605942069497113,0.0,0.0,0.0,12.207932775496603,0.0,96.05604194185656,45.99609466627124,18.3081044389355,0.0,45.99609466627124,7.822697123132171,37.419848308316766,4.565048284931329,0.0,22.025406555214115,84.92913895846256,0.0,0.0,172.20999999999998,48.81192217812933,34.89222244320668,0.0,34.12495031652961,0.0,24.26546827384644,24.26546827384644,36.39820241076966,0.0,0.0,18.3081044389355,36.194534323324945,0.0,12.927417163670237,50.536114402056185,-0.42433816665042,-3.9834520630532575,20.304307589775295,-3.2940459073178285,0.0,-4.454981786249599,0.074074074074074,39.0,5.0,11.0,0.0,1.0,1.0,4.0,0.0,4.0,11.0,5.0,12.0,7.0,0.0,0.0,0.0,5.0,4.831200000000007,135.624,0.0,1.0,1.0,0.0,0.0,0.0,0.0,4.0,0.0,0.0,1.0,1.0,0.0,0.0,0.0,0.0,0.0,0.0,0.0,0.0,0.0,0.0,0.0,0.0,0.0,0.0,0.0,0.0,0.0,0.0,4.0,1.0,0.0,0.0,1.0,0.0,0.0,0.0,0.0,0.0,0.0,0.0,1.0,1.0,0.0,0.0,0.0,0.0,0.0,0.0,0.0,0.0,0.0,2.0,4.0,4.0,0.0,0.0,0.0,0.0,0.0,0.0,0.0,0.0,0.0,0.0,0.0,0.0,0.0,0.0,chembl_mpro_simfilter_potent,CHEMBL4523582,0.859375
24875204,CHEMBL5188743,CC1=NC2C(=O)C(Nc3ccc(C)cc3)=CC(=O)C2S1,390.0,nM,=,6.41,CHEMBL5154327,Inhibition of SARS-CoV-2 PLpro,0.0003890451449942,12.365948916603678,12.365948916603678,0.046470668514319,-0.5643996703619725,0.9063349297412164,25.1,286.356,272.2439999999999,286.077598688,102.0,0.2046949948838745,-0.3524507041106724,0.3524507041106724,0.2046949948838745,1.15,1.85,2.55,32.16670179068597,9.95927704450974,2.4252690614792254,-2.2119755844211633,2.32845669757756,-2.3954367561345395,8.149196091929685,-0.1216876351847952,2.8092303103711243,1.863293297675714,646.3422890967533,14.27565640300939,11.21341035121893,12.029906932146655,9.541713895658194,6.389281460346955,7.26893427160185,4.947064284213361,6.281456808279222,3.3368582523722248,4.52741961286223,2.296900251310936,3.336367315024619,-1.8799999999999992,47745.67835506763,13.119272753143168,4.903700082362009,2.289532280526318,120.90595570474468,5.316788604006331,11.291778859130137,5.783244946364939,5.783244946364939,0.0,0.0,14.581479100779312,0.0,0.0,0.0,29.45807057801133,25.980208536304467,11.763406381517443,10.740756299647316,9.589074368143644,34.05947810339604,0.0,0.0,4.992404732635668,25.139253258511385,5.316788604006331,41.60197918543315,0.0,5.316788604006331,5.687386274683562,0.0,11.761884949391115,27.901985738451497,9.589074368143644,6.923737199690624,12.48718869138762,41.03093242637182,0.0,0.0,58.53,6.041840829147961,9.589074368143644,0.0,16.81642792271205,5.697039313055833,16.29455475297204,17.837905056224997,0.0,38.112942673227685,10.309193336642,0.0,0.0,1.3788577978125234,28.70106806920299,3.456411215848446,2.2731601870418614,-0.158021594440245,7.115118627697992,1.407219387755102,3.8261863090813306,0.0,0.2666666666666666,20.0,1.0,4.0,1.0,1.0,2.0,1.0,0.0,1.0,5.0,1.0,5.0,2.0,0.0,0.0,0.0,3.0,2.34502,81.17470000000003,0.0,0.0,0.0,0.0,0.0,0.0,0.0,0.0,0.0,0.0,2.0,2.0,0.0,0.0,1.0,1.0,1.0,0.0,0.0,0.0,0.0,0.0,0.0,0.0,1.0,0.0,0.0,1.0,1.0,0.0,1.0,1.0,0.0,0.0,0.0,0.0,0.0,0.0,0.0,0.0,0.0,0.0,2.0,1.0,0.0,0.0,0.0,0.0,0.0,0.0,0.0,0.0,0.0,0.0,0.0,0.0,0.0,0.0,0.0,0.0,0.0,1.0,0.0,0.0,0.0,0.0,0.0,0.0,0.0,0.0,chembl_mpro_simfilter_potent,CHEMBL4523582,0.859375
25673277,CHEMBL5434910,COc1cc(OC)c(NC(=O)[C@@H]2CN(C(=O)c3cnccc3OC)CCN2c2ccc(Cl)c(Cl)c2)cc1F,400.0,nM,=,6.4,CHEMBL5377130,Inhibition of SARS CoV-2 MPro using MCA-AVLQSGFR-Lys(Dnp)-Lys-NH2 as substrate preincubated for 10 mins followed by substrate addition measured for 10 mins by FRET assay,0.0003981071705534,14.47023586303678,14.47023586303678,0.0177708490803734,-0.8727059975224669,0.4520201384381207,15.157894736842104,563.4130000000002,538.2130000000003,562.11860348,200.0,0.2588474513335488,-0.4958049625998705,0.4958049625998705,0.2588474513335488,0.9736842105263158,1.7105263157894737,2.3947368421052633,35.49826358264736,10.073442873175408,2.3600517837891193,-2.4165625541515716,2.336876396084247,-2.589000250633649,6.4172453677246075,-0.1176615940154678,2.9352735831022887,1.6721760898158822,1359.2089386435853,27.39661226763952,20.834248424113156,22.346106316150063,18.26478920832117,11.48314730753052,12.239076253548973,8.311018976680607,9.125419230161818,6.168243558232095,6.907272836970112,4.228953210459852,4.521284923170893,-3.759999999999999,287868444.369366,27.279502238794784,11.743883102305064,5.558012379877571,228.5491646579243,29.327196927107433,17.54086449571577,11.5667326743298,5.907179729351506,5.907179729351506,0.0,14.573052889090851,4.39041504767482,0.0,0.0,23.20187978046503,24.26546827384644,43.303320366658085,49.170253423608386,28.19007827721861,46.39101178853517,0.0,9.883888251797686,0.0,6.041840829147961,51.18036017642712,70.21782851422135,17.248535499851716,24.427287196256955,15.765187597041944,17.248535499851716,23.20187978046503,68.70375038121897,4.794537184071822,5.817220841045894,10.357988675768818,48.79188955399581,10.045266627482652,0.0,93.23,17.76624139954536,13.979489415818463,0.0,35.20179756821245,34.57167754727527,6.06636706846161,39.789446835520366,29.165378004696915,4.899909730850477,10.300767124953538,37.41246864186518,30.111016548467536,12.353429243136352,34.461886620063154,3.4237711458716964,1.0248066411347705,-0.9506627850424196,8.200246200679343,2.94646112575239,0.6287496150000667,4.189184533826003,0.2692307692307692,38.0,1.0,9.0,0.0,1.0,1.0,2.0,1.0,3.0,7.0,1.0,12.0,7.0,0.0,1.0,1.0,4.0,4.523000000000003,142.42219999999983,0.0,0.0,0.0,0.0,0.0,1.0,0.0,0.0,0.0,0.0,2.0,2.0,0.0,0.0,0.0,3.0,1.0,0.0,0.0,0.0,0.0,0.0,0.0,0.0,0.0,2.0,0.0,2.0,0.0,0.0,2.0,0.0,0.0,0.0,3.0,0.0,0.0,3.0,0.0,0.0,0.0,0.0,0.0,0.0,0.0,3.0,0.0,0.0,0.0,0.0,0.0,0.0,0.0,0.0,0.0,0.0,0.0,1.0,0.0,1.0,0.0,0.0,0.0,0.0,0.0,0.0,0.0,0.0,0.0,0.0,chembl_mpro_simfilter_potent,CHEMBL4523582,0.859375
24971845,CHEMBL5290702,Cn1nc(-c2ccc(C(F)(F)F)cc2)nc2c(=O)n(C)c(=O)cc1-2,260.0,nM,=,6.58,CHEMBL5223245,Inhibition of SARS-CoV-2 3CL protease expressed in Escherichia coli using Dabcyl-KTSAVLQSGFRKM-E(Edans)-NH2 as substrate preincubated for 30 mins followed by substrate addition and measured after 3 hrs,0.0002630267991895,12.620564695902557,12.620564695902557,0.0180536265432103,-4.4366015661059865,0.6777059657528702,11.875,336.273,325.18500000000006,336.083410252,124.0,0.4159102501151248,-0.276548107137006,0.4159102501151248,0.276548107137006,1.0416666666666667,1.6666666666666667,2.25,19.413179527556007,10.113898805547628,2.297900777225222,-2.12520491792393,2.3011909707262856,-2.334676590268193,5.611706931207518,-0.1371228277614252,2.527768979287066,2.198232758505831,1003.246786600231,17.645899891012466,12.62599572790337,12.62599572790337,11.180559115991947,6.809980451713039,6.809980451713039,5.214718335472868,5.214718335472868,3.622096058814744,3.622096058814744,2.2571903554299704,2.2571903554299704,-2.97,198642.1974682948,15.907916229637989,5.289944331361928,2.573395014411544,132.70608162919808,0.0,0.0,11.518332492848389,0.0,11.118533790104014,6.176298517443475,18.837976951080183,4.983978520947208,18.269926951325495,0.0,12.13273413692322,12.13273413692322,25.725162525512985,11.257379486545457,13.17124514302446,0.0,0.0,19.331562912184783,14.09534396535438,6.176298517443475,0.0,56.6028949922527,22.775711979393847,11.118533790104014,13.17124514302446,0.0,0.0,19.331562912184783,20.271642482797855,0.0,5.563451491696996,39.920909710451696,0.0,22.775711979393847,69.78,22.85828379924448,22.760319511168102,0.0,17.21226048769685,5.563451491696996,16.699833784714574,36.976248105884395,0.0,0.0,10.082660329248244,0.0,40.07399638048096,0.0,27.97516657901592,4.112580782312925,-1.2796488808192898,0.0921050642479213,5.531359661862909,-4.4366015661059865,0.0,2.847708645671308,0.2,24.0,0.0,6.0,0.0,2.0,2.0,1.0,0.0,1.0,4.0,0.0,9.0,1.0,0.0,0.0,0.0,3.0,1.6645999999999996,79.57400000000001,0.0,0.0,0.0,0.0,0.0,4.0,0.0,0.0,0.0,0.0,0.0,0.0,0.0,0.0,0.0,4.0,0.0,0.0,0.0,0.0,0.0,0.0,0.0,3.0,0.0,0.0,0.0,0.0,1.0,0.0,1.0,1.0,0.0,0.0,0.0,0.0,0.0,3.0,0.0,0.0,0.0,0.0,0.0,0.0,0.0,0.0,0.0,0.0,0.0,0.0,0.0,0.0,0.0,0.0,0.0,0.0,0.0,0.0,0.0,1.0,0.0,0.0,0.0,0.0,0.0,0.0,0.0,0.0,0.0,0.0,chembl_mpro_simfilter_potent,CHEMBL4523582,0.859375
25907587,CHEMBL5568556,CC(C)C[C@H](NC(=O)[C@H](Cc1ccc(F)cc1)NC(=O)OCc1ccccc1)C(=O)N[C@H](/C=C1\CCOC1=O)C[C@H]1CCCO1,125.89,nM,=,6.9,CHEMBL5524347,Inhibition of SARS-CoV-2 3CL protease by FRET assay,0.0001258925411794,13.68788331280589,13.68788331280589,0.005046155527306,-1.1117965595711798,0.2131371463254109,19.066666666666663,623.7220000000001,581.3860000000003,623.3006789039999,242.0,0.4076323406469248,-0.4619786020851432,0.4619786020851432,0.4076323406469248,0.9555555555555556,1.6888888888888889,2.3333333333333335,19.142151534310667,9.989929752581023,2.3072826379830964,-2.263980569166571,2.208986524059245,-2.554940796606093,5.92254034390124,-0.1347404687312691,3.678400360514756,1.4746056416977382,1327.0617323756956,32.18322302912881,25.75991757477958,25.75991757477958,21.655907436387825,15.4777401734895,15.4777401734895,11.843603970186944,11.843603970186944,7.652080136684583,7.652080136684583,5.3558170841280734,5.3558170841280734,-4.25,10019533768.841766,33.63920816326531,16.71878556047688,11.00340844249657,262.61780454548966,30.16095467341914,24.507784463854733,0.0,11.814359458703011,0.0,12.062545358890263,9.589074368143644,13.979489415818463,0.0,0.0,62.388063985446394,54.86082965818265,25.021629740434204,18.75268918140918,37.77915264536225,23.876904817593275,0.0,15.950365812018994,5.917906046161393,83.2087749766424,13.213763929025836,83.19055207749754,0.0,15.950365812018994,9.184952231746642,0.0,0.0,61.32015762181128,41.62190400105454,11.735126887207286,57.078485497405296,66.24642825305764,0.0,0.0,132.06,47.81964814608305,23.568563783962105,0.0,25.04957602134862,43.61278481957012,18.405094737549017,24.26546827384644,6.076020106833881,44.179309741689295,15.950365812018994,14.210588861400147,29.77281961593678,0.0,52.2913394872909,8.440122812716261,1.885220995351752,-1.800615516278652,12.16404673357532,3.932782844121139,4.814283027286503,0.0,0.4705882352941176,45.0,3.0,10.0,0.0,2.0,2.0,2.0,0.0,2.0,7.0,3.0,11.0,14.0,0.0,2.0,2.0,4.0,4.121300000000002,164.22109999999967,0.0,0.0,0.0,0.0,0.0,0.0,0.0,0.0,0.0,0.0,4.0,4.0,0.0,0.0,0.0,0.0,3.0,0.0,0.0,0.0,0.0,0.0,1.0,0.0,0.0,3.0,0.0,0.0,0.0,0.0,2.0,0.0,0.0,1.0,3.0,0.0,0.0,1.0,0.0,0.0,0.0,0.0,0.0,0.0,1.0,0.0,0.0,0.0,0.0,0.0,0.0,0.0,0.0,0.0,0.0,0.0,0.0,0.0,0.0,0.0,0.0,0.0,0.0,0.0,0.0,0.0,0.0,0.0,0.0,0.0,chembl_mpro_simfilter_potent,CHEMBL4523582,0.859375
24839645,CHEMBL5177329,Nc1cccc2sn(CC(=O)Nc3ccccc3)c(=O)c12,1767.0,nM,=,5.75,CHEMBL5145098,Inhibition of SARS-CoV-2 main protease using Mca-AVLQSGFRK(Dnp)K as substrate preincubated with enzyme for 10 mins followed by substrate addition and measured every 30 secs for 10 mins by fluorescence based analysis,0.0017782794100389,12.25058736457546,12.25058736457546,0.0213151927437642,-0.2421967120181405,0.7283982053733898,10.666666666666666,299.3550000000001,286.25100000000003,299.07284765599996,106.0,0.2706006053089028,-0.3980372399729061,0.3980372399729061,0.2706006053089028,1.1428571428571428,1.9047619047619049,2.619047619047619,32.13720063968053,10.222125392907046,2.1239115063989376,-2.0381206524894413,2.213312516548482,-2.234600736308512,7.135579978732825,-0.1161530620793805,2.7745202702445924,1.8533044649652484,852.2312755084149,14.819626477379408,11.07521767078473,11.891714251712456,10.147867045540844,6.381710248865006,7.155106910998978,4.5676316945642235,5.630805361608943,3.0521422295374956,4.1043541613460635,2.0944269167930996,3.1237368424700356,-2.5999999999999996,85799.26483704377,13.38615916955017,5.4142995973899755,2.6582648354763063,124.32391589369648,11.050456081168516,6.544756405912575,0.0,5.907179729351506,5.559266895052007,0.0,13.54573547640424,0.0,0.0,0.0,35.79795488541311,24.26546827384644,11.374772549367124,10.086144130933896,4.794537184071822,38.9005830212192,0.0,3.956661108260597,0.0,6.544756405912575,11.050456081168516,58.88474062681671,0.0,16.609722976220525,11.374772549367124,0.0,11.532486611566677,9.863840837612102,11.339293589984395,0.0,0.0,53.3254737317647,0.0,10.086144130933896,77.12,0.0,9.589074368143644,0.0,18.01120303031609,16.76099676383192,4.6999199164691,15.489147719827272,24.26546827384644,24.26546827384644,5.316788604006331,5.733667477162185,2.200704732510288,1.2402831842613584,24.250989386495338,3.234825339086252,6.7373915339143515,-0.2421967120181405,14.432651061827649,0.0,-0.0213151927437642,0.0,0.0666666666666666,21.0,3.0,5.0,0.0,0.0,0.0,2.0,1.0,3.0,4.0,2.0,6.0,3.0,0.0,0.0,0.0,3.0,2.2839,85.56910000000003,0.0,0.0,0.0,1.0,0.0,1.0,0.0,0.0,0.0,0.0,1.0,1.0,0.0,0.0,0.0,1.0,1.0,1.0,0.0,0.0,0.0,0.0,0.0,0.0,0.0,1.0,0.0,2.0,0.0,0.0,2.0,1.0,0.0,0.0,0.0,0.0,0.0,0.0,0.0,0.0,0.0,0.0,0.0,0.0,0.0,0.0,0.0,0.0,0.0,0.0,0.0,0.0,0.0,1.0,0.0,0.0,0.0,0.0,0.0,0.0,0.0,0.0,0.0,0.0,0.0,0.0,0.0,0.0,0.0,0.0,chembl_mpro_simfilter_potent,CHEMBL4523582,0.859375
25936262,CHEMBL551592,CC(=O)Nc1ccc(C)c(C(=O)N[C@H](C)c2cccc3ccccc23)c1,1730.0,nM,=,5.76,CHEMBL5532933,Inhibition of SARS-CoV-2 PLpro using Ubiquitin-AMC as substrate by continuous kinetic assay,0.0017378008287493,12.79951562106324,12.79951562106324,0.1412755626942137,-0.1626530938007653,0.7253217244171883,11.807692307692308,346.43000000000006,324.2540000000001,346.168127944,132.0,0.2515966527443445,-0.3454861560442605,0.3454861560442605,0.2515966527443445,0.9615384615384616,1.6923076923076923,2.4615384615384617,16.15107738919476,9.987985370527417,2.1553543971791074,-2.1768379990510858,2.245778766123053,-2.271903245419694,5.9828966218914506,-0.1137414287334218,2.6186748542591967,1.8620060930911804,973.54312061396,18.681433796945203,15.167349542013612,15.167349542013612,12.452397498181153,8.622349905601618,8.622349905601618,6.474411978217586,6.474411978217586,4.440033679151735,4.440033679151735,3.1278452183669843,3.1278452183669843,-3.139999999999999,718265.851075338,17.675605200870653,7.397043886042549,3.7468665373687826,152.78258311097943,10.633577208012662,0.0,0.0,5.907179729351506,5.907179729351506,0.0,9.589074368143644,0.0,0.0,0.0,48.53093654769288,47.87955994862805,18.17457496607118,6.041840829147961,9.589074368143644,28.274194162316167,0.0,5.316788604006331,0.0,26.813052428219834,5.316788604006331,77.3540251597071,0.0,10.633577208012662,5.687386274683562,0.0,0.0,11.814359458703011,4.794537184071822,6.923737199690624,41.37420688769201,60.6636706846161,0.0,10.772448428929591,58.2,0.0,9.589074368143644,0.0,17.85620028785097,11.250837766380558,21.899351412323583,6.923737199690624,12.13273413692322,44.179309741689295,28.832678413397492,0.0,0.0,0.0,24.05434016727102,8.070992900297554,3.1141120693379905,-0.3199343674213244,19.437722861749112,0.0,5.309433035432313,0.0,0.1818181818181818,26.0,2.0,4.0,0.0,0.0,0.0,3.0,0.0,3.0,2.0,2.0,4.0,4.0,0.0,0.0,0.0,3.0,4.597620000000003,105.31190000000002,0.0,0.0,0.0,0.0,0.0,0.0,0.0,0.0,0.0,0.0,2.0,2.0,0.0,0.0,0.0,0.0,2.0,0.0,0.0,0.0,0.0,0.0,0.0,0.0,0.0,2.0,0.0,1.0,1.0,0.0,3.0,1.0,0.0,0.0,0.0,0.0,0.0,0.0,0.0,0.0,0.0,0.0,0.0,0.0,0.0,0.0,0.0,0.0,0.0,0.0,0.0,0.0,0.0,0.0,0.0,0.0,0.0,0.0,0.0,0.0,0.0,0.0,0.0,0.0,0.0,0.0,0.0,0.0,0.0,0.0,chembl_mpro_simfilter_potent,CHEMBL4523582,0.859375
24708104,CHEMBL3233815,C[C@H](c1cccc2ccccc12)N1CCC(C(=O)NCc2cccc(F)c2)CC1,1750.0,nM,=,5.76,CHEMBL5109240,Inhibition of full-length SARS-CoV-2 PLpro expressed in Escherichia coli BL21(DE3) using Ub-Rho as substrate incubated for 5 mins by enzymatic assay,0.0017378008287493,13.284156746412794,13.284156746412794,0.0273395376669178,-0.2708512291473945,0.6597599075929723,16.620689655172413,390.5020000000001,363.2860000000001,390.210741704,150.0,0.2229740976461488,-0.3517842719213308,0.3517842719213308,0.2229740976461488,1.0689655172413792,1.793103448275862,2.586206896551724,19.14214569058445,9.921641202208257,2.2762727272503485,-2.357873321816491,2.3077699324676875,-2.40859154239282,5.856526953386669,-0.1263315836116502,2.765699870213815,1.3417268834375629,989.5397306735472,20.21696770287794,16.774513764370923,16.774513764370923,14.114193540729628,10.354799114102743,10.354799114102743,7.902316266456179,7.902316266456179,6.077285404863875,6.077285404863875,4.340851466609143,4.340851466609143,-2.719999999999999,5374241.6110026,19.590131685030904,8.745709692927107,4.483394480618077,171.08556309011783,5.316788604006331,5.817220841045894,0.0,5.907179729351506,0.0,0.0,9.6944469149223,4.39041504767482,0.0,0.0,54.59730361615449,66.88697880661461,18.50450328122193,0.0,9.184952231746642,16.679628158281098,0.0,10.216698334856808,5.917906046161393,32.351977680603184,13.08951281182515,83.67416157751761,0.0,5.316788604006331,4.39041504767482,0.0,0.0,23.896602272027135,11.339293589984395,11.735126887207286,36.934124258084594,66.73003775307771,0.0,10.772448428929591,32.34,0.0,9.184952231746642,0.0,17.642306616558795,12.586597235060536,31.49460754937417,28.468634057549806,6.06636706846161,6.06636706846161,59.6050050137787,0.0,13.284156746412794,0.0,15.024659097849934,5.541993324780469,2.136545988956808,-0.1678402190602665,21.69993389985975,1.7025599962207103,4.4446578316464675,0.0,0.32,29.0,1.0,3.0,0.0,1.0,1.0,3.0,0.0,3.0,2.0,1.0,4.0,5.0,0.0,1.0,1.0,4.0,5.068300000000005,114.90670000000004,0.0,0.0,0.0,0.0,0.0,0.0,0.0,0.0,0.0,0.0,1.0,1.0,0.0,0.0,0.0,1.0,1.0,0.0,0.0,1.0,0.0,0.0,0.0,0.0,0.0,1.0,0.0,0.0,0.0,0.0,3.0,1.0,0.0,0.0,0.0,0.0,0.0,1.0,0.0,0.0,0.0,0.0,0.0,0.0,0.0,0.0,0.0,0.0,0.0,0.0,0.0,0.0,0.0,0.0,0.0,0.0,1.0,0.0,0.0,0.0,0.0,0.0,0.0,0.0,0.0,0.0,0.0,0.0,0.0,0.0,chembl_mpro_simfilter_potent,CHEMBL4523582,0.859375
26154772,CHEMBL5633810,[2H][C@](C(=O)N[C@@H](C)c1ccc(F)cc1)(c1ccccc1)N(C(=O)C(C)=O)c1ccc2c(c1)oc1ccccc12,8.0,nM,=,8.1,CHEMBL5627089,Inhibition of SARS-CoV-2 Main protease using MCA-AVLQSGFR-Lys(DNP)-Lys-NH2 as substrate preincubated for 10 mins followed by substrate addition by FRET assay,7.943282347242822e-06,13.96109168130317,13.96109168130317,0.1436985466567002,-2.376988260582009,0.2625258140171782,13.921052631578949,509.5551017780003,483.3490000000004,509.18611224599994,190.0,0.294557061248846,-0.4559854639320427,0.4559854639320427,0.294557061248846,0.8421052631578947,1.5,2.210526315789474,19.14214794003381,10.005425332794063,2.3513359321708247,-2.3137135615251907,2.348169863350179,-2.4616016498125397,6.408909934834193,-0.1359805134785524,3.312360909756362,1.6533819175472333,1700.9424153663283,27.73347556082299,21.773125806588283,20.773125806588283,18.695432999677337,12.582558842764552,12.08255884276455,8.936765804866965,8.936765804866965,6.328322191289494,6.328322191289494,4.416570419811996,4.416570419811996,-4.7799999999999985,684847842.3688586,23.60855112145087,10.29908230762702,4.78147868553981,219.6226127169853,9.733939541059678,23.001153592680023,0.0,11.690424675716445,5.907179729351506,0.0,19.28352128306594,4.39041504767482,0.0,0.0,60.6636706846161,48.382475525392664,29.449938971765388,7.412599385318181,24.56193609311385,45.22347939196559,0.0,5.316788604006331,0.0,25.907207696878853,4.899909730850477,114.0059969198257,0.0,10.216698334856808,10.077801322358384,0.0,0.0,17.59760440506795,14.383611552215466,5.817220841045894,38.40486923644306,101.47902403243914,0.0,21.93848871221407,79.62,35.47455854361145,20.144785156060504,0.0,11.250837766380558,16.729491774981483,22.596095359470695,24.26546827384644,55.4546737473835,24.26546827384644,5.316788604006331,4.417150937053347,28.97991975819091,0.0,40.80138092805154,4.436214133107102,1.9975122066983688,-3.1379821855306256,23.05424936537214,0.0,2.7853724607772294,0.0,0.1290322580645161,38.0,1.0,6.0,0.0,0.0,0.0,4.0,1.0,5.0,4.0,1.0,7.0,7.0,0.0,0.0,0.0,5.0,6.265800000000005,144.02769999999984,0.0,0.0,0.0,0.0,0.0,0.0,0.0,0.0,0.0,0.0,3.0,3.0,0.0,0.0,0.0,1.0,1.0,0.0,0.0,0.0,0.0,0.0,0.0,0.0,0.0,2.0,0.0,1.0,0.0,0.0,4.0,3.0,0.0,0.0,0.0,1.0,0.0,1.0,0.0,0.0,0.0,0.0,1.0,1.0,0.0,0.0,0.0,0.0,0.0,0.0,0.0,0.0,0.0,1.0,0.0,0.0,0.0,0.0,0.0,0.0,0.0,0.0,0.0,0.0,0.0,0.0,0.0,0.0,0.0,0.0,chembl_mpro_simfilter_potent,CHEMBL4523582,0.859375
24819102,CHEMBL454129,CC1(C)OC2=C(C(=O)C(=O)c3ccccc32)C1n1cc(-c2ccccc2)nn1,1700.0,nM,=,5.77,CHEMBL5139911,Inhibition of recombinant SARS-CoV-2 papain-like protease using Z-Arg-Leu-Arg-Gly-Gly-AMC as substrate by enzymatic assay,0.0016982436524617,12.96887018504984,12.96887018504984,0.3455663685227181,-0.7641706821617538,0.6450393351418664,20.0,371.3960000000001,354.2600000000001,371.1269914040001,138.0,0.2351049866632064,-0.4840731617171293,0.4840731617171293,0.2351049866632064,0.9285714285714286,1.6071428571428572,2.357142857142857,16.51216769909067,9.8307195328058,2.5170514064333234,-2.2681028346667116,2.4902818069568085,-2.349120036301414,6.52204042603828,-0.1120299240718573,3.2836969750434255,1.662274855291257,1158.534795354838,19.465890847321376,15.417238618977352,15.417238618977352,13.471163677742108,9.060560433669052,9.060560433669052,7.504498856764924,7.504498856764924,5.2532364766573725,5.2532364766573725,3.991634986449791,3.991634986449791,-3.539999999999999,4347890.625503399,16.62044611934542,5.726491874912538,2.2728800332667407,160.99578754346166,4.736862953800049,23.095984506636288,0.0,11.566489892729878,0.0,0.0,9.589074368143644,4.681802935145184,0.0,5.098681808301038,59.81068871180936,13.847474399381248,16.690354475090988,11.769948101682342,14.325937321943693,17.325654764386055,0.0,14.99386983910109,0.0,25.490366039512896,0.0,77.49415470123084,11.257379486545457,0.0,0.0,0.0,0.0,32.16141054281465,9.53140013787187,0.0,35.81075539599502,66.36725171783684,0.0,17.01654435820163,74.08000000000001,23.209381532861528,9.589074368143644,0.0,0.0,28.153100379967896,5.563451491696996,0.0,23.01138064368148,56.31204387861251,10.312066903955904,4.736862953800049,7.826651077097506,0.0,25.658076499551967,8.526822562358277,2.237729325264951,-0.5860691003521077,16.184240032904803,1.7909887566137566,3.778227513227513,0.0,0.1818181818181818,28.0,0.0,6.0,1.0,1.0,2.0,2.0,1.0,3.0,5.0,0.0,6.0,2.0,0.0,0.0,0.0,5.0,3.471700000000002,102.3585,0.0,0.0,0.0,0.0,0.0,3.0,0.0,0.0,0.0,0.0,2.0,2.0,0.0,0.0,0.0,3.0,0.0,0.0,0.0,0.0,0.0,0.0,0.0,0.0,0.0,0.0,0.0,0.0,0.0,0.0,2.0,2.0,0.0,0.0,1.0,0.0,0.0,0.0,0.0,0.0,0.0,0.0,2.0,2.0,0.0,0.0,0.0,0.0,0.0,0.0,0.0,0.0,0.0,0.0,0.0,0.0,0.0,0.0,0.0,0.0,0.0,0.0,0.0,0.0,0.0,0.0,0.0,0.0,0.0,0.0,chembl_mpro_simfilter_potent,CHEMBL4523582,0.859375
24810211,CHEMBL5178568,O=C(Sc1nc2ccccc2s1)c1ccc(-c2ccccc2)s1,125.0,nM,=,6.9,CHEMBL5136648,Inhibition of recombinant his tagged SARS CoV-2 main protease expressed in Escherichia coli BL21 using Boc-Abu-Tle-Leu-Gln-AMC37 as fluorogenic substrate pre-incubated for 5 mins followed by substrate addition measured after 60 mins by FRET based assay,0.0001258925411794,12.475586104812296,12.475586104812296,0.0520715230536659,0.0520715230536659,0.425825091211135,10.956521739130435,353.49300000000005,342.4050000000001,353.000276972,112.0,0.2358151143564054,-0.2801747967030841,0.2801747967030841,0.2358151143564054,0.8695652173913043,1.6521739130434785,2.4782608695652173,32.19482219818382,10.175025215566777,2.1439139651372474,-1.9515899919532744,2.3458651920302223,-1.8694336165980157,8.152716946543144,0.1087634018939418,3.2190030431302996,1.5620003079888245,939.0366503287568,15.6480536021256,11.931059718441295,14.380549461224476,11.292826335683708,7.024800086359023,9.4742898291422,4.866939585746763,8.20139708856028,3.3197575562994097,6.5843141798657445,2.2294762421288654,5.157104814123086,-1.949999999999999,441949.80380353134,14.63021447002736,6.275814589842612,3.080417063075234,145.37720482493535,0.0,0.0,4.339655680673546,5.11527693018572,0.0,0.0,4.794537184071822,4.983978520947208,0.0,22.67357175586947,42.46456947923127,41.59080471493455,4.877147193701299,15.093767827786662,4.794537184071822,49.76735426953167,0.0,4.983978520947208,0.0,4.339655680673546,0.0,71.60718494677901,10.440598685398296,0.0,0.0,0.0,34.435456705260584,10.099255451132928,0.0,0.0,9.671684377773122,71.06969343375127,0.0,20.65721931948366,29.96,0.0,4.794537184071822,0.0,5.11527693018572,0.0,29.8740221938585,23.09867082732585,11.336785877934735,54.59730361615449,17.116712657870426,0.0,1.9072363793747276,4.295660912576947,18.851586038353716,0.0520715230536659,2.0884178383244945,0.0,21.97169397498312,0.0,0.0,0.0,0.0,23.0,0.0,2.0,0.0,0.0,0.0,2.0,2.0,4.0,5.0,0.0,5.0,3.0,0.0,0.0,0.0,4.0,5.957300000000004,99.5625,0.0,0.0,0.0,0.0,0.0,1.0,0.0,0.0,0.0,0.0,1.0,1.0,0.0,0.0,0.0,1.0,0.0,0.0,0.0,0.0,0.0,0.0,0.0,0.0,0.0,0.0,0.0,0.0,0.0,0.0,2.0,1.0,0.0,0.0,0.0,0.0,0.0,0.0,0.0,0.0,0.0,0.0,0.0,0.0,0.0,0.0,0.0,0.0,0.0,0.0,0.0,0.0,0.0,1.0,0.0,0.0,0.0,0.0,0.0,0.0,0.0,1.0,0.0,0.0,0.0,0.0,1.0,1.0,0.0,0.0,chembl_mpro_simfilter_potent,CHEMBL4523582,0.859375
25951811,CHEMBL5566255,Cc1cncc(CC(=O)N2CCC[C@H]2c2cccc(Cl)c2)c1,2100.0,nM,=,5.68,CHEMBL5537019,Inhibition of N-terminal His6-tagged recombinant SARS-CoV-2 MPro transfected in Escherichia coli BL21 (DE3) using MCA-Ala-Val-Leu-Gln-Ser-Gly-Phe-Arg-Lys(Dnp)-LsyNH2-trifluoroacetate salt as substrate in presence of DTT by FRET assay,0.002089296130854,12.659850245653818,12.659850245653818,0.142563303099017,0.142563303099017,0.8591473462438767,17.727272727272727,314.816,295.664,314.11859090800004,114.0,0.2270635939757095,-0.335369330781268,0.335369330781268,0.2270635939757095,1.3636363636363635,2.227272727272727,3.0,35.49569144900047,10.038485196807535,2.293728552749981,-2.250940937682578,2.3294520431148986,-2.314227191147585,6.301640358800413,-0.1309407534829473,2.9652456951839508,1.763321622759792,686.2923031168629,15.526733258565956,12.627869232736206,13.38379817875466,10.631030293135234,7.58763556441524,7.965600037424467,5.84748094691033,6.283916727382315,4.093538425574138,4.328635528361877,3.1160238867222123,3.3147513411372858,-1.8699999999999992,151704.9350113061,15.042183664330793,6.4886199402751235,3.303499234887563,135.48153095088333,4.899909730850477,0.0,0.0,5.907179729351506,0.0,0.0,9.778515705019029,0.0,0.0,0.0,29.800041095617345,48.58846905755685,23.961076862880056,12.462662452073973,4.794537184071822,17.508119619584022,0.0,9.883888251797686,0.0,32.22804289761661,6.544756405912575,64.43851027436651,0.0,0.0,0.0,0.0,11.600939890232516,22.335824387061766,11.21535880699783,6.923737199690624,35.57383855009097,42.7255224855342,5.022633313741326,0.0,33.2,0.0,4.794537184071822,0.0,11.949020558499466,6.4208216229260096,41.09938744059691,0.0,12.393687143226153,36.08911520438754,11.050345589408815,11.600939890232516,0.0,6.086037242240193,18.80449146432372,0.7219288396921878,3.181087453533943,0.1619217687074832,9.99521816004996,6.02068363906883,2.806409210161465,0.0,0.3333333333333333,22.0,0.0,3.0,0.0,1.0,1.0,1.0,1.0,2.0,2.0,0.0,4.0,3.0,0.0,1.0,1.0,3.0,3.949620000000003,87.81800000000004,0.0,0.0,0.0,0.0,0.0,1.0,0.0,0.0,0.0,0.0,1.0,1.0,0.0,0.0,0.0,2.0,0.0,0.0,0.0,1.0,0.0,0.0,0.0,0.0,0.0,1.0,0.0,0.0,1.0,0.0,1.0,0.0,0.0,0.0,0.0,0.0,0.0,1.0,0.0,0.0,0.0,0.0,0.0,0.0,0.0,0.0,0.0,0.0,0.0,0.0,0.0,0.0,0.0,0.0,0.0,0.0,0.0,0.0,0.0,1.0,0.0,0.0,0.0,0.0,0.0,0.0,0.0,0.0,0.0,0.0,chembl_mpro_simfilter_potent,CHEMBL4523582,0.859375
25632122,CHEMBL5423655,COc1ccc(C2C3=C(CCCC3=O)Nc3cc([N+](=O)[O-])ccc3N2C(=O)CCl)cc1,2050.0,nM,=,5.69,CHEMBL5365963,Inhibition of SARS-CoV-2 main protease by FRET assay,0.0020417379446695,13.069119583018391,13.069119583018391,0.0655126448727636,-0.7128127362055936,0.4296649203786458,17.93548387096774,441.8710000000001,421.71100000000024,441.10914842,160.0,0.271159712865642,-0.4967681937548175,0.4967681937548175,0.271159712865642,1.2580645161290325,2.0,2.6451612903225805,35.49566407912453,9.855358333709946,2.392016147428862,-2.3316188559261817,2.4557092928726387,-2.3829825589959803,6.295882057473449,-0.3843738156819769,2.926882170000538,1.9800625260345728,1096.825262803025,22.120591385700628,16.76086239459166,17.516791340610112,14.939090705625686,9.779461140467244,10.313983624292092,7.32558768756884,7.592848929481264,5.538374984685051,5.767006790736486,4.133900242472392,4.262668228873346,-3.39,11273038.875629911,20.86553364929436,8.389650844714014,3.743932640304937,183.1391803630717,10.05365155780638,11.629515278254244,5.783244946364939,5.907179729351506,5.687386274683562,0.0,24.603302367759692,0.0,0.0,11.600939890232516,12.13273413692322,36.60419594293385,29.82369960297433,29.449721968610287,19.24924837076136,40.35352338999965,0.0,0.0,0.0,25.30430569792599,23.20649932110468,69.41248308281894,5.749511833283905,14.953561288656855,17.062158824050687,5.749511833283905,11.600939890232516,29.603536710781984,9.589074368143644,10.114318268765572,30.867757189622985,53.73471332235637,0.0,0.0,101.78,16.872331607317136,19.703392636909214,0.0,17.35063466601884,47.65689309455416,5.563451491696996,23.09901093623531,31.37526581512397,0.0,5.316788604006331,16.337802844032566,5.239484945141233,5.957988844935994,38.42294711773682,14.534412363427652,2.5780525612321266,-0.1374527577245217,10.667076159103576,1.6240514613108104,0.0,1.5578837492807551,0.2727272727272727,31.0,1.0,8.0,1.0,1.0,2.0,2.0,0.0,2.0,6.0,1.0,9.0,4.0,0.0,0.0,0.0,4.0,4.3491000000000035,116.5441,0.0,0.0,0.0,0.0,0.0,0.0,0.0,0.0,0.0,0.0,2.0,2.0,0.0,0.0,0.0,2.0,1.0,0.0,0.0,0.0,0.0,0.0,0.0,1.0,1.0,1.0,0.0,2.0,0.0,0.0,2.0,1.0,0.0,0.0,1.0,0.0,0.0,1.0,0.0,0.0,0.0,0.0,1.0,1.0,0.0,1.0,0.0,0.0,1.0,1.0,1.0,0.0,0.0,0.0,0.0,0.0,0.0,0.0,0.0,0.0,0.0,0.0,0.0,0.0,0.0,0.0,0.0,0.0,0.0,0.0,chembl_mpro_simfilter_potent,CHEMBL4523582,0.859375
24839623,CHEMBL5170392,O=C(O)Cn1sc2cc(F)ccc2c1=O,1571.3,nM,=,5.8,CHEMBL5145098,Inhibition of SARS-CoV-2 main protease using Mca-AVLQSGFRK(Dnp)K as substrate preincubated with enzyme for 10 mins followed by substrate addition and measured every 30 secs for 10 mins by fluorescence based analysis,0.0015848931924611,12.81914918745276,12.81914918745276,0.3496759259259263,-1.0933999433106572,0.8404303211440084,10.733333333333333,227.216,221.16799999999995,227.005242272,78.0,0.3241720315741842,-0.4798866748779664,0.4798866748779664,0.3241720315741842,1.5333333333333334,2.2666666666666666,2.933333333333333,32.137200285416476,10.258347737289965,2.097137621824555,-1.9071671760263784,2.1703855230066935,-2.175529387903689,7.134352393932909,-0.1370477772495508,2.41950833082971,2.6382308019763197,586.5452489241367,10.999635521070497,7.436294124156157,8.252790705083884,7.075387400469406,4.0889574818581185,4.862354143992093,2.9672738665966523,4.030447533641371,1.887994537554764,2.93776389365493,1.269830441100308,2.2825021528823823,-1.6899999999999995,2833.24425540159,9.849516086105751,3.4674991505476247,1.7544135916724874,87.33683796213391,5.106527394840706,12.36197724695847,0.0,0.0,5.559266895052007,5.969305287951848,13.54573547640424,4.39041504767482,0.0,0.0,11.532486611566677,18.19910120538483,0.0,10.086144130933896,14.291479626587348,27.58793603045242,0.0,3.956661108260597,0.0,6.544756405912575,0.0,34.37012612555455,0.0,5.559266895052007,4.39041504767482,0.0,11.532486611566677,15.032493791053152,11.339293589984395,5.817220841045894,0.0,22.993638389456653,0.0,10.086144130933896,59.3,17.345793024049748,13.979489415818463,0.0,6.544756405912575,10.086144130933896,15.489147719827272,18.19910120538483,0.0,0.0,0.0,5.106527394840706,14.368362150415722,0.949722222222222,22.000378716301334,8.893643392542202,-0.3912962962962958,-1.5320804988662124,3.767025226757369,0.0,-0.3890882464096752,0.0,0.1111111111111111,15.0,1.0,4.0,0.0,0.0,0.0,1.0,1.0,2.0,3.0,1.0,6.0,2.0,0.0,0.0,0.0,2.0,1.2867,53.67880000000002,1.0,0.0,0.0,0.0,0.0,1.0,0.0,0.0,1.0,1.0,1.0,0.0,0.0,0.0,0.0,1.0,0.0,0.0,0.0,0.0,0.0,0.0,0.0,0.0,0.0,0.0,0.0,0.0,0.0,0.0,1.0,1.0,0.0,0.0,0.0,0.0,0.0,1.0,0.0,0.0,0.0,0.0,0.0,0.0,0.0,0.0,0.0,0.0,0.0,0.0,0.0,0.0,0.0,0.0,0.0,0.0,0.0,0.0,0.0,0.0,0.0,0.0,0.0,0.0,0.0,0.0,0.0,0.0,0.0,0.0,chembl_mpro_simfilter_potent,CHEMBL4523582,0.859375
26014188,CHEMBL5592033,Cc1ccc(OC2CNC2)cc1C(=O)N[C@H](C)c1cccc(-c2ccc(CN3C(=O)[C@@H]4CC[C@H]3C4)s2)c1,1600.0,nM,=,5.8,CHEMBL5578428,Inhibition of N-terminal his-tagged SARS CoV-2 PL protease (1564 to 1878 residues) expressed in BL21 (DE3) cells using Z-RLRGG-AMC as substrate preincubated for 10 mins followed by substrate addition and measured for 15 mins by fluorescence based analysis,0.0015848931924611,13.165492702363888,13.165492702363888,0.1013183045520151,-0.1486475446851534,0.4392206124121885,21.675675675675677,515.6790000000003,482.4150000000003,515.224262916,192.0,0.2516570133885092,-0.4877528937802643,0.4877528937802643,0.2516570133885092,1.162162162162162,2.027027027027027,2.783783783783784,32.13356154584942,10.025949080876469,2.4392156625364505,-2.2770593347310295,2.401609910960708,-2.4985697907532884,7.1503650406306924,-0.1341890084494659,3.606326747162098,1.125662978911313,1331.110722820028,25.51793261119916,21.32840094393983,22.144897524867556,17.940693381224552,13.22796670688768,14.044463287815406,10.591345437818797,11.7596733836685,7.985042517694782,9.104111650248672,5.648491951571775,6.6515796635367614,-3.159999999999999,373427889.55820024,24.19235845704631,9.951595109511814,4.899940773330229,221.57379841001517,20.270349892663187,11.853478221032208,0.0,5.907179729351506,5.907179729351506,0.0,9.589074368143644,0.0,0.0,11.336785877934735,24.26546827384644,80.13212908555832,40.36700556623409,12.586597235060536,14.325937321943693,23.151145336637747,0.0,15.533486938863138,5.917906046161393,57.84234372011608,13.08951281182515,76.1648052849468,16.1901105186822,15.37044016181271,0.0,5.749511833283905,11.336785877934735,41.9495892182749,11.339293589984395,12.841643245852016,58.590081750480735,54.59730361615449,0.0,10.440598685398296,70.67,0.0,9.589074368143644,0.0,23.97089299240916,17.51247205019646,61.33660039489065,9.7542943874026,11.336785877934735,38.112942673227685,45.86532228117119,4.736862953800049,5.951330014868756,1.7487097754853955,30.199082377655888,6.362928355561776,3.747627515833937,1.227990229982472,18.647984155371446,3.421236434351797,6.359777807555203,0.0,0.4,37.0,2.0,6.0,1.0,2.0,3.0,2.0,1.0,3.0,5.0,2.0,7.0,8.0,1.0,2.0,3.0,6.0,5.076020000000005,145.77989999999983,0.0,0.0,0.0,0.0,0.0,0.0,0.0,0.0,0.0,0.0,2.0,2.0,0.0,0.0,0.0,1.0,2.0,0.0,0.0,1.0,0.0,0.0,0.0,0.0,0.0,2.0,0.0,0.0,1.0,0.0,2.0,2.0,0.0,0.0,1.0,0.0,0.0,0.0,0.0,0.0,0.0,0.0,0.0,0.0,0.0,0.0,0.0,0.0,0.0,0.0,0.0,0.0,0.0,0.0,0.0,0.0,1.0,0.0,0.0,0.0,0.0,0.0,0.0,0.0,0.0,0.0,0.0,1.0,0.0,0.0,chembl_mpro_simfilter_potent,CHEMBL4523582,0.859375
25559089,CHEMBL162755,C/N=c1\nc(-c2ccc(Cl)cc2)n(-c2ccccc2)s1,136.0,nM,=,6.87,CHEMBL5347925,Inhibition of full-length recombinant SARS-CoV-2 3CL protease expressed in Escherichia coli BL21 (DE3) cells using fluorogenic MCA-AVLQSGFR-Lys (Dnp)-Lys-NH2 substrate preincubated for 10 mins followed by substrate addition measured for 3.5 mins by FRET assay,0.0001348962882591,5.945288883778692,5.945288883778692,0.7181881456286221,0.7181881456286221,0.7081727871494083,11.8,301.802,289.70599999999996,301.044046064,100.0,0.2223680145081393,-0.2595650737437485,0.2595650737437485,0.2223680145081393,1.05,1.75,2.4,35.4956916554801,10.182403038609104,2.098229179979996,-2.0556843963459364,2.230892120878456,-1.961670422790255,7.036863826954,1.1158119040930112,2.931290860475501,2.201829937051305,772.8832417275096,13.94938298937633,10.8240059726796,12.39643149962578,9.775188245478668,6.122978959390331,7.274340094533532,4.1696980416051685,5.519004751252429,2.8512620253712053,4.106728383172065,1.8912693980082849,2.849327573627348,-1.9099999999999997,69178.46430722182,13.09069844980812,5.607259720921957,2.5252976717548856,125.5398430666087,0.0,0.0,5.824404497999927,4.801402653462074,0.0,0.0,4.992404732635668,3.956661108260597,4.983978520947208,0.0,29.800041095617345,47.93068902233634,17.633756788115512,5.687386274683562,0.0,23.133426501799192,0.0,8.940639629207805,4.992404732635668,0.0,7.04767198267719,64.42133958335789,17.075242264380485,4.801402653462074,0.0,0.0,23.133426501799192,15.988311611884996,0.0,0.0,0.0,59.589708348790154,5.022633313741326,17.075242264380485,30.18,0.0,0.0,0.0,0.0,0.0,26.899278231583885,11.532486611566677,7.04767198267719,42.46456947923127,26.06577849876669,11.600939890232516,2.074971655328798,7.462822188767354,9.50655327048515,0.7181881456286221,2.091900982615269,0.8735802469135804,17.799951617257115,0.0,0.0,1.749809670781893,0.0666666666666666,20.0,0.0,3.0,0.0,0.0,0.0,2.0,1.0,3.0,3.0,0.0,5.0,2.0,0.0,0.0,0.0,3.0,3.7847000000000017,83.37400000000004,0.0,0.0,0.0,0.0,0.0,2.0,0.0,0.0,0.0,0.0,0.0,0.0,0.0,0.0,0.0,3.0,0.0,0.0,0.0,0.0,0.0,0.0,0.0,0.0,0.0,0.0,0.0,0.0,0.0,0.0,2.0,0.0,0.0,0.0,0.0,0.0,0.0,1.0,0.0,0.0,0.0,0.0,0.0,0.0,0.0,0.0,0.0,0.0,0.0,0.0,0.0,0.0,0.0,1.0,0.0,0.0,0.0,0.0,0.0,0.0,0.0,0.0,0.0,0.0,0.0,0.0,0.0,0.0,0.0,0.0,chembl_mpro_simfilter_potent,CHEMBL4523582,0.859375
24876717,CHEMBL5207542,C[C@H](NC(=O)C(c1cnccn1)N(C(=O)c1ccco1)c1ccc(-c2ccccc2)cc1)c1ccccc1,280.0,nM,=,6.55,CHEMBL5155031,Non-covalent inhibition of SARS-Cov-2 -Mpro incubated for 30 mins using FRET substrate measured for 1 hr by FRET-based enzymatic assay,0.0002818382931264,13.901258941108326,13.901258941108326,0.1064204202750374,-1.1018171033845643,0.2810680735732491,12.342105263157896,502.5740000000002,476.3660000000004,502.200490692,188.0,0.2945277350673858,-0.4591823453430296,0.4591823453430296,0.2945277350673858,0.8157894736842105,1.5,2.1315789473684212,16.341421441682712,10.031137332558703,2.359578070186391,-2.3074846253163264,2.3127596246707496,-2.4464226931461055,6.082682850601231,-0.1227803576114136,3.5223558362317995,1.56420091681432,1473.2348279716362,26.321415709563013,20.76809158006324,20.76809158006324,18.614193540729627,12.253826135180235,12.253826135180235,8.739129976474482,8.739129976474482,6.231543359421395,6.231543359421395,4.300665123632543,4.300665123632543,-5.039999999999998,791267425.3896759,24.64545379584341,11.346721354319454,5.366637496404184,220.35085579560484,9.733939541059678,0.0,11.802088248022402,5.907179729351506,5.907179729351506,0.0,24.456941140888535,0.0,0.0,0.0,72.79640482153933,47.87955994862805,18.08107341790971,24.195775391248553,14.006225305196992,17.501745733386574,0.0,15.284745645900744,0.0,19.007418857986547,4.899909730850477,138.933193711284,11.126902983393991,10.216698334856808,5.687386274683562,0.0,0.0,21.782316500597425,4.794537184071822,0.0,40.81958294747827,126.33271774291744,0.0,11.126902983393991,88.33,17.85620028785097,9.589074368143644,0.0,11.802088248022402,11.381314269532025,16.690354475090988,29.753603441328764,12.13273413692322,91.8528761581532,15.284745645900744,4.417150937053347,5.448050600660629,0.0,37.72991385535769,3.0511713400669933,3.816889703538611,-0.7597615863506908,28.858599492220584,5.958003939102424,1.8971326554037593,0.0,0.0967741935483871,38.0,1.0,7.0,0.0,0.0,0.0,3.0,2.0,5.0,5.0,1.0,7.0,8.0,0.0,0.0,0.0,5.0,6.002100000000005,145.16819999999976,0.0,0.0,0.0,0.0,0.0,2.0,0.0,0.0,0.0,0.0,2.0,2.0,0.0,0.0,0.0,3.0,1.0,0.0,0.0,0.0,0.0,0.0,0.0,0.0,0.0,2.0,0.0,1.0,0.0,0.0,3.0,0.0,0.0,0.0,0.0,1.0,0.0,0.0,0.0,0.0,0.0,0.0,0.0,0.0,0.0,0.0,0.0,0.0,0.0,0.0,0.0,0.0,0.0,0.0,0.0,0.0,0.0,0.0,0.0,0.0,0.0,0.0,0.0,0.0,0.0,0.0,0.0,0.0,0.0,0.0,chembl_mpro_simfilter_potent,CHEMBL4523582,0.859375
25051161,CHEMBL5277713,O=c1c2ccccc2sn1CCCCc1ccccc1,410.0,nM,=,6.39,CHEMBL5247339,Inhibition of SARS CoV-2 Main protease using MCA-AVLQSGFR-Lys(DNP)-Lys-NH2 peptide as substrate by fluorescence based analysis,0.0004073802778041,12.16600548361371,12.16600548361371,0.1576954732510289,0.1576954732510289,0.6465102513987654,11.0,283.39599999999996,266.25999999999993,283.10308516400005,102.0,0.2680074530519386,-0.2677647264155939,0.2680074530519386,0.2677647264155939,0.9,1.65,2.45,32.13720052177273,10.092195521678198,2.0538194062864465,-2.0149019026642754,2.161603341193572,-2.124547483223876,7.133781844946038,0.6322758403781493,2.818249891843015,1.6025647025991334,742.2759218637896,13.7862462825598,11.28828972388051,12.104786304808236,9.843336592900531,6.972244302371594,7.745640964505568,4.93741163421458,6.000585301259299,3.472009644073434,4.593485374425272,2.3938479132118715,3.4260527181044997,-1.8699999999999997,69644.5913272246,13.12879842128993,6.055172365678949,2.8286310237296206,122.00252514182516,0.0,0.0,0.0,0.0,5.559266895052007,0.0,8.751198292332418,0.0,0.0,0.0,53.99705609079794,36.958650497398246,6.544756405912575,10.086144130933896,0.0,21.61863074250057,0.0,3.956661108260597,0.0,25.807221274690605,0.0,70.51455918697532,0.0,5.559266895052007,0.0,0.0,11.532486611566677,3.956661108260597,12.965578028838586,0.0,18.405094737549017,59.39184080022631,0.0,10.086144130933896,22.0,0.0,4.794537184071822,0.0,5.559266895052007,0.0,35.8933654056245,5.563451491696996,11.532486611566677,34.28849645056865,24.26546827384644,0.0,2.9684346054512005,1.574309282354917,12.16600548361371,0.847740161006756,1.529165511883766,0.0,18.34706265851152,3.2428640715545476,0.8244182256235827,0.0,0.2352941176470588,20.0,0.0,2.0,0.0,0.0,0.0,2.0,1.0,3.0,2.0,0.0,3.0,5.0,0.0,0.0,0.0,3.0,4.085900000000003,85.46500000000003,0.0,0.0,0.0,0.0,0.0,1.0,0.0,0.0,0.0,0.0,0.0,0.0,0.0,0.0,0.0,1.0,0.0,0.0,0.0,0.0,0.0,0.0,0.0,0.0,0.0,0.0,0.0,0.0,2.0,0.0,2.0,1.0,0.0,0.0,0.0,0.0,0.0,0.0,0.0,0.0,0.0,0.0,0.0,0.0,0.0,0.0,0.0,0.0,0.0,0.0,0.0,0.0,0.0,0.0,0.0,0.0,0.0,0.0,0.0,0.0,0.0,0.0,0.0,0.0,0.0,0.0,0.0,0.0,1.0,0.0,chembl_mpro_simfilter_potent,CHEMBL4523582,0.859375
25996615,CHEMBL5565973,COc1ccc2c(c1)/C(=C1\C(=O)Nc3ccccc31)C(=O)N2CCCCCCCC(=O)O,1610.0,nM,=,5.79,CHEMBL5551944,Inhibition of recombinant SARS-CoV-2 main protease expressed in Escherichia coli BL21 DE3 expression cells using MCA-AVLQSGFR-Lys(Dnp)-Lys-NH2 as substrate incubated for 10 to 15 mins followed by substrate addition by FRET assay,0.0016218100973589,13.527615416039383,13.527615416039383,0.1796450719227593,-0.7659366711114093,0.4523949710017361,16.71875,434.4920000000004,408.2840000000002,434.184171932,166.0,0.30283955653225,-0.4967427413230292,0.4967427413230292,0.30283955653225,0.96875,1.71875,2.5,16.465426718195246,9.959970138024543,2.3879859243020136,-2.1694696800701356,2.452802045852398,-2.2764499508446505,6.490583158332001,-0.1367191756015449,3.2434576622355795,1.587303944890051,1105.261155548848,22.664561460070644,18.018619705488582,18.018619705488582,15.507239053047549,10.880730562153849,10.880730562153849,8.001083469020298,8.001083469020298,5.91689910464978,5.91689910464978,4.342817876664294,4.342817876664294,-3.61,21903471.781826984,21.615576635532324,9.258709271064449,4.103249656222814,186.2335206091198,20.06008868349756,5.749511833283905,0.0,0.0,11.814359458703011,5.969305287951848,14.383611552215466,0.0,0.0,0.0,37.46156607416286,37.107111519698464,29.77986728691614,23.943392876099622,24.227001900856216,40.30464635616052,0.0,0.0,0.0,38.524929737556064,23.87125228204692,53.59147246262526,5.749511833283905,14.953561288656855,11.374772549367124,5.749511833283905,0.0,36.54474608868567,14.383611552215466,0.0,49.651832720950054,42.46456947923127,0.0,11.146209060138531,95.94,5.969305287951848,14.383611552215466,0.0,18.235181081629023,41.112136688641584,36.934124258084594,0.0,12.009707272128011,42.46456947923127,5.316788604006331,9.843390348640757,5.375341309520359,0.0,38.711785114580906,11.586456411024947,3.726906353874838,-0.5935251458314676,12.88509418438511,4.361355876859539,0.5388279478458049,1.5744246144066287,0.32,32.0,2.0,7.0,0.0,2.0,2.0,2.0,0.0,2.0,4.0,2.0,7.0,9.0,0.0,0.0,0.0,4.0,4.329900000000002,122.57050000000008,1.0,0.0,0.0,0.0,0.0,0.0,0.0,0.0,1.0,1.0,3.0,2.0,0.0,0.0,0.0,1.0,1.0,0.0,0.0,0.0,0.0,0.0,0.0,0.0,0.0,2.0,0.0,2.0,0.0,0.0,2.0,2.0,0.0,0.0,1.0,0.0,0.0,0.0,0.0,0.0,0.0,0.0,0.0,0.0,0.0,1.0,0.0,0.0,0.0,0.0,0.0,0.0,0.0,1.0,0.0,0.0,0.0,0.0,0.0,0.0,0.0,0.0,0.0,0.0,0.0,0.0,0.0,0.0,4.0,0.0,chembl_mpro_simfilter_potent,CHEMBL4523582,0.859375
25673278,CHEMBL5433690,COc1ccncc1C(=O)N1CCN(c2ccc(Cl)c(Cl)c2)[C@H](C(=O)NCc2ccc(F)s2)C1,410.0,nM,=,6.39,CHEMBL5377130,Inhibition of SARS CoV-2 MPro using MCA-AVLQSGFR-Lys(Dnp)-Lys-NH2 as substrate preincubated for 10 mins followed by substrate addition measured for 10 mins by FRET assay,0.0004073802778041,13.33802328008476,13.33802328008476,0.1267483150667676,-0.7060947341899728,0.5234037477465193,15.823529411764708,523.4170000000001,502.2490000000003,522.069545112,178.0,0.2588474496075114,-0.4958049625998705,0.4958049625998705,0.2588474496075114,1.2058823529411764,2.0294117647058822,2.735294117647059,35.498263773489334,10.077424559923095,2.3538717133291476,-2.4162299707727635,2.3000233054642463,-2.599104647683123,7.09806759615415,-0.12278018720989,3.279924825275581,1.5795323823208072,1208.4632772582822,24.241911729260263,18.13310691483583,20.461461387800473,16.367412398353686,10.379740571933043,11.952166098879228,7.558354635703618,9.491262039764694,5.502158218496915,7.114882094182215,3.793976058802904,4.753283593742306,-2.879999999999999,55520307.57406042,24.251102006709644,10.585734384449704,5.266915048223016,209.59749535492537,19.853471019507335,11.791352662431866,5.1309165430501995,5.907179729351506,5.907179729351506,0.0,14.57305288909085,0.0,4.39041504767482,11.336785877934735,23.20187978046503,36.39820241076966,36.04773342343616,35.80802847228233,18.716352369618512,52.04041139178634,0.0,15.200676855804016,0.0,12.586597235060536,31.64397648986574,74.40867140992695,5.749511833283905,14.953561288656855,10.077801322358384,5.749511833283905,34.538665658399765,54.48415529866391,11.339293589984395,5.1309165430501995,15.235135869470117,48.79188955399581,10.045266627482652,0.0,74.77,6.041840829147961,13.979489415818463,0.0,30.034788813578363,45.01227623267356,11.336785877934735,19.37300818135222,41.4285886447716,4.899909730850477,10.300767124953538,27.938742734265084,18.64013508220308,13.258491656967982,34.72549767890103,3.3134109128040334,1.0314645076477698,-0.1666343627351594,9.038200333903209,2.99445667211679,1.069751782697911,1.4841146243822387,0.2608695652173913,34.0,1.0,7.0,0.0,1.0,1.0,1.0,2.0,3.0,6.0,1.0,11.0,6.0,0.0,1.0,1.0,4.0,4.245000000000003,130.4122,0.0,0.0,0.0,0.0,0.0,1.0,0.0,0.0,0.0,0.0,2.0,2.0,0.0,0.0,0.0,3.0,1.0,0.0,0.0,0.0,0.0,0.0,0.0,0.0,0.0,2.0,0.0,1.0,0.0,0.0,1.0,0.0,0.0,0.0,1.0,0.0,0.0,3.0,0.0,0.0,0.0,0.0,0.0,0.0,0.0,1.0,0.0,0.0,0.0,0.0,0.0,0.0,0.0,0.0,0.0,0.0,0.0,1.0,0.0,1.0,0.0,0.0,0.0,0.0,0.0,0.0,0.0,1.0,0.0,0.0,chembl_mpro_simfilter_potent,CHEMBL4523582,0.859375
19964219,CHEMBL289356,Sc1nnc(Nc2ccccc2)s1,390.0,nM,=,6.41,CHEMBL4495583,SARS-CoV-2 3CL-Pro protease inhibition IC50 determined by FRET kind of response from peptide substrate,0.0003890451449942,4.076503562330282,4.076503562330282,0.6652140022675737,0.6652140022675737,0.7464667574765003,9.923076923076923,209.299,202.243,209.008139224,66.0,0.2103898073451753,-0.3300950286823713,0.3300950286823713,0.2103898073451753,1.1538461538461535,1.9230769230769231,2.5384615384615383,32.167509583675,10.311411417397078,1.9885670033503184,-1.983916349960895,2.212650004394321,-1.8739306376875084,7.82367867576943,1.017636368542091,2.5306838840251213,2.1524843861676635,385.2974796036626,9.096011838247808,6.636640422911867,8.34756419483951,6.343336592900531,3.689752286236759,4.953462462664444,2.3808142266439436,4.084507632118139,1.439392064718567,2.443980802741201,0.9109557049485888,1.7202004247156215,-1.07,1629.760421312178,8.524790558238214,3.760146299222433,2.1943630529230633,85.24153897327999,5.316788604006331,0.0,4.339655680673546,5.131558479839333,0.0,0.0,0.0,0.0,0.0,22.826152764615067,29.535887083319565,12.13273413692322,5.687386274683562,0.0,0.0,34.784519780470625,0.0,10.197363616602075,0.0,4.339655680673546,5.316788604006331,30.33183534230805,0.0,5.316788604006331,10.818944754522896,0.0,23.96557502594773,10.197363616602075,0.0,0.0,0.0,34.6714910229816,0.0,0.0,37.81,0.0,0.0,0.0,0.0,4.339655680673546,10.818944754522896,11.336785877934735,0.0,30.33183534230805,28.142941368621397,0.0,0.6652140022675737,5.48993862153915,0.0,11.556185909549006,1.0064660493827162,0.0,9.83775097281711,0.0,0.0,0.0,0.0,13.0,1.0,3.0,0.0,0.0,0.0,1.0,1.0,2.0,5.0,2.0,5.0,2.0,0.0,0.0,0.0,2.0,2.5704,56.88570000000002,0.0,0.0,0.0,0.0,0.0,2.0,0.0,0.0,0.0,0.0,0.0,0.0,0.0,0.0,0.0,2.0,1.0,0.0,0.0,0.0,0.0,0.0,0.0,0.0,0.0,0.0,0.0,2.0,0.0,0.0,1.0,0.0,0.0,0.0,0.0,0.0,0.0,0.0,0.0,0.0,0.0,0.0,0.0,0.0,0.0,0.0,0.0,0.0,0.0,0.0,0.0,0.0,0.0,1.0,0.0,0.0,0.0,0.0,0.0,0.0,0.0,0.0,0.0,0.0,0.0,0.0,0.0,0.0,0.0,0.0,chembl_mpro_simfilter_potent,CHEMBL4523582,0.859375
25921799,CHEMBL5542340,Cc1ccc(NCCN)cc1CN(C)[C@H](C)c1cccc2ccccc12,1660.0,nM,=,5.78,CHEMBL5528733,Inhibition of C-terminal His-tagged SARS-CoV-2 BetaCoV/Wuhan/WIV04/2019 PLpro expressed in Escherichia coli BL21 (DE3) cells preincubated for 30 mins followed by substrate addition and measured after 1 hrs by FRET assay,0.0016595869074375,5.603859556144667,5.603859556144667,0.334404735659696,0.334404735659696,0.6500944481161065,12.5,347.5060000000001,318.2740000000001,347.23614792800004,136.0,0.0343542737336128,-0.383768565386599,0.383768565386599,0.0343542737336128,1.0384615384615383,1.8076923076923077,2.6153846153846154,15.117460980003118,9.979742557695417,2.15174019565524,-2.269325374269634,2.2862540433898304,-2.2245044269982066,5.855660616077668,0.2538099918043116,2.6708463105444924,1.8174387702715384,866.9608588784387,18.518297090128673,15.996737169335114,15.996737169335114,12.596555450524583,9.312421803457312,9.312421803457312,7.016179508298958,7.016179508298958,5.176951804983344,5.176951804983344,3.4261020023958535,3.4261020023958535,-2.359999999999999,880652.8122832144,18.43165257093903,8.34671423047031,4.061936564536289,156.37434320889653,11.050456081168516,0.0,0.0,0.0,0.0,0.0,4.899909730850477,0.0,0.0,0.0,48.53093654769288,60.49068342300224,31.36349632156925,0.0,0.0,16.459834703613154,0.0,4.899909730850477,5.733667477162185,26.434071634441786,25.453973398508673,77.3540251597071,0.0,11.050456081168516,5.687386274683562,0.0,0.0,25.037094525352817,6.544756405912575,6.923737199690624,29.65593250392957,60.6636706846161,0.0,10.772448428929591,41.29,0.0,0.0,0.0,0.0,12.586597235060536,18.776899086508713,27.46280290402058,0.0,0.0,91.77551540153137,5.733667477162185,0.0,0.0,2.413510408793147,6.01458192795876,10.788863878338296,0.0,22.104171005315273,0.0,6.811943373572854,2.200262739355001,0.3043478260869565,26.0,3.0,3.0,0.0,0.0,0.0,3.0,0.0,3.0,3.0,2.0,3.0,7.0,0.0,0.0,0.0,3.0,4.711820000000004,112.55310000000004,0.0,0.0,0.0,0.0,0.0,0.0,0.0,0.0,0.0,0.0,0.0,0.0,0.0,0.0,0.0,1.0,1.0,1.0,0.0,0.0,0.0,0.0,0.0,0.0,0.0,0.0,0.0,1.0,1.0,0.0,3.0,1.0,0.0,0.0,0.0,0.0,0.0,0.0,0.0,0.0,0.0,0.0,0.0,0.0,0.0,0.0,0.0,0.0,0.0,0.0,0.0,0.0,0.0,0.0,0.0,0.0,0.0,0.0,0.0,0.0,0.0,0.0,0.0,0.0,0.0,0.0,0.0,0.0,0.0,0.0,chembl_mpro_simfilter_potent,CHEMBL4523582,0.859375
24708106,CHEMBL3233822,COc1cc(CNC(=O)C2CCN([C@H](C)c3cccc4ccccc34)CC2)ccn1,1850.0,nM,=,5.73,CHEMBL5109240,Inhibition of full-length SARS-CoV-2 PLpro expressed in Escherichia coli BL21(DE3) using Ub-Rho as substrate incubated for 5 mins by enzymatic assay,0.0018620871366628,12.670712317768142,12.670712317768142,0.073796584992021,0.073796584992021,0.6654964633896395,16.333333333333332,403.5260000000002,374.29400000000015,403.225977168,156.0,0.2229741164641921,-0.4809762591519971,0.4809762591519971,0.2229741164641921,1.1666666666666667,1.9333333333333331,2.7333333333333334,16.472673154236826,9.921723675161994,2.2765354895125847,-2.3578678633117556,2.308035619963427,-2.4085805790854806,5.856542106884111,-0.1263316230329397,2.816354759246866,1.3305708058154646,1006.7061865208092,20.924074484064484,17.67466090813589,17.67466090813589,14.652198343190411,10.63798653286292,10.63798653286292,7.978847409751343,7.978847409751343,6.196653321612265,6.196653321612265,4.365957766942274,4.365957766942274,-2.919999999999999,9395021.514276436,20.35673721140788,9.264269687287662,4.463469468833377,177.61816301204158,10.05365155780638,0.0,0.0,11.787168065786876,0.0,0.0,9.6944469149223,4.983978520947208,0.0,0.0,42.46456947923127,60.820611738152984,30.767713921296615,7.109797541277533,9.53140013787187,16.679628158281098,0.0,15.200676855804016,5.917906046161393,32.351977680603184,20.199310353102685,71.92105017116155,5.879988336435371,10.05365155780638,0.0,5.879988336435371,0.0,35.99037833425187,11.339293589984395,5.917906046161393,36.934124258084594,60.79414718776757,0.0,10.772448428929591,54.46,0.0,4.794537184071822,0.0,11.8250857755129,18.46658557149591,31.49460754937417,16.335899920626588,13.30664111289061,12.13273413692322,64.58898353472591,4.736862953800049,5.14605459237925,0.0,19.273056200356464,5.680048762233228,2.360972034522963,0.782800029323037,19.194715548035852,3.480845911051123,4.653214539119259,1.5949590496454915,0.36,30.0,1.0,5.0,0.0,1.0,1.0,2.0,1.0,3.0,4.0,1.0,5.0,6.0,0.0,1.0,1.0,4.0,4.332800000000003,119.29570000000004,0.0,0.0,0.0,0.0,0.0,1.0,0.0,0.0,0.0,0.0,1.0,1.0,0.0,0.0,0.0,2.0,1.0,0.0,0.0,1.0,0.0,0.0,0.0,0.0,0.0,1.0,0.0,0.0,0.0,0.0,2.0,1.0,0.0,0.0,1.0,0.0,0.0,0.0,0.0,0.0,0.0,0.0,0.0,0.0,0.0,1.0,0.0,0.0,0.0,0.0,0.0,0.0,0.0,0.0,0.0,0.0,1.0,0.0,0.0,1.0,0.0,0.0,0.0,0.0,0.0,0.0,0.0,0.0,0.0,0.0,chembl_mpro_simfilter_potent,CHEMBL4523582,0.859375
25673279,CHEMBL5397501,COc1ccncc1C(=O)N1CCN(c2ccc(Cl)c(Cl)c2)[C@H](C(=O)NCc2ccc(F)s2)C1.Cl,350.0,nM,=,6.46,CHEMBL5377130,Inhibition of SARS CoV-2 MPro using MCA-AVLQSGFR-Lys(Dnp)-Lys-NH2 as substrate preincubated for 10 mins followed by substrate addition measured for 10 mins by FRET assay,0.0003467368504525,13.33802328008476,13.33802328008476,0.0,-0.7060947341899728,0.475289340762048,15.371428571428572,559.8780000000002,537.7020000000003,558.046222824,186.0,0.2588474496075114,-0.4958049625998705,0.4958049625998705,0.2588474496075114,1.2,2.0,2.6857142857142855,35.498312125164084,10.077424558108676,2.3538792160650277,-2.416229970802587,2.3000368676447134,-2.599104647925745,7.0980698825315525,-0.1227803285158106,3.279924825275581,3.422493842594816e-06,1212.2595587466813,24.241911729260263,18.541355205299695,21.686206259192065,16.367412398353686,10.379740571933043,11.952166098879228,7.558354635703618,9.491262039764694,5.502158218496915,7.114882094182215,3.793976058802904,4.753283593742306,-2.589999999999999,55520307.57406042,27.00508562194391,11.897920669731617,6.160146277291955,221.7505886074748,19.853471019507335,11.791352662431866,5.1309165430501995,5.907179729351506,5.907179729351506,0.0,14.57305288909085,0.0,4.39041504767482,23.74381903911471,23.20187978046503,36.39820241076966,36.04773342343616,35.80802847228233,18.716352369618512,64.44744455296632,0.0,15.200676855804016,0.0,12.586597235060536,31.64397648986574,74.40867140992695,5.749511833283905,14.953561288656855,10.077801322358384,5.749511833283905,46.94569881957974,54.48415529866391,11.339293589984395,5.1309165430501995,15.235135869470117,48.79188955399581,10.045266627482652,0.0,74.77,6.041840829147961,13.979489415818463,0.0,42.44182197475834,45.01227623267356,11.336785877934735,19.37300818135222,41.4285886447716,4.899909730850477,10.300767124953538,27.938742734265084,18.64013508220308,13.258491656967982,34.72549767890103,3.3134109128040334,1.0314645076477698,-0.1666343627351594,9.038200333903209,2.99445667211679,1.069751782697911,1.4841146243822387,0.2608695652173913,35.0,1.0,7.0,0.0,1.0,1.0,1.0,2.0,3.0,6.0,1.0,12.0,6.0,0.0,1.0,1.0,4.0,4.666800000000005,137.66019999999995,0.0,0.0,0.0,0.0,0.0,1.0,0.0,0.0,0.0,0.0,2.0,2.0,0.0,0.0,0.0,3.0,1.0,0.0,0.0,0.0,0.0,0.0,0.0,0.0,0.0,2.0,0.0,1.0,0.0,0.0,1.0,0.0,0.0,0.0,1.0,0.0,0.0,4.0,0.0,0.0,0.0,0.0,0.0,0.0,0.0,1.0,0.0,0.0,0.0,0.0,0.0,0.0,0.0,0.0,0.0,0.0,0.0,1.0,0.0,1.0,0.0,0.0,0.0,0.0,0.0,0.0,0.0,1.0,0.0,0.0,chembl_mpro_simfilter_potent,CHEMBL4523582,0.859375
25673264,CHEMBL5425265,COc1ccncc1C(=O)N1CCN(c2ccc(Cl)c(Cl)c2)[C@H](C(=O)NCc2cccs2)C1,210.0,nM,=,6.68,CHEMBL5377130,Inhibition of SARS CoV-2 MPro using MCA-AVLQSGFR-Lys(Dnp)-Lys-NH2 as substrate preincubated for 10 mins followed by substrate addition measured for 10 mins by FRET assay,0.0002089296130854,13.274467102684696,13.274467102684696,0.1758109987822285,-0.6087307886117417,0.5461975567107992,15.909090909090908,505.42700000000025,483.2510000000003,504.078966924,172.0,0.2588474496075114,-0.4958049625998705,0.4958049625998705,0.2588474496075114,1.2121212121212122,2.060606060606061,2.787878787878788,35.49826362529515,10.077428053981034,2.3534333608571116,-2.4162411200134257,2.2993696472575915,-2.59910052945315,7.094367438423142,-0.122779288566313,3.3693502868093272,1.5827512288893604,1142.495004771924,23.371668241257183,17.83249271101623,20.16084718398087,15.973565548236332,10.266994649330536,11.902576406603886,7.431898129539773,9.278543565382735,5.453402235065814,7.068818878495445,3.76038905616947,4.697285031386679,-2.809999999999999,41107310.05062905,23.35160835370339,10.416559335211016,5.237424299079393,205.43195995199915,19.853471019507335,11.791352662431866,0.0,5.907179729351506,5.907179729351506,0.0,14.57305288909085,0.0,0.0,11.336785877934735,29.26824684892664,35.711898112773966,36.04773342343616,35.80802847228233,14.325937321943693,52.04041139178634,0.0,15.200676855804016,0.0,12.586597235060536,31.64397648986574,74.65781763734266,5.749511833283905,14.953561288656855,5.687386274683562,5.749511833283905,34.538665658399765,54.48415529866391,11.339293589984395,0.0,15.235135869470117,54.17195232446172,10.045266627482652,0.0,74.77,6.041840829147961,9.589074368143644,0.0,18.359115864615585,40.99249917020128,10.564533468384862,13.30664111289061,40.63264038578312,28.47907370670122,10.300767124953538,27.938742734265084,5.323098599204021,13.89890875411585,35.245594209513854,5.8113464525698255,1.1319092751884972,0.037526873501501,10.21691916687029,3.0526108022764147,1.4952274782051722,1.5090806107767964,0.2608695652173913,33.0,1.0,7.0,0.0,1.0,1.0,1.0,2.0,3.0,6.0,1.0,10.0,6.0,0.0,1.0,1.0,4.0,4.105900000000003,130.4542,0.0,0.0,0.0,0.0,0.0,1.0,0.0,0.0,0.0,0.0,2.0,2.0,0.0,0.0,0.0,3.0,1.0,0.0,0.0,0.0,0.0,0.0,0.0,0.0,0.0,2.0,0.0,1.0,0.0,0.0,1.0,0.0,0.0,0.0,1.0,0.0,0.0,2.0,0.0,0.0,0.0,0.0,0.0,0.0,0.0,1.0,0.0,0.0,0.0,0.0,0.0,0.0,0.0,0.0,0.0,0.0,0.0,1.0,0.0,1.0,0.0,0.0,0.0,0.0,0.0,0.0,0.0,1.0,0.0,0.0,chembl_mpro_simfilter_potent,CHEMBL4523582,0.859375
25673275,CHEMBL5438208,COc1ccc(NC(=O)[C@@H]2CN(C(=O)c3cnccc3OC)CCN2c2ccc(Cl)c(Cl)c2)cc1.Cl,190.0,nM,=,6.72,CHEMBL5377130,Inhibition of SARS CoV-2 MPro using MCA-AVLQSGFR-Lys(Dnp)-Lys-NH2 as substrate preincubated for 10 mins followed by substrate addition measured for 10 mins by FRET assay,0.0001905460717963,13.4672652728787,13.4672652728787,0.0,-0.6854535409842957,0.4739712496530944,15.055555555555555,551.8580000000003,526.6580000000004,550.09413832,190.0,0.2588474513334448,-0.4967658883916284,0.4967658883916284,0.2588474513334448,1.0,1.75,2.4166666666666665,35.49831153740379,10.074846894381649,2.355322231624306,-2.416237221557776,2.30337937562041,-2.5888467492288685,6.417232243772471,-0.1176464581896538,2.895215223481806,3.6099933140711633e-06,1226.1811250694436,24.949018510446816,19.61098448948318,21.939338962447813,16.90541720081447,10.848459301996778,11.604388248015232,7.8524827863594115,8.666883039840622,5.794007025059002,6.533036303797019,3.955097992223922,4.2474297049349605,-3.1999999999999993,80708513.50083414,27.388585017835908,12.163816712633666,5.9500944126834945,225.058235163644,24.590333973307384,17.54086449571577,0.0,5.907179729351506,5.907179729351506,0.0,14.573052889090851,0.0,0.0,12.407033161179976,23.20187978046503,48.53093654769288,36.85797250441843,36.37306960764729,19.06280027574374,58.79804494971514,0.0,9.883888251797686,0.0,6.041840829147961,44.07056263514959,76.53334181009869,11.49902366656781,19.690424242456903,11.374772549367124,11.49902366656781,35.60891294164501,61.59395283994144,4.794537184071822,0.0,10.357988675768818,60.924623690919034,10.045266627482652,0.0,84.0,6.041840829147961,9.589074368143644,0.0,30.766149025795563,45.88464087225616,5.687386274683562,13.30664111289061,60.67112032297236,10.966276799312087,10.300767124953538,32.67560568806513,10.51350568676687,12.355842195051052,34.40080475100326,3.749741625074499,1.68972713919064,0.5826960286447456,13.20328712263864,3.029637115504304,0.9539054582015448,3.076408433480008,0.24,36.0,1.0,8.0,0.0,1.0,1.0,2.0,1.0,3.0,6.0,1.0,11.0,6.0,0.0,1.0,1.0,4.0,4.797100000000005,143.16019999999983,0.0,0.0,0.0,0.0,0.0,1.0,0.0,0.0,0.0,0.0,2.0,2.0,0.0,0.0,0.0,3.0,1.0,0.0,0.0,0.0,0.0,0.0,0.0,0.0,0.0,2.0,0.0,2.0,0.0,0.0,2.0,0.0,0.0,0.0,2.0,0.0,0.0,3.0,0.0,0.0,0.0,0.0,0.0,0.0,0.0,2.0,0.0,0.0,0.0,0.0,0.0,0.0,0.0,0.0,0.0,0.0,0.0,1.0,0.0,1.0,0.0,0.0,0.0,0.0,0.0,0.0,0.0,0.0,0.0,0.0,chembl_mpro_simfilter_potent,CHEMBL4523582,0.859375
24839608,CHEMBL5172482,O=C(Cn1sc2cc(F)ccc2c1=O)NC1CCCC1,400.0,nM,=,6.4,CHEMBL5145098,Inhibition of SARS-CoV-2 main protease using Mca-AVLQSGFRK(Dnp)K as substrate preincubated with enzyme for 10 mins followed by substrate addition and measured every 30 secs for 10 mins by fluorescence based analysis,0.0003981071705534,13.12674152496934,13.12674152496934,0.0102173091458803,-0.3737896749481348,0.9437623405541296,15.85,294.3510000000001,279.231,294.08382694000005,106.0,0.2685027612541253,-0.3517870020677723,0.3517870020677723,0.2685027612541253,1.4,2.15,2.9,32.13720061270314,10.234481389363602,2.179911870407056,-2.108047641559017,2.1889810428579346,-2.3589665688792345,7.134402028505202,-0.1217325860903439,2.9892620470449276,1.779172945456227,700.752082493067,14.11251969619286,10.894857922592015,11.711354503519743,9.631030293135234,6.720522399630679,7.493919061764653,5.122429701315565,6.185603368360284,3.6166242994096343,4.6663936555098,2.6208749166578738,3.6403613239577752,-1.69,57504.433999003275,13.300336635910009,5.360105689123466,2.604833919199463,118.91134581199977,5.316788604006331,12.36197724695847,0.0,5.907179729351506,5.559266895052007,0.0,13.54573547640424,4.39041504767482,0.0,0.0,24.374129857418698,31.04074445123685,6.041840829147961,10.086144130933896,9.184952231746642,27.525810471852076,0.0,9.273449712266927,0.0,38.269883726764576,0.0,34.37012612555455,0.0,10.87605549905834,4.39041504767482,0.0,11.532486611566677,15.905681666760064,11.339293589984395,5.817220841045894,25.68328649170404,22.993638389456653,0.0,10.086144130933896,51.1,0.0,13.979489415818463,0.0,29.870264700509946,10.086144130933896,37.21577310327071,22.155762313645425,0.0,0.0,5.316788604006331,0.0,15.082905598623494,1.1276332199546484,24.009535777273875,3.4072443205677336,-0.2300259826152682,-0.5209859145550886,4.297353207875845,4.316122463728885,0.0102173091458803,0.0,0.4285714285714285,20.0,1.0,4.0,1.0,0.0,1.0,1.0,1.0,2.0,3.0,1.0,6.0,3.0,1.0,0.0,1.0,3.0,2.2609000000000004,76.44170000000003,0.0,0.0,0.0,0.0,0.0,1.0,0.0,0.0,0.0,0.0,1.0,1.0,0.0,0.0,0.0,1.0,1.0,0.0,0.0,0.0,0.0,0.0,0.0,0.0,0.0,1.0,0.0,0.0,0.0,0.0,1.0,1.0,0.0,0.0,0.0,0.0,0.0,1.0,0.0,0.0,0.0,0.0,0.0,0.0,0.0,0.0,0.0,0.0,0.0,0.0,0.0,0.0,0.0,0.0,0.0,0.0,0.0,0.0,0.0,0.0,0.0,0.0,0.0,0.0,0.0,0.0,0.0,0.0,0.0,0.0,chembl_mpro_simfilter_potent,CHEMBL4523582,0.859375
19964249,CHEMBL505308,Br.Oc1cc2c(cc1O)C(c1ccccc1)CNCC2,2630.0,nM,=,5.58,CHEMBL4495583,SARS-CoV-2 3CL-Pro protease inhibition IC50 determined by FRET kind of response from peptide substrate,0.0026302679918953,9.761376291257244,9.761376291257244,0.0,-0.0402026643990931,0.7020847370757354,17.7,336.2290000000001,318.08500000000004,335.052090916,106.0,0.1572066943255106,-0.5042530567270994,0.5042530567270994,0.1572066943255106,1.0,1.7,2.45,79.90400029071239,9.876164690844192,2.213367213748485,-2.1845091538066193,2.3560131539859377,-2.2032655656768285,8.927005050911124,0.4021001128187552,2.6278592436370745,1.4699992084171057e-06,586.530785639665,13.242276208189782,11.042797978540433,12.755870031636212,9.254020195423491,6.55885646783548,6.55885646783548,4.95712977129038,4.95712977129038,3.733326288916377,3.733326288916377,2.7393018898209234,2.7393018898209234,-1.5199999999999996,34288.30741097655,14.880136611445849,6.286694931234891,2.811253153585149,128.59346643006575,15.529843393687742,0.0,11.49902366656781,0.0,0.0,0.0,0.0,0.0,0.0,16.981450852126283,30.33183534230805,41.7886666408528,12.462662452073968,0.0,10.213054789681411,16.981450852126283,0.0,5.316788604006331,0.0,12.338727669087405,13.08951281182515,59.15492395432226,11.49902366656781,5.316788604006331,0.0,11.49902366656781,16.981450852126283,23.302567601506563,6.4208216229260096,0.0,22.60826052125238,42.46456947923127,0.0,0.0,52.49,0.0,10.213054789681411,0.0,34.398380564855486,0.0,30.63723741814515,5.563451491696996,12.13273413692322,18.19910120538483,17.449522740929552,0.0,0.0,0.0,0.0,22.833309712773996,3.434160052910053,0.138187778197699,13.65556836314773,0.867566373771731,1.7378743858654573,0.0,0.25,20.0,3.0,3.0,0.0,1.0,1.0,2.0,0.0,2.0,3.0,3.0,4.0,1.0,0.0,0.0,0.0,3.0,2.953300000000002,84.95230000000004,0.0,0.0,0.0,0.0,0.0,0.0,0.0,2.0,0.0,0.0,0.0,0.0,0.0,0.0,0.0,0.0,1.0,0.0,0.0,0.0,0.0,0.0,0.0,0.0,0.0,0.0,0.0,0.0,0.0,0.0,2.0,1.0,0.0,0.0,0.0,0.0,0.0,1.0,0.0,0.0,0.0,0.0,0.0,0.0,0.0,0.0,0.0,0.0,0.0,0.0,0.0,0.0,0.0,0.0,2.0,2.0,0.0,0.0,0.0,0.0,0.0,0.0,0.0,0.0,0.0,0.0,0.0,0.0,0.0,0.0,chembl_mpro_simfilter_potent,CHEMBL4523582,0.859375
26014174,CHEMBL5594581,Cc1ccc(NC2CNC2)cc1C(=O)N[C@H](C)c1cccc(-c2ccc(CNC(=O)C3CC3)s2)c1,790.0,nM,=,6.1,CHEMBL5578428,Inhibition of N-terminal his-tagged SARS CoV-2 PL protease (1564 to 1878 residues) expressed in BL21 (DE3) cells using Z-RLRGG-AMC as substrate preincubated for 10 mins followed by substrate addition and measured for 15 mins by fluorescence based analysis,0.0007943282347242,13.124589681392187,13.124589681392187,0.0688873972235055,-0.1328148073967887,0.3541614906601728,16.285714285714285,488.65700000000027,456.4010000000003,488.2245972639999,182.0,0.2515960963969782,-0.3797262858974603,0.3797262858974603,0.2515960963969782,1.0857142857142856,1.9142857142857144,2.657142857142857,32.13356138148583,10.022046665958843,2.2881147691531147,-2.288629956393226,2.3133896264805887,-2.510008417243937,7.150355756384148,-0.1219450308872465,3.581485141652093,1.2329503849050811,1229.200161075229,24.36323207281991,20.18848200759984,21.004978588527564,16.957530133630158,12.315838792006614,13.13233537293434,9.607859035577896,10.7761869814276,6.699850181103755,7.834157436081472,4.194014337491217,5.137804572630037,-3.159999999999999,115694999.51830794,23.575765106823976,10.21837934385002,5.741587649490141,210.07609080225703,21.267154416025324,0.0,0.0,5.907179729351506,5.907179729351506,0.0,9.589074368143644,0.0,0.0,11.336785877934735,24.26546827384644,73.7113074626323,40.012551011769695,18.628438064208495,9.589074368143644,28.838531611321308,0.0,15.950365812018994,5.917906046161393,45.31755570944176,18.40630141583148,76.1648052849468,10.440598685398296,21.267154416025324,5.687386274683562,0.0,11.336785877934735,30.94571309967612,11.339293589984395,12.841643245852016,52.16926012755472,54.59730361615449,0.0,10.440598685398296,82.25999999999999,0.0,9.589074368143644,0.0,23.77410633401237,18.150048726757532,58.06319119485431,0.0,11.336785877934735,44.179309741689295,45.532622689871765,0.0,0.0,1.6926884224997567,27.34130886831485,12.929774606406705,4.801799865610967,0.3278713927970946,18.74562826614638,2.0339502319023546,6.46031167965523,0.0,0.3571428571428571,35.0,4.0,6.0,1.0,1.0,2.0,2.0,1.0,3.0,5.0,4.0,7.0,9.0,1.0,1.0,2.0,5.0,4.624420000000003,141.6662999999999,0.0,0.0,0.0,0.0,0.0,0.0,0.0,0.0,0.0,0.0,2.0,2.0,0.0,0.0,0.0,0.0,4.0,0.0,0.0,0.0,0.0,0.0,0.0,0.0,0.0,2.0,0.0,1.0,1.0,0.0,2.0,0.0,0.0,0.0,0.0,0.0,0.0,0.0,0.0,0.0,0.0,0.0,0.0,0.0,0.0,0.0,0.0,0.0,0.0,0.0,0.0,0.0,0.0,0.0,0.0,0.0,0.0,0.0,0.0,0.0,0.0,0.0,0.0,0.0,0.0,0.0,0.0,1.0,0.0,0.0,chembl_mpro_simfilter_potent,CHEMBL4523582,0.859375
26014175,CHEMBL5591371,Cc1ccc(NC2CNC2)cc1C(=O)N[C@H](C)c1cccc(-c2ccc(CNC(=O)C3CCCC3)s2)c1,380.0,nM,=,6.42,CHEMBL5578428,Inhibition of N-terminal his-tagged SARS CoV-2 PL protease (1564 to 1878 residues) expressed in BL21 (DE3) cells using Z-RLRGG-AMC as substrate preincubated for 10 mins followed by substrate addition and measured for 15 mins by fluorescence based analysis,0.0003801893963205,13.167558431392187,13.167558431392187,0.0674059157420241,-0.1347871939845597,0.3067726869072015,16.7027027027027,516.7110000000004,480.42300000000034,516.255897392,194.0,0.2515960963969782,-0.3797262858974603,0.3797262858974603,0.2515960963969782,1.054054054054054,1.864864864864865,2.6216216216216215,32.13356151246667,10.022022979885556,2.2230231154488016,-2.288630000717645,2.3057471422597917,-2.510008423346574,7.150357948361589,-0.1244631409685367,3.5835060148193425,1.2124235342395755,1259.9722255198271,25.777445635193,21.60269556997293,22.419192150900656,17.957530133630158,13.315838792006614,14.13233537293434,10.314965816764442,11.483293762614148,7.477671627436668,8.611978882414386,5.036492985876849,5.980283221015668,-3.159999999999999,292779138.983482,25.48792002824846,11.48521591684348,6.224074497176898,222.80597503105025,21.267154416025324,0.0,0.0,5.907179729351506,5.907179729351506,0.0,9.589074368143644,0.0,0.0,11.336785877934735,37.107111519698464,73.7113074626323,40.012551011769695,18.628438064208495,9.589074368143644,28.838531611321308,0.0,15.950365812018994,5.917906046161393,58.15919895529379,18.40630141583148,76.1648052849468,10.440598685398296,21.267154416025324,5.687386274683562,0.0,11.336785877934735,30.94571309967612,11.339293589984395,12.841643245852016,65.01090337340675,54.59730361615449,0.0,10.440598685398296,82.25999999999999,0.0,9.589074368143644,0.0,23.77410633401237,18.150048726757532,70.90483444070634,0.0,11.336785877934735,38.112942673227685,51.598989758333374,0.0,0.0,1.7031050891664234,27.835195565740733,13.0296510856493,4.810932306214296,0.3131491705748723,18.809500465533254,4.363299510229816,6.468500140224642,0.0,0.4,37.0,4.0,6.0,1.0,1.0,2.0,2.0,1.0,3.0,5.0,4.0,7.0,9.0,1.0,1.0,2.0,5.0,5.404620000000005,150.9002999999998,0.0,0.0,0.0,0.0,0.0,0.0,0.0,0.0,0.0,0.0,2.0,2.0,0.0,0.0,0.0,0.0,4.0,0.0,0.0,0.0,0.0,0.0,0.0,0.0,0.0,2.0,0.0,1.0,1.0,0.0,2.0,0.0,0.0,0.0,0.0,0.0,0.0,0.0,0.0,0.0,0.0,0.0,0.0,0.0,0.0,0.0,0.0,0.0,0.0,0.0,0.0,0.0,0.0,0.0,0.0,0.0,0.0,0.0,0.0,0.0,0.0,0.0,0.0,0.0,0.0,0.0,0.0,1.0,0.0,0.0,chembl_mpro_simfilter_potent,CHEMBL4523582,0.859375
26014178,CHEMBL5594527,Cc1ccc(NC2CNC2)cc1C(=O)N[C@H](C)c1cccc(-c2ccc(CNC(=O)C3CCNCC3)s2)c1,2400.0,nM,=,5.62,CHEMBL5578428,Inhibition of N-terminal his-tagged SARS CoV-2 PL protease (1564 to 1878 residues) expressed in BL21 (DE3) cells using Z-RLRGG-AMC as substrate preincubated for 10 mins followed by substrate addition and measured for 15 mins by fluorescence based analysis,0.0023988329190194,13.183129365648242,13.183129365648242,0.0706611240753574,-0.1407395749369406,0.2852065066589169,16.894736842105264,531.7260000000003,494.43000000000035,531.2667964240001,200.0,0.2515960963969782,-0.3797262858974603,0.3797262858974603,0.2515960963969782,1.0263157894736843,1.8421052631578947,2.6052631578947367,32.13356158598042,9.972160222215818,2.2098695074312715,-2.2886301054518343,2.30123068362491,-2.5100084277579313,7.150359373551331,-0.1254117895282265,3.396508671441684,1.2015404111813068,1279.152531310909,26.484552416379547,22.10269556997293,22.919192150900656,18.45753013363016,13.52294557319316,14.339442154120889,10.357859035577896,11.5261869814276,7.461651862160891,8.595959117138609,4.93260442921656,5.876394664355379,-3.199999999999999,441945842.01390886,26.40883196939101,12.10886035484043,6.433972424174241,228.3558372146583,26.583943020031658,0.0,0.0,5.907179729351506,5.907179729351506,0.0,9.589074368143644,0.0,0.0,11.336785877934735,24.26546827384644,86.80082027445746,40.012551011769695,18.628438064208495,9.589074368143644,28.838531611321308,0.0,21.267154416025324,5.917906046161393,45.31755570944176,31.49581422765663,76.1648052849468,10.440598685398296,26.583943020031658,5.687386274683562,0.0,11.336785877934735,44.035225911501264,11.339293589984395,12.841643245852016,52.16926012755472,54.59730361615449,0.0,10.440598685398296,94.29,0.0,9.589074368143644,0.0,23.77410633401237,18.150048726757532,71.15270400667946,0.0,11.336785877934735,38.112942673227685,56.91577836233971,0.0,0.0,1.6948746364915264,27.95441233333012,16.334524823201264,4.79135036201324,0.2036439622415389,18.773097446267144,1.8117280096801325,8.26970176010837,0.0,0.4,38.0,5.0,7.0,0.0,2.0,2.0,2.0,1.0,3.0,6.0,5.0,8.0,9.0,0.0,2.0,2.0,5.0,4.214020000000003,154.5359999999998,0.0,0.0,0.0,0.0,0.0,0.0,0.0,0.0,0.0,0.0,2.0,2.0,0.0,0.0,0.0,0.0,5.0,0.0,0.0,0.0,0.0,0.0,0.0,0.0,0.0,2.0,0.0,1.0,1.0,0.0,2.0,0.0,0.0,0.0,0.0,0.0,0.0,0.0,0.0,0.0,0.0,0.0,0.0,0.0,0.0,0.0,0.0,0.0,0.0,0.0,0.0,0.0,0.0,0.0,0.0,0.0,1.0,0.0,0.0,0.0,0.0,0.0,0.0,0.0,0.0,0.0,0.0,1.0,0.0,0.0,chembl_mpro_simfilter_potent,CHEMBL4523582,0.859375
25559088,CHEMBL5418476,C/N=c1\nc(-c2ccccc2)n(-c2ccc(F)cc2)s1,124.0,nM,=,6.91,CHEMBL5347925,Inhibition of full-length recombinant SARS-CoV-2 3CL protease expressed in Escherichia coli BL21 (DE3) cells using fluorogenic MCA-AVLQSGFR-Lys (Dnp)-Lys-NH2 substrate preincubated for 10 mins followed by substrate addition measured for 3.5 mins by FRET assay,0.0001230268770812,13.057273694219042,13.057273694219042,0.2495102670697904,-0.2495102670697904,0.7104698495323949,11.8,285.347,273.2509999999999,285.073596604,100.0,0.2223680145463299,-0.2595650737436892,0.2595650737436892,0.2223680145463299,1.05,1.75,2.4,32.1371984344645,10.18385609532791,2.098356828014777,-2.0552411561334267,2.2160841102921687,-1.9618202065811856,7.036853583122202,0.62731656380881,2.931290860475501,2.201829937051305,772.8832417275096,13.94938298937633,10.8240059726796,11.640502553607323,9.775188245478668,6.122978959390332,6.896375621524306,4.1696980416051685,5.082568970780447,2.8512620253712058,3.854752067832581,1.8926304122074955,2.7247004301568154,-2.269999999999999,69178.46430722182,12.74812892703294,5.3833627742349375,2.39751098606873,119.40211224265325,0.0,5.817220841045894,5.824404497999927,4.801402653462074,0.0,0.0,4.992404732635668,8.347076155935415,4.983978520947208,0.0,30.33183534230805,35.79795488541312,12.611123474374184,5.687386274683562,4.39041504767482,11.532486611566677,0.0,8.940639629207805,4.992404732635668,0.0,7.04767198267719,65.21592711066246,17.075242264380485,4.801402653462074,4.39041504767482,0.0,11.532486611566677,15.988311611884996,0.0,5.817220841045894,0.0,59.589708348790154,0.0,17.075242264380485,30.18,0.0,4.39041504767482,0.0,5.817220841045894,4.801402653462074,17.075242264380485,23.665220748489897,19.18040611960041,34.288496450568644,9.976383253582876,0.0,15.012736657182003,1.429729780801209,9.339872606449989,0.0,1.8755815381708243,0.558645439657345,16.239179862512295,0.0,0.0,1.710920781893004,0.0666666666666666,20.0,0.0,3.0,0.0,0.0,0.0,2.0,1.0,3.0,3.0,0.0,5.0,2.0,0.0,0.0,0.0,3.0,3.2704000000000013,78.32200000000003,0.0,0.0,0.0,0.0,0.0,2.0,0.0,0.0,0.0,0.0,0.0,0.0,0.0,0.0,0.0,3.0,0.0,0.0,0.0,0.0,0.0,0.0,0.0,0.0,0.0,0.0,0.0,0.0,0.0,0.0,2.0,0.0,0.0,0.0,0.0,0.0,0.0,1.0,0.0,0.0,0.0,0.0,0.0,0.0,0.0,0.0,0.0,0.0,0.0,0.0,0.0,0.0,0.0,0.0,0.0,0.0,0.0,0.0,0.0,0.0,0.0,0.0,0.0,0.0,0.0,0.0,0.0,0.0,0.0,0.0,chembl_mpro_simfilter_potent,CHEMBL4523582,0.859375
26014203,CHEMBL5593811,Cc1ccc(NC2CNC2)cc1C(=O)N[C@H](C)c1cccc(-c2ccc(CN[C@H]3CC[C@@H](OC(=O)[C@@H](N)C(C)C)C3)s2)c1,560.0,nM,=,6.25,CHEMBL5578428,Inhibition of N-terminal his-tagged SARS CoV-2 PL protease (1564 to 1878 residues) expressed in BL21 (DE3) cells using Z-RLRGG-AMC as substrate preincubated for 10 mins followed by substrate addition and measured for 15 mins by fluorescence based analysis,0.0005623413251903,13.253137107496638,13.253137107496638,0.0617383691568109,-0.5624604896707008,0.1821836501837148,19.953488372093023,603.8330000000002,558.4730000000004,603.3243113000001,230.0,0.3229491742262658,-0.4611499170335995,0.4611499170335995,0.3229491742262658,1.0465116279069768,1.8604651162790695,2.604651162790698,32.13356193217506,10.022033824979122,2.295304343658396,-2.288630089277178,2.308800822531419,-2.5100084482982936,7.150305458876789,-0.15101331868805,3.634032573597687,1.1391738050602112,1418.5158519642937,30.50949644276188,25.61323815600875,26.42973473693648,20.65590743638782,15.432204118202522,16.248700699130247,12.335353526571836,13.50368147242154,8.537559876947153,9.671867131924875,5.522404152936785,6.4773589377602345,-3.239999999999999,3773108780.865232,31.19315374871745,14.030781769635636,8.030491990282506,258.7191794151563,31.73768484698756,12.145807216896262,0.0,0.0,5.907179729351506,5.969305287951848,9.589074368143644,0.0,0.0,11.336785877934735,38.11294267322769,86.05003513171971,46.681242200668834,12.08368165829592,14.325937321943693,28.90065716992165,0.0,15.950365812018994,11.651573523323576,83.77349977779323,18.40630141583148,76.1648052849468,10.440598685398296,27.00082189318751,5.687386274683562,0.0,11.336785877934735,49.195486704320686,16.076156543784446,12.841643245852016,72.43755614986198,54.59730361615449,0.0,10.440598685398296,117.51,6.041840829147961,9.589074368143644,0.0,29.94019828036101,17.647133149992918,61.27447483629031,9.7542943874026,11.336785877934735,45.89405000414732,57.665356826794984,10.470530430962237,5.656775542869813,1.7708316248628364,27.926885505303453,13.589197358874069,10.779936588182569,-0.2888485177337412,18.75846501480861,2.606266461856071,10.533823754309656,0.0,0.4705882352941176,43.0,6.0,8.0,1.0,1.0,2.0,2.0,1.0,3.0,8.0,5.0,9.0,12.0,1.0,1.0,2.0,5.0,5.135420000000004,174.2676999999996,0.0,0.0,0.0,0.0,0.0,0.0,0.0,0.0,0.0,0.0,2.0,2.0,0.0,0.0,0.0,0.0,4.0,1.0,0.0,0.0,0.0,0.0,0.0,0.0,0.0,1.0,0.0,1.0,1.0,0.0,2.0,0.0,0.0,1.0,1.0,0.0,0.0,0.0,0.0,0.0,0.0,0.0,0.0,0.0,0.0,0.0,0.0,0.0,0.0,0.0,0.0,0.0,0.0,0.0,0.0,0.0,0.0,0.0,0.0,0.0,0.0,0.0,0.0,0.0,0.0,0.0,0.0,1.0,0.0,0.0,chembl_mpro_simfilter_potent,CHEMBL4523582,0.859375
26014184,CHEMBL5589927,Cc1ccc(OC2CNC2)cc1C(=O)N[C@H](C)c1cccc(-c2ccc(CNC3CCCC3)s2)c1,960.0,nM,=,6.02,CHEMBL5578428,Inhibition of N-terminal his-tagged SARS CoV-2 PL protease (1564 to 1878 residues) expressed in BL21 (DE3) cells using Z-RLRGG-AMC as substrate preincubated for 10 mins followed by substrate addition and measured for 15 mins by fluorescence based analysis,0.0009549925860214,13.12599517455592,13.12599517455592,0.0750143970043515,-0.1058125023425353,0.3662885193672536,17.2,489.6850000000003,454.40500000000026,489.24499836,184.0,0.2516570133885092,-0.4877528937802643,0.4877528937802643,0.2516570133885092,1.1142857142857143,1.9428571428571428,2.7142857142857144,32.133561377580975,10.026018944928882,2.2017931843069025,-2.277053224140608,2.3049496586341474,-2.498569785001705,7.150289873784014,0.0937190626683416,3.530437618861145,1.2293028013268723,1164.2385048453218,24.200095366003374,20.60269556997293,21.419192150900656,17.0468465311072,12.762865917807318,13.579362498735044,9.823688228159131,10.99201617400884,7.100964788387439,8.235272043365157,4.778958479560841,5.733913264384292,-2.6699999999999986,119105713.75568372,24.043389867736103,10.938623815166482,5.945211263405132,211.8431938625087,20.68722876581904,11.853478221032208,0.0,0.0,5.907179729351506,0.0,4.794537184071822,0.0,0.0,11.336785877934735,37.107111519698464,73.7113074626323,40.99385592598527,6.041840829147961,9.53140013787187,17.243965607286242,0.0,15.950365812018994,0.0,64.26316534304209,13.08951281182515,76.1648052849468,16.1901105186822,20.68722876581904,0.0,5.749511833283905,11.336785877934735,31.14249975807292,6.544756405912575,6.923737199690624,65.01090337340675,54.59730361615449,0.0,10.440598685398296,62.39,0.0,4.794537184071822,0.0,18.05298694624777,11.605292320844956,36.51068403441562,41.00103237080363,0.0,43.38336148270081,52.34856822278866,4.736862953800049,5.952732783969315,1.8472254595367936,15.759040768418988,10.09247602551035,3.9001795571894746,0.672967995241831,19.28716267792461,5.501214550615558,6.653666848259748,0.0,0.4137931034482758,35.0,3.0,5.0,1.0,1.0,2.0,2.0,1.0,3.0,5.0,3.0,6.0,9.0,1.0,1.0,2.0,5.0,5.597320000000005,143.19659999999988,0.0,0.0,0.0,0.0,0.0,0.0,0.0,0.0,0.0,0.0,1.0,1.0,0.0,0.0,0.0,0.0,3.0,0.0,0.0,0.0,0.0,0.0,0.0,0.0,0.0,1.0,0.0,0.0,1.0,0.0,2.0,0.0,0.0,0.0,1.0,0.0,0.0,0.0,0.0,0.0,0.0,0.0,0.0,0.0,0.0,0.0,0.0,0.0,0.0,0.0,0.0,0.0,0.0,0.0,0.0,0.0,0.0,0.0,0.0,0.0,0.0,0.0,0.0,0.0,0.0,0.0,0.0,1.0,0.0,0.0,chembl_mpro_simfilter_potent,CHEMBL4523582,0.859375
24708033,CHEMBL5201060,Cc1ccc(NC2CNC2)cc1C(=O)N[C@H](C)c1cccc(-c2ccc(C(=O)O)s2)c1,970.0,nM,=,6.01,CHEMBL5109230,Inhibition of SARS-CoV-2 PLpro,0.0009772372209558,12.989548076449232,12.989548076449232,0.1156717001666498,-0.9225024661347756,0.4443542915889026,14.516129032258064,435.54900000000015,410.3490000000002,435.16166265999993,160.0,0.3453787299194762,-0.4770495986439972,0.4770495986439972,0.3453787299194762,1.1290322580645162,1.935483870967742,2.6129032258064515,32.13356149282951,10.02206107472066,2.1844216020573777,-2.2886294288634734,2.2983039128363356,-2.510008404950329,7.168315714733673,0.0701512274812173,3.2229664761447103,1.4855933142310231,1120.7622429436522,21.957454678884098,17.437024990350526,18.253521571278252,14.901887240964331,10.227167093047504,11.043663673975232,7.818871672417708,8.902648628904533,5.4699889962938295,6.592303615543561,3.509825867017314,4.351043232408985,-3.159999999999999,9981162.981408363,21.08654927907059,8.91325481183568,4.7834403914150805,184.8665250667878,21.056893206859694,4.877147193701299,0.0,0.0,5.907179729351506,5.969305287951848,4.794537184071822,4.794537184071822,0.0,11.336785877934735,24.26546827384644,60.86966421678028,29.21749777190701,12.08368165829592,14.69560176298435,28.90065716992165,0.0,10.633577208012662,0.0,25.93115605767717,18.40630141583148,76.1648052849468,10.440598685398296,15.950365812018994,5.687386274683562,0.0,11.336785877934735,36.114366053117166,0.0,6.923737199690624,44.12215406577452,54.59730361615449,0.0,10.440598685398296,90.46,5.969305287951848,9.589074368143644,0.0,11.949020558499466,16.482439514546257,40.344400755300995,11.336785877934735,6.06636706846161,62.37841094707412,15.950365812018994,5.106527394840706,0.0,1.241860758100664,25.34814155937634,18.91792302813233,4.430722420824819,-1.0381741663014254,17.350270678537818,0.0,5.749255721329456,0.0,0.25,31.0,4.0,6.0,0.0,1.0,1.0,2.0,1.0,3.0,5.0,4.0,7.0,7.0,0.0,1.0,1.0,4.0,4.296420000000003,124.05490000000006,0.0,0.0,0.0,0.0,1.0,0.0,0.0,0.0,1.0,1.0,2.0,1.0,0.0,0.0,0.0,0.0,3.0,0.0,0.0,0.0,0.0,0.0,0.0,0.0,0.0,1.0,0.0,1.0,1.0,0.0,2.0,0.0,0.0,0.0,0.0,0.0,0.0,0.0,0.0,0.0,0.0,0.0,0.0,0.0,0.0,0.0,0.0,0.0,0.0,0.0,0.0,0.0,0.0,0.0,0.0,0.0,0.0,0.0,0.0,0.0,0.0,0.0,0.0,0.0,0.0,0.0,0.0,1.0,0.0,0.0,chembl_mpro_simfilter_potent,CHEMBL4523582,0.859375
26014179,CHEMBL5592351,Cc1ccc(NC2CNC2)cc1C(=O)N[C@H](C)c1cccc(-c2ccc(CNC(=O)C3CNC3)s2)c1,1140.0,nM,=,5.94,CHEMBL5578428,Inhibition of N-terminal his-tagged SARS CoV-2 PL protease (1564 to 1878 residues) expressed in BL21 (DE3) cells using Z-RLRGG-AMC as substrate preincubated for 10 mins followed by substrate addition and measured for 15 mins by fluorescence based analysis,0.0011481536214968,13.142167806392187,13.142167806392187,0.0725911009272093,-0.1397181604539878,0.3085104715450864,16.5,503.67200000000025,470.4080000000003,503.23549629600006,188.0,0.2515960963969782,-0.3797262858974603,0.3797262858974603,0.2515960963969782,1.0277777777777777,1.8333333333333333,2.5555555555555554,32.133561454987486,10.021831643213767,2.2416178614037667,-2.2886302832093137,2.30018397644583,-2.5100084216354346,7.150357195518977,-0.1260537430368916,3.2890255439972873,1.2204249167344705,1248.2419717059408,25.070338854006454,20.68848200759984,21.504978588527564,17.457530133630158,12.52294557319316,13.339442154120889,9.688757056852133,10.857085002701838,6.903974326335686,8.038281581313404,4.322562847206831,5.266353082345651,-3.199999999999999,114168223.82088758,24.49246219281664,10.820833333333336,5.613999885058417,215.62595298586507,26.583943020031658,0.0,0.0,5.907179729351506,5.907179729351506,0.0,9.589074368143644,0.0,0.0,11.336785877934735,24.26546827384644,60.86966421678028,47.18415777743345,24.546344110369887,9.589074368143644,28.838531611321308,0.0,21.267154416025324,5.917906046161393,32.475912463589744,31.49581422765663,76.1648052849468,10.440598685398296,26.583943020031658,5.687386274683562,0.0,11.336785877934735,44.035225911501264,11.339293589984395,12.841643245852016,39.327616881702696,54.59730361615449,0.0,10.440598685398296,94.29,0.0,9.589074368143644,0.0,23.77410633401237,18.150048726757532,58.31106076082744,0.0,11.336785877934735,44.179309741689295,50.8494112938781,0.0,0.0,1.6822717558330902,27.511592124750138,16.057721919645697,4.778968764102643,0.1424547261304278,18.70246928676853,0.0,7.95785475610281,0.0,0.3571428571428571,36.0,5.0,7.0,0.0,2.0,2.0,2.0,1.0,3.0,6.0,5.0,8.0,9.0,0.0,2.0,2.0,5.0,3.4338200000000016,145.30199999999988,0.0,0.0,0.0,0.0,0.0,0.0,0.0,0.0,0.0,0.0,2.0,2.0,0.0,0.0,0.0,0.0,5.0,0.0,0.0,0.0,0.0,0.0,0.0,0.0,0.0,2.0,0.0,1.0,1.0,0.0,2.0,0.0,0.0,0.0,0.0,0.0,0.0,0.0,0.0,0.0,0.0,0.0,0.0,0.0,0.0,0.0,0.0,0.0,0.0,0.0,0.0,0.0,0.0,0.0,0.0,0.0,0.0,0.0,0.0,0.0,0.0,0.0,0.0,0.0,0.0,0.0,0.0,1.0,0.0,0.0,chembl_mpro_simfilter_potent,CHEMBL4523582,0.859375
26112892,CHEMBL5614072,CSc1nc2cc3c(cc2n1C(=O)c1ccc(C)cc1)OCO3,66.07,nM,=,7.18,CHEMBL5610438,Inhibition of SARS-CoV-2 3CLpro using Dabcyl-KTSAVLQSGFRKM-Glu(Edans) as substrate preincubated for 1 hrs in presence of 2 mM GSH followed by substrate addition and measured after 30 mins by FRET assay,6.606934480075965e-05,12.950160147392287,12.950160147392287,0.1011895313681023,-0.1011895313681023,0.6748884269649417,12.782608695652174,326.37700000000007,312.26500000000004,326.07251330799994,116.0,0.2640040877540817,-0.4535107103491753,0.4535107103491753,0.2640040877540817,1.173913043478261,1.8695652173913044,2.5652173913043477,32.16642733952569,10.131454804582448,2.221517375961629,-2.068220932484984,2.369639331637996,-2.1256420926875936,7.9803819015703725,0.0954824160798212,3.151043576137862,1.9035712748950264,915.728334121248,15.97432701575866,12.698628749179672,13.5151253301074,11.16903509559602,7.146196872756281,8.37094174414787,5.299273656461466,6.072670318595441,3.80223198605713,4.441241636479827,2.603681134222759,3.157150107315574,-2.47,354782.2983245141,14.143261835899915,5.3120562716055035,2.2601943791849854,136.77460163433236,9.473725907600098,0.0,16.655460148388517,6.792942306099827,5.907179729351506,0.0,9.361636831863176,4.983978520947208,0.0,0.0,29.45807057801133,25.312240520125247,17.696185628620217,11.033401435232523,14.26826309167192,28.70246611397514,0.0,9.551078168738565,0.0,12.080173681511331,13.048711489611232,47.52510539416365,11.49902366656781,9.473725907600098,0.0,11.49902366656781,11.761884949391115,28.5069693877013,0.0,6.923737199690624,15.921440167465814,41.55463889259037,0.0,11.033401435232523,53.35000000000001,0.0,4.794537184071822,0.0,12.700122035451331,22.218911640085512,16.596852926929518,11.761884949391115,4.567099647791355,49.57770879397168,4.983978520947208,9.473725907600098,12.440157336350518,1.4340268067103383,17.492488819601913,0.6474522864701437,3.1912973081411944,1.2049189213998024,11.16020345175107,1.9035925820945665,2.1925291541471195,0.0,0.1764705882352941,23.0,0.0,5.0,0.0,1.0,1.0,2.0,1.0,3.0,5.0,0.0,6.0,2.0,0.0,0.0,0.0,4.0,3.4838200000000032,88.54450000000003,0.0,0.0,0.0,0.0,0.0,2.0,0.0,0.0,0.0,0.0,1.0,1.0,0.0,0.0,0.0,2.0,0.0,0.0,0.0,0.0,0.0,0.0,0.0,0.0,0.0,0.0,0.0,0.0,1.0,0.0,2.0,2.0,0.0,0.0,2.0,0.0,0.0,0.0,0.0,0.0,1.0,0.0,0.0,0.0,0.0,0.0,0.0,0.0,0.0,0.0,0.0,0.0,0.0,0.0,0.0,0.0,0.0,0.0,0.0,0.0,0.0,1.0,0.0,0.0,0.0,0.0,0.0,0.0,0.0,0.0,chembl_mpro_simfilter_potent,CHEMBL4523582,0.859375
25455351,CHEMBL5396631,C#C[C@H](C[C@@H]1CCNC1=O)NC(=O)[C@@H]1[C@@H]2[C@H](CN1C(=O)COc1ccc(OC(F)(F)F)cc1)C2(C)C,2800.0,nM,=,5.55,CHEMBL5319883,Inhibition of C-terminal recombinant SARS-CoV-2 main protease using ALNDFSNSGSDVLYQPPQTSITSAVLQ/SGFRKMAFPS-NH2 and AcSGFRXMAFPS-NH2 as substrate preincubated for 15 mins followed by substrate addition and measured for 30 mins by SPE-MS analysis,0.0028183829312644,13.28774995958396,13.28774995958396,0.0338384758828556,-4.805310840422245,0.5257005485795564,26.88888888888889,507.5090000000003,479.28500000000025,507.19810565599994,194.0,0.5725963322844713,-0.4837746839039279,0.5725963322844713,0.4837746839039279,1.2777777777777777,1.9444444444444444,2.5277777777777777,19.422455992881513,9.968976393167797,2.689210580724641,-2.3062522129373297,2.6440205356717636,-2.5269169675687415,5.9031571654457915,-0.2742135672032786,3.164833822722036,1.3719733630897897,1066.1834796713272,26.250347897697548,19.93138506467595,19.93138506467595,16.90203389596013,11.7272599259325,11.7272599259325,9.992632867742843,9.992632867742843,7.4177955954137005,7.4177955954137005,5.388831174452881,5.388831174452881,-3.419999999999999,71269677.73266557,25.66631049711502,9.55982633593,5.371189963000169,206.41485622964737,25.007212846463236,17.54086449571577,6.606881964512918,11.814359458703011,5.907179729351506,6.362358859030383,14.383611552215466,0.0,0.0,19.59459503864472,19.767908718236892,54.357914081418016,19.007418857986544,6.041840829147961,37.028582602840025,17.721539188054518,0.0,15.533486938863138,23.16870860788096,45.13515816255958,19.696394776338067,24.26546827384644,23.84280788104371,20.10730311561276,13.17124514302446,11.49902366656781,0.0,60.763884212569366,14.383611552215466,35.512492822356855,26.689117645233267,24.26546827384644,0.0,0.0,96.97,30.102732079961715,27.554856695239927,0.0,47.33946186438079,25.93115605767717,12.13273413692322,17.032643867773697,0.0,13.847474399381248,21.290874480668354,11.160212849420308,46.225193603141776,0.0,39.66875609872902,5.589301075352861,-0.1062142046582428,1.3152740083515828,3.3314605386132117,1.7939648589789057,4.6822640214908855,0.0,0.56,36.0,2.0,8.0,1.0,2.0,3.0,1.0,0.0,1.0,5.0,2.0,11.0,8.0,1.0,2.0,3.0,4.0,2.0911999999999993,121.37940000000005,0.0,0.0,0.0,0.0,0.0,0.0,0.0,0.0,0.0,0.0,3.0,3.0,0.0,0.0,0.0,1.0,2.0,0.0,0.0,1.0,0.0,0.0,0.0,3.0,0.0,3.0,0.0,0.0,0.0,0.0,1.0,1.0,0.0,0.0,2.0,0.0,0.0,3.0,0.0,0.0,0.0,0.0,0.0,0.0,0.0,0.0,0.0,0.0,0.0,0.0,0.0,0.0,0.0,0.0,0.0,0.0,1.0,0.0,0.0,0.0,0.0,0.0,0.0,0.0,1.0,0.0,0.0,0.0,0.0,0.0,chembl_mpro_simfilter_potent,CHEMBL4523582,0.859375
25455352,CHEMBL5435034,CC1(C)[C@@H]2[C@@H](C(=O)N[C@H](C#N)C[C@@H]3CCNC3=O)N(C(=O)COc3ccc(C(F)(F)F)cc3)C[C@@H]21,160.0,nM,=,6.8,CHEMBL5319883,Inhibition of C-terminal recombinant SARS-CoV-2 main protease using ALNDFSNSGSDVLYQPPQTSITSAVLQ/SGFRKMAFPS-NH2 and AcSGFRXMAFPS-NH2 as substrate preincubated for 15 mins followed by substrate addition and measured for 30 mins by SPE-MS analysis,0.0001584893192461,13.211350378548389,13.211350378548389,0.0771841584174739,-4.471068803001666,0.6057426454491662,27.428571428571427,492.49800000000016,465.2820000000002,492.198440004,188.0,0.4159140545582208,-0.4837790072955159,0.4837790072955159,0.4159140545582208,1.3142857142857145,2.0,2.5714285714285716,19.413190341493305,9.971468863911898,2.689377300305464,-2.3040972512303286,2.644028275466226,-2.526915002914339,5.902855851519087,-0.1416869549131426,3.157802668221054,1.3936599714317015,1050.334335209838,25.543241116511,19.393000100522425,19.393000100522425,16.428907349497813,11.503943298623804,11.503943298623804,9.957994777346869,9.957994777346869,7.496780043100298,7.496780043100298,5.366704800323884,5.366704800323884,-3.289999999999999,47043592.61161526,24.822564483545225,9.05631855755214,4.922511692913327,200.3297231753533,20.270349892663187,17.833193491579827,6.606881964512918,11.814359458703011,5.907179729351506,6.176298517443475,14.383611552215466,0.0,18.433136697762947,0.0,13.847474399381248,54.35791408141802,19.007418857986544,11.63267280448927,32.291719649039976,17.721539188054518,5.261891554738487,15.533486938863138,23.16870860788096,44.949097820972675,19.696394776338067,29.828919765543436,11.81873314607618,15.370440161812713,13.17124514302446,5.749511833283905,0.0,54.40152535353898,20.55991006965894,34.499821475411714,32.25256913693026,24.26546827384644,0.0,0.0,111.53000000000002,42.24467309065233,32.81674824997841,0.0,41.24622179344237,19.51033443475116,24.26546827384644,4.899909730850477,0.0,19.91669571217352,10.633577208012662,4.736862953800049,43.58209075786321,0.0,39.42923132476736,14.948059875220777,-0.9606549177227282,-1.241109758217102,4.413579574883825,-3.6762253477658655,4.505028490970529,0.0,0.5833333333333334,35.0,2.0,8.0,1.0,2.0,3.0,1.0,0.0,1.0,5.0,2.0,11.0,7.0,1.0,2.0,3.0,4.0,2.1017800000000006,116.47840000000004,0.0,0.0,0.0,0.0,0.0,0.0,0.0,0.0,0.0,0.0,3.0,3.0,0.0,0.0,0.0,2.0,2.0,0.0,0.0,1.0,0.0,0.0,0.0,3.0,0.0,3.0,0.0,0.0,0.0,0.0,1.0,1.0,0.0,0.0,1.0,0.0,0.0,3.0,0.0,0.0,0.0,0.0,0.0,0.0,0.0,0.0,0.0,1.0,0.0,0.0,0.0,0.0,0.0,0.0,0.0,0.0,1.0,0.0,0.0,0.0,0.0,0.0,0.0,0.0,0.0,0.0,0.0,0.0,0.0,0.0,chembl_mpro_simfilter_potent,CHEMBL4523582,0.859375
24875067,CHEMBL5173274,[2H][C@](C(=O)N[C@@H](C)c1ccc(F)cc1)(c1cccnc1)N(C(=O)C(C)=O)c1ccc2c(c1)oc1ccccc12,8.0,nM,=,8.1,CHEMBL5154233,Inhibition of SARS-CoV-2 main protease,7.943282347242822e-06,13.933313903525391,13.933313903525391,0.0630639539766519,-2.439488260582009,0.2853256471726151,13.921052631578949,510.5431017780003,485.3450000000004,510.18136121399993,190.0,0.2945579663797418,-0.4559854639319745,0.4559854639319745,0.2945579663797418,0.9473684210526316,1.6842105263157894,2.3947368421052633,19.142148069487305,10.019460122903116,2.3539436133472917,-2.3113683661877156,2.3470018829663513,-2.462075794905577,6.408883077477343,-0.1359826321121159,3.312360909756362,1.6533819175472333,1704.5608956179026,27.73347556082299,21.642989132898613,20.642989132898613,18.695432999677337,12.432289955592209,11.932289955592209,8.812440800614104,8.812440800614104,6.216070060105613,6.216070060105613,4.323384345923325,4.323384345923325,-4.849999999999999,684847842.3688586,23.542707272286908,10.256662041789925,4.757303109100996,218.84226069793175,9.733939541059678,23.001153592680023,0.0,11.690424675716445,5.907179729351506,0.0,24.26749980401315,4.39041504767482,0.0,0.0,36.39820241076966,48.88539110215728,47.40707760668853,7.412599385318181,24.56193609311385,45.22347939196559,0.0,10.300767124953538,0.0,25.907207696878853,4.899909730850477,108.20058285766702,0.0,10.216698334856808,10.077801322358384,0.0,0.0,22.581582926015155,14.383611552215466,5.817220841045894,38.40486923644306,95.67360997028048,0.0,21.93848871221407,92.51,35.47455854361145,20.144785156060504,0.0,11.250837766380558,16.729491774981483,22.596095359470695,54.858256622457425,19.056471336613843,24.26546827384644,10.300767124953538,4.417150937053347,28.920629634734123,0.0,44.75370022795292,4.386090676316978,1.81737331780948,-3.234432589383627,17.745538222039954,2.773644716419615,2.7541224607772294,0.0,0.1333333333333333,38.0,1.0,7.0,0.0,0.0,0.0,3.0,2.0,5.0,5.0,1.0,8.0,7.0,0.0,0.0,0.0,5.0,5.6608000000000045,141.82269999999983,0.0,0.0,0.0,0.0,0.0,1.0,0.0,0.0,0.0,0.0,3.0,3.0,0.0,0.0,0.0,2.0,1.0,0.0,0.0,0.0,0.0,0.0,0.0,0.0,0.0,2.0,0.0,1.0,0.0,0.0,3.0,3.0,0.0,0.0,0.0,1.0,0.0,1.0,0.0,0.0,0.0,0.0,1.0,1.0,0.0,0.0,0.0,0.0,0.0,0.0,0.0,0.0,0.0,1.0,0.0,0.0,0.0,0.0,0.0,1.0,0.0,0.0,0.0,0.0,0.0,0.0,0.0,0.0,0.0,0.0,chembl_mpro_simfilter_potent,CHEMBL4523582,0.859375
